symbol,name,CMP Rs.,P/E,Mar Cap Rs.Cr.,Div Yld %,NP Qtr Rs.Cr.,Qtr Profit Var %,Sales Qtr Rs.Cr.,Qtr Sales Var %,ROCE %
RELIANCE,Reliance Industries,1278.00,23.14,1729457.97,0.47,23196.00,2.02,309468.00,27.02,10.26
BHARTIARTL,Bharti Airtel,1898.20,44.49,1184484.53,1.26,9247.40,-16.49,55383.20,15.68,17.56
HDFCBANK,HDFC Bank,742.80,14.48,1144294.01,1.75,20382.69,18.37,90575.33,3.67,7.02
ICICIBANK,ICICI Bank,1432.90,18.33,1028038.57,0.84,16276.22,13.88,52240.85,6.44,7.18
SBIN,SBI,1015.00,11.25,936907.69,1.71,20507.98,0.22,131080.12,3.34,6.13
TCS,TCS,2254.30,15.19,815625.47,2.84,13420.00,8.45,72275.00,13.93,63.03
BAJFINANCE,Bajaj Finance,1012.80,32.80,630564.65,0.53,5553.30,21.99,21605.79,18.10,10.87
LICI,Life Insurance,421.30,9.28,532944.31,2.37,23467.18,23.26,276743.77,13.82,35.14
LT,Larsen & Toubro,3785.60,31.74,520796.04,1.00,6133.06,2.11,82762.16,11.25,14.57
HINDUNILVR,Hind. Unilever,2145.00,33.10,503987.33,1.91,2994.00,8.62,16351.00,7.64,28.42
SUNPHARMA,Sun Pharma.Inds.,1941.10,37.48,465734.91,0.82,2709.66,13.58,14611.79,12.76,20.53
MARUTI,Maruti Suzuki,13442.00,28.79,422619.94,1.04,3659.00,-6.45,52462.50,28.21,19.02
INFY,Infosys,1040.90,13.55,422353.38,4.61,7775.00,12.25,48211.00,14.03,39.95
TITAN,Titan Company,4677.00,80.63,415217.59,0.32,1179.00,31.00,26920.00,80.48,20.54
ADANIPOWER,Adani Power,213.66,28.90,412036.79,0.00,4866.60,41.98,18901.89,33.97,17.22
ADANIENT,Adani Enterp.,3026.40,,409597.36,0.04,-166.79,-121.16,32439.31,20.30,5.80
ADANIPORTS,Adani Ports,1768.30,31.43,407409.09,0.42,3308.30,11.43,10737.56,26.50,14.12
M&M,M & M,3161.40,22.73,393129.20,1.04,5259.91,48.85,54981.91,29.07,15.10
KOTAKBANK,Kotak Mah. Bank,384.75,19.11,382725.09,0.17,5480.46,22.55,18354.57,6.41,6.98
AXISBANK,Axis Bank,1227.30,13.75,381823.24,0.08,7670.37,22.24,35541.96,9.87,6.24
ITC,ITC,283.45,17.00,355147.78,5.12,5469.74,5.30,17824.68,-5.01,38.91
ULTRACEMCO,UltraTech Cem.,11846.00,40.47,349076.95,2.03,2603.72,15.75,24648.20,15.85,12.78
HCLTECH,HCL Technologies,1271.00,19.02,344906.83,4.25,4626.00,20.32,34579.00,13.94,30.40
NTPC,NTPC,347.20,12.13,336668.25,2.40,6896.44,11.82,50740.96,7.81,8.33
ONGC,O N G C,248.76,7.51,312947.03,4.92,13677.87,47.80,173805.19,3.61,14.15
HAL,Hind.Aeronautics,4573.40,33.55,305857.56,0.98,4196.04,5.52,13942.40,1.77,31.96
BAJAJ-AUTO,Bajaj Auto,11130.00,25.95,305856.67,1.35,3188.75,45.93,21688.83,65.14,28.24
JSWSTEEL,JSW Steel,1240.80,25.20,303431.93,0.57,4696.00,112.96,47364.00,9.77,10.96
BAJAJFINSV,Bajaj Finserv,1876.70,30.21,300375.22,0.08,5226.26,5.05,38493.79,5.19,10.58
BEL,Bharat Electron,405.00,48.84,296046.04,0.59,2226.35,4.62,10224.43,11.75,36.53
NESTLEIND,Nestle India,1443.50,74.13,278352.17,0.83,975.12,48.61,6378.18,25.16,84.14
ETERNAL,Eternal,280.00,624.04,270209.82,0.00,92.00,268.00,20211.00,182.00,2.97
POWERGRID,Power Grid Corpn,288.20,16.83,268043.40,3.12,4546.33,9.74,11665.61,-4.97,9.74
COALINDIA,Coal India,427.40,8.47,263395.01,6.20,10907.79,12.86,46490.03,22.91,35.34
DMART,Avenue Super.,4018.80,85.71,262124.61,0.00,860.44,11.34,18794.53,14.88,17.19
ASIANPAINT,Asian Paints,2637.90,56.96,253026.79,1.04,1185.49,43.83,9246.70,10.62,26.34
SHRIRAMFIN,Shriram Finance,1005.10,20.90,236494.85,1.07,3452.77,59.89,13400.43,16.16,11.49
ADANIGREEN,Adani Green,1395.10,118.52,229797.55,0.00,983.00,16.89,4431.00,16.61,7.39
TATASTEEL,Tata Steel,182.67,20.15,228036.59,2.19,2965.00,116.55,63270.13,12.54,12.52
HINDZINC,Hindustan Zinc,531.95,13.29,224765.84,2.07,5425.00,146.14,13687.00,77.22,69.25
HINDALCO,Hindalco Inds.,942.80,12.56,211868.52,0.53,2597.00,-22.12,78133.00,20.41,13.21
GRASIM,Grasim Inds,3089.40,42.01,210242.54,0.32,3802.23,30.85,51101.11,15.44,8.01
EICHERMOT,Eicher Motors,7628.00,37.67,209386.72,1.07,1519.95,11.58,6080.09,16.01,30.52
ADANIENSOL,Adani Energy Sol,1702.20,70.05,204482.33,0.00,1236.56,124.22,9711.08,42.41,9.65
IOC,I O C L,138.47,4.64,195536.79,5.06,15176.08,77.99,208289.26,6.67,18.78
INDIGO,Interglobe Aviat,4985.00,,192753.30,0.20,-238.00,-110.92,24584.10,19.94,7.12
DIVISLAB,Divi's Lab.,7248.50,73.36,192424.90,0.41,751.00,13.44,2831.00,9.52,21.97
TORNTPHARM,Torrent Pharma.,4961.50,86.11,188719.51,0.77,364.00,-20.58,4197.00,41.84,15.19
SBILIFE,SBI Life Insuran,1858.60,71.69,186466.10,0.15,724.93,21.97,46336.78,18.82,14.95
TVSMOTOR,TVS Motor Co.,3870.20,53.15,183868.21,0.31,1057.61,67.11,16295.52,33.46,17.37
WIPRO,Wipro,177.12,13.27,175422.10,6.21,3356.30,0.65,24478.60,10.59,17.84
VAML,Vedanta Aluminium Metal,435.60,,170336.50,0.00,,,,,
SOLARINDS,Solar Industries,18494.00,95.93,167352.31,0.06,556.03,69.95,3052.75,40.90,38.08
PIDILITIND,Pidilite Inds.,1570.90,64.93,159884.69,0.73,584.15,32.82,3583.38,14.08,31.02
DLF,DLF,645.20,38.20,159707.11,1.24,1268.56,-3.22,1814.06,-42.00,6.32
HYUNDAI,Hyundai Motor I,1952.60,29.21,158656.78,1.08,1255.63,-22.22,18916.15,5.44,38.42
ABB,A B B,7375.50,102.60,156293.02,0.53,1783.65,-25.23,3184.06,5.78,29.93
CUMMINSIND,Cummins India,5600.50,64.03,155245.86,1.18,649.46,18.00,3011.18,21.89,39.50
JIOFIN,Jio Financial,234.71,75.00,154982.34,0.21,830.25,174.44,2004.47,227.28,1.86
VBL,Varun Beverages,457.20,48.59,154646.29,0.33,878.72,20.08,6574.19,18.09,19.71
ICICIAMC,ICICI AMC,3125.60,44.32,154485.44,0.87,964.63,23.10,1564.22,17.55,115.10
TRENT,Trent,2890.50,89.29,154130.80,0.14,413.10,25.83,5027.99,19.23,28.34
MOTHERSON,Samvardh. Mothe.,145.55,36.03,153619.91,0.41,1561.56,55.33,34309.31,17.03,13.43
TECHM,Tech Mahindra,1559.50,28.73,152844.23,3.27,1486.30,28.45,15711.90,17.68,23.12
TMCV,Tata Motors,406.15,37.79,149572.87,0.98,1793.00,34.91,26098.00,19.37,35.90
CHOLAFIN,Cholaman.Inv.&Fn,1724.40,28.07,147032.36,0.12,1645.20,30.62,8416.71,19.46,9.71
BHEL,B H E L,417.30,59.74,145306.50,0.34,376.71,182.70,7697.72,40.29,9.14
TATACAP,Tata Capital,341.90,29.75,145132.07,0.17,1466.27,42.82,8160.10,9.12,8.58
BSE,BSE,3549.70,58.18,144578.95,0.28,795.47,61.47,1563.51,84.67,58.03
IDEA,Vodafone Idea,13.13,,142254.40,0.00,51970.00,23.08,11332.00,2.88,-1.60
POWERINDIA,Hitachi Energy,31070.00,134.73,138486.34,0.03,330.46,79.71,2754.05,46.21,29.02
CGPOWER,CG Power & Ind,867.70,107.38,136663.96,0.15,308.28,16.26,3280.81,13.99,26.71
PFC,Power Fin.Corpn.,411.90,5.25,135931.19,4.50,8597.61,10.81,28919.52,-1.18,9.71
BPCL,B P C L,310.15,8.68,134558.75,5.64,-1872.70,-154.52,151277.03,34.41,25.69
POLYCAB,Polycab India,8907.50,46.85,134193.25,0.53,796.66,32.46,8209.73,39.01,33.21
SIEMENS,Siemens,3689.80,46.84,131401.34,0.49,370.40,-9.59,4617.50,14.60,21.44
UNIONBANK,Union Bank (I),170.50,6.30,130152.98,2.93,5641.52,27.41,27427.10,1.21,6.30
BRITANNIA,Britannia Inds.,5379.50,51.17,129575.10,1.68,679.68,21.14,4718.92,6.47,56.00
BANKBARODA,Bank of Baroda,246.45,5.77,127448.22,3.45,1839.26,64.60,35114.52,6.84,5.63
PNB,Punjab Natl.Bank,110.38,5.74,126859.11,2.72,5834.77,174.29,33589.17,3.12,6.13
GROWW,Billionbrains,202.15,51.98,126820.76,0.00,735.04,94.28,1501.42,66.01,37.32
APOLLOHOSP,Apollo Hospitals,8805.50,64.74,126609.58,0.23,551.30,35.86,6605.50,18.12,17.89
BOSCHLTD,Bosch,41755.00,59.00,123160.97,0.65,570.00,2.98,5565.70,13.34,21.54
LTM,LTM,4091.80,21.64,121371.51,1.83,1468.60,16.92,11608.00,17.96,29.60
HDFCLIFE,HDFC Life Insur.,555.05,61.05,120583.22,0.38,611.19,11.46,33758.51,14.58,10.30
MUTHOOTFIN,Muthoot Finance,2986.70,11.32,119906.59,1.00,3397.48,126.67,9288.71,65.23,15.77
TATAPOWER,Tata Power Co.,374.40,31.11,119633.51,0.67,1415.52,1.65,14900.20,-12.84,10.53
SBIFUNDS,SBI Funds Mgt.,587.30,39.00,119622.89,0.00,,,,,56.50
TMPV,Tata Motors PVeh,323.80,1.38,119242.03,0.93,5878.00,-24.63,105447.00,7.19,2.73
BAJAJHLDNG,Bajaj Holdings,10679.00,14.70,118846.59,1.36,2576.96,49.23,60.54,-58.32,11.00
ENRIN,Siemens Ener.Ind,3240.20,85.58,115390.17,0.12,374.60,52.21,2394.10,27.38,67.75
IRFC,I R F C,87.62,16.34,114506.25,2.40,1684.31,0.15,7336.05,9.11,5.64
LODHA,Lodha Developers,1144.10,27.71,114310.36,0.37,1373.10,103.36,4996.70,43.10,16.41
CANBK,Canara Bank,125.65,6.35,113972.73,3.34,4575.11,-9.78,31838.54,1.09,6.52
CIPLA,Cipla,1410.60,31.84,113954.66,0.92,785.55,-39.19,7119.28,2.33,15.49
GMRAIRPORT,GMR Airports,107.12,543.85,113107.75,0.00,400.49,203.18,3938.16,37.54,11.65
GAIL,GAIL (India),170.02,14.74,111789.84,4.41,1481.46,-40.41,35576.55,-2.37,9.68
INDIANB,Indian Bank,826.10,8.70,111272.69,2.21,3357.44,20.47,18095.14,11.11,6.32
MARICO,Marico,855.60,63.39,111089.94,0.47,408.00,13.99,3333.00,22.09,47.05
ZYDUSLIFE,Zydus Lifesci.,1108.70,20.38,110593.25,0.09,1341.00,21.92,7587.00,16.22,21.14
LLOYDSME,Lloyds Metals,1940.50,29.37,109232.09,0.05,1530.10,603.14,6019.72,404.46,27.29
GODREJCP,Godrej Consumer,1059.50,54.70,108419.16,1.89,451.77,19.47,3900.44,10.99,18.75
LUPIN,Lupin,2370.50,19.06,108386.97,0.76,1468.67,101.49,7474.66,31.89,29.93
ABCAPITAL,Aditya Birla Cap,393.85,27.61,107761.58,0.00,1164.72,29.46,13459.25,10.19,8.72
TATACONSUM,Tata Consumer,1088.00,65.28,107674.13,0.92,427.19,27.78,5348.88,11.93,9.24
HDFCAMC,HDFC AMC,2505.70,36.42,107441.10,2.16,838.36,12.09,1098.50,13.51,42.88
UNITDSPR,United Spirits,1467.20,57.58,106716.92,1.16,463.00,-20.54,2708.00,-10.36,26.39
GVT&D,GE Vernova T&D,4157.40,83.21,106450.23,0.24,351.77,86.32,1637.08,42.04,76.43
JINDALSTEL,Jindal Steel,1035.80,34.22,105660.73,0.19,843.80,-43.45,15482.13,25.93,9.70
AMBUJACEM,Ambuja Cements,425.15,21.14,105642.00,0.47,1857.43,102.92,10915.47,9.37,5.61
MAXHEALTH,Max Healthcare,1080.40,70.88,105149.26,0.19,342.22,7.28,2142.89,12.21,14.71
INDUSTOWER,Indus Towers,394.60,14.57,104101.90,0.00,1792.90,0.78,8101.00,4.84,19.49
LGEINDIA,LG Electronics,1527.20,61.52,103662.12,0.00,692.73,-8.19,8053.55,8.12,32.23
INDHOTEL,Indian Hotels Co,727.45,53.28,103547.58,0.45,390.81,20.76,2339.19,14.61,17.06
MANKIND,Mankind Pharma,2507.20,51.44,103546.35,0.04,559.42,34.23,3442.93,11.81,13.53
VEDL,Vedanta,264.65,5.97,103488.42,16.44,9352.00,70.89,24609.00,47.48,16.08
BHARATFORG,Bharat Forge,2151.60,91.14,102865.55,0.40,233.45,2.05,4528.04,17.53,12.61
JSWENERGY,JSW Energy,551.65,50.42,101144.08,0.36,532.70,-36.62,5207.13,1.24,8.16
HEROMOTOCO,Hero Motocorp,5011.10,17.45,100268.57,3.69,1473.92,25.72,12978.28,30.18,35.22
LENSKART,Lenskart Solut.,555.90,192.14,96655.48,0.00,203.62,-8.50,2515.71,45.62,8.44
SHREECEM,Shree Cement,26740.00,57.35,96479.92,0.56,527.53,-8.47,6101.00,10.29,10.27
DRREDDY,Dr Reddy's Labs,1151.70,29.83,96129.61,0.69,435.60,-68.67,8099.80,-5.51,13.04
RECLTD,REC Ltd,361.60,5.93,95217.38,4.98,4192.76,-6.11,14434.92,-2.05,9.71
OFSS,Oracle Fin.Serv.,10652.00,27.18,92752.83,3.76,1415.50,120.52,3125.20,68.73,45.28
MAZDOCK,Mazagon Dock,2293.80,35.82,92527.30,0.75,674.16,108.79,3850.39,21.29,35.98
NYKAA,FSN E-Commerce,322.80,441.53,92446.30,0.00,78.75,286.49,2648.17,28.44,17.20
IDBI,IDBI Bank,84.93,9.80,91320.15,2.47,2130.57,5.35,7549.28,7.44,5.92
AUROPHARMA,Aurobindo Pharma,1532.00,25.08,88978.81,0.26,920.84,1.97,8853.34,5.62,12.80
ASHOKLEY,Ashok Leyland,151.07,24.44,88736.32,2.32,1381.32,9.51,17246.44,17.36,13.63
FEDERALBNK,Federal Bank,354.30,18.68,87481.09,0.34,1302.49,36.78,7861.58,9.94,6.39
LAURUSLABS,Laurus Labs,1601.20,79.12,86504.76,0.12,362.07,125.49,2026.31,29.10,17.76
MEESHO,Meesho,185.24,,85625.02,0.00,-132.84,38.48,3712.81,48.28,-35.59
DIXON,Dixon Technolog.,13846.00,58.85,84657.39,0.06,297.97,13.15,10510.51,2.12,41.97
ICICIGI,ICICI Lombard,1661.80,34.18,82983.45,0.81,403.17,-46.03,7088.22,10.83,21.88
PAYTM,One 97,1283.20,101.32,82212.63,0.00,220.00,57.59,2448.00,27.63,5.01
PERSISTENT,Persistent Systems,5200.50,42.55,82037.89,0.77,529.26,33.73,4055.94,25.10,34.36
NTPCGREEN,NTPC Green Ene.,96.32,133.72,81162.41,0.00,304.84,38.26,1106.86,62.72,3.53
HINDPETRO,H P C L,381.10,48.52,81091.32,6.36,-12264.67,-398.34,140584.25,26.85,22.23
BHARTIHEXA,Bharti Hexacom,1607.60,47.29,80380.00,1.12,446.70,-1.09,2413.70,5.45,21.37
NHPC,NHPC Ltd,79.39,21.18,79747.53,2.41,1549.42,71.05,2815.53,19.96,5.73
SRF,SRF,2664.70,35.25,78988.32,0.34,758.87,75.53,5033.26,31.81,14.61
ID,Manipal Health,,83.17,78880.90,,571.83,,4713.05,,17.09
WAAREEENER,Waaree Energies,2702.00,19.80,77723.39,0.07,1126.26,70.64,8480.25,111.80,38.78
INDUSINDBK,IndusInd Bank,996.05,58.69,77605.52,0.15,1037.05,71.68,11309.94,-7.78,5.68
HAVELLS,Havells India,1226.90,46.21,76995.54,0.82,289.71,-16.49,6518.19,19.48,24.90
LTF,L&T Finance Ltd,302.40,23.66,75771.16,0.91,915.99,28.72,5212.92,22.38,8.40
NAUKRI,Info Edg.(India),1165.50,53.09,75573.42,0.72,755.75,16.23,869.01,15.93,5.43
AUBANK,AU Small Finance,1004.00,28.49,75258.74,0.10,831.87,65.15,5019.15,17.53,7.66
JSWINFRA,JSW Infrast,322.70,48.50,75189.15,0.28,357.60,-9.89,1444.83,18.06,13.69
DABUR,Dabur India,423.20,39.76,75073.67,1.95,362.00,15.14,3038.02,7.35,20.28
NMDC,NMDC,83.56,9.86,73464.43,3.95,2027.17,37.19,11343.13,61.94,27.58
OIL,Oil India,449.75,11.05,73156.69,2.56,2424.46,60.26,9293.27,5.51,11.56
ICICIPRULI,ICICI Pru Life,500.55,45.16,72619.95,0.33,623.91,61.94,3185.46,-79.69,10.14
TORNTPOWER,Torrent Power,1434.10,31.59,72264.81,1.39,331.49,-69.97,6406.07,-0.78,13.66
YESBANK,Yes Bank,22.95,19.08,72032.62,0.00,1071.81,32.54,8054.49,5.92,5.98
PHOENIXLTD,Phoenix Mills,2010.70,57.94,71914.27,0.12,485.41,50.04,1233.20,21.34,12.83
ATGL,Adani Total Gas,652.85,118.14,71801.10,0.04,133.03,-17.97,1743.48,27.10,15.09
FORTIS,Fortis Health.,948.70,67.78,71622.88,0.11,271.19,22.42,2364.67,17.81,13.45
SUZLON,Suzlon Energy,52.28,22.53,71276.26,0.00,1114.35,-5.74,5493.25,44.94,35.07
POLICYBZR,PB Fintech.,1537.20,106.17,71125.46,0.00,261.16,53.87,2061.33,36.70,10.31
NAM-INDIA,Nippon Life Ind.,1112.50,43.45,71121.67,1.93,503.70,27.16,766.87,26.42,43.80
BIOCON,Biocon,433.65,181.76,70671.69,0.12,198.60,-62.05,4516.60,2.25,3.61
BAJAJHFL,Bajaj Housing,84.19,27.28,70149.93,0.00,669.19,14.06,2902.61,15.92,8.85
IDFCFIRSTB,IDFC First Bank,80.79,42.54,69615.97,0.31,318.94,4.89,10552.77,12.11,5.99
MCX,Multi Comm. Exc.,2730.00,52.28,69612.77,0.22,529.77,291.09,888.94,205.13,71.37
SWIGGY,Swiggy,251.42,,69399.80,0.00,-800.00,25.99,6383.00,44.74,-24.06
PRESTIGE,Prestige Estates,1592.80,57.39,68606.71,0.11,291.80,900.40,4073.80,166.54,10.38
ASTERDM,Aster DM Health.,785.65,167.78,68482.95,0.64,153.58,41.97,1182.38,18.20,11.40
ALKEM,Alkem Lab,5633.50,27.65,67356.94,0.80,251.11,2.04,3603.32,14.62,21.23
SAIL,S A I L,161.45,13.81,66687.33,0.99,1644.05,134.30,26245.67,1.25,7.79
OBEROIRLTY,Oberoi Realty,1821.20,25.01,66219.24,0.44,543.51,29.02,1300.89,31.73,17.28
COFORGE,Coforge,1484.70,40.02,65726.30,1.02,666.20,151.04,4450.50,30.05,23.50
IOB,I O B,33.88,11.33,65241.33,0.00,1659.24,49.34,8777.57,18.85,6.07
UNOMINDA,Uno Minda,1127.00,53.63,65080.55,0.24,351.76,22.39,5336.41,17.85,19.65
BANKINDIA,Bank of India,142.62,5.51,64930.15,3.26,3303.98,49.81,20096.90,8.83,5.93
SCHAEFFLER,Schaeffler India,4107.70,49.73,64204.86,0.85,336.73,13.67,2681.41,17.50,27.90
NATIONALUM,Natl. Aluminium,343.90,10.90,63161.77,3.05,1722.44,-16.68,5012.82,-4.84,39.59
GICRE,General Insuranc,357.50,6.49,62719.80,2.80,2532.59,1.35,13018.27,-1.44,17.35
MAHABANK,Bank of Maha,81.03,8.27,62324.67,2.72,2023.32,34.50,8034.65,13.90,6.03
GLENMARK,Glenmark Pharma.,2192.00,20.96,61858.42,0.11,301.31,51.88,3770.59,15.80,39.77
GODREJPROP,Godrej Propert.,2028.70,37.98,61109.71,0.49,645.44,70.53,3458.13,62.99,7.63
ABBOTINDIA,Abbott India,28005.00,38.47,59510.63,1.87,394.93,7.60,1709.51,6.54,44.80
KALYANKJIL,Kalyan Jewellers,573.55,42.98,59232.81,0.26,409.50,118.27,10274.94,66.22,20.52
JSL,Jindal Stain.,714.25,18.19,58884.17,0.42,834.21,47.20,11337.19,11.17,19.30
SBICARD,SBI Cards,618.75,25.88,58882.88,0.40,664.44,19.51,5040.55,3.36,10.10
COROMANDEL,Coromandel Inter,1980.80,31.29,58436.86,0.56,381.56,-24.59,8164.77,15.94,22.05
BERGEPAINT,Berger Paints,497.95,51.32,58061.11,0.80,335.25,17.33,2868.03,6.07,21.55
HDBFS,HDB FINANC SER,691.50,20.80,57420.55,0.58,785.20,38.31,4937.90,10.58,9.09
LINDEINDIA,Linde India,6731.00,104.33,57401.97,0.06,85.20,-27.74,614.33,3.79,18.23
COLPAL,Colgate-Palmoliv,2086.10,42.22,56738.92,2.44,353.32,3.01,1595.35,9.08,108.02
APARINDS,Apar Inds.,13889.00,46.29,55797.99,0.37,467.45,77.80,6591.06,29.13,31.12
MRF,MRF,130755.00,22.41,55455.07,0.18,702.25,35.50,8044.22,13.70,15.73
RADICO,Radico Khaitan,4091.30,89.16,54816.22,0.22,179.46,94.92,1503.71,15.31,24.15
RBLBANK,RBL Bank,352.90,62.40,54648.61,0.28,253.70,26.64,3840.25,11.60,5.77
THERMAX,Thermax,4514.00,97.21,53787.15,0.31,244.40,17.86,3428.04,12.53,13.94
TIINDIA,Tube Investments,2767.00,81.04,53560.35,0.13,234.01,81.73,6214.74,20.68,17.14
MOTILALOFS,Motil.Oswal.Fin.,871.95,26.51,52504.18,0.69,1273.71,9.56,3425.76,25.16,12.66
FACT,F A C T,809.30,,52367.53,0.02,3.16,-94.51,1483.85,40.88,4.93
MFSL,Max Financial,1515.50,629.55,52302.14,0.00,-31.52,-184.35,10801.94,-12.72,2.95
543225,Altius Telecom,171.00,48.67,52110.54,9.20,309.80,85.40,6021.20,1.38,8.60
KRT,Knowledge Realty,116.69,143.49,51745.01,4.07,107.37,,1196.55,,5.22
UPL,UPL,602.45,28.19,50841.06,1.00,1294.00,-0.46,18335.00,17.74,10.11
APLAPOLLO,APL Apollo Tubes,1822.80,42.07,50611.57,0.32,354.35,20.89,6269.16,13.81,31.64
VMM,Vishal Mega Mart,108.04,56.74,50609.27,0.00,258.77,25.57,3727.01,18.68,14.79
TATACOMM,Tata Comm,1775.30,48.63,50599.02,0.99,129.72,-25.37,6582.82,10.45,14.63
FLUOROCHEM,Gujarat Fluoroch,4573.70,85.43,50242.09,0.07,109.00,-41.93,1369.00,11.76,9.86
M&MFIN,M & M Fin. Serv.,356.50,14.78,49552.47,2.10,927.48,75.43,5717.91,14.57,8.72
SUNDARMFIN,Sundaram Finance,4447.80,23.44,49416.77,0.90,554.17,1.41,2560.40,13.34,9.44
ATHERENERG,Ather Energy,1208.70,,47637.93,0.00,-100.23,57.23,1174.66,73.75,-19.77
AEGISLOG,Aegis Logistics,1349.60,54.49,47370.96,0.64,454.62,45.69,2594.39,52.16,13.33
PIRAMALFIN,Piramal Finance.,2085.40,105.30,47271.37,0.53,460.98,66.80,3368.27,27.62,6.47
RVNL,Rail Vikas,224.53,53.52,46814.96,0.77,181.66,-58.92,6695.91,4.18,10.80
HINDCOPPER,Hindustan Copper,483.15,47.20,46721.77,0.30,444.06,133.05,1156.08,58.06,42.40
KEI,KEI Industries,4868.00,50.67,46538.37,0.09,284.31,25.50,3476.40,19.27,20.07
PREMIERENE,Premier Energies,1019.30,30.65,46271.28,0.10,456.84,64.44,2230.30,37.60,33.32
BDL,Bharat Dynamics,1243.00,108.40,45563.72,0.37,113.18,-58.51,480.20,-72.98,13.84
AIIL,Authum Invest,531.10,21.55,45102.37,0.04,1114.81,18.43,1448.22,19.65,13.76
PAGEIND,Page Industries,40275.00,56.87,44922.23,2.23,178.73,8.98,1252.60,14.07,64.39
GODREJIND,Godrej Industrie,1332.20,45.44,44875.30,0.00,840.92,143.11,7693.72,33.12,8.17
360ONE,360 ONE,1102.30,35.54,44851.39,1.09,330.53,16.11,1226.09,34.52,12.13
IPCALAB,Ipca Labs.,1762.70,37.94,44720.44,0.34,306.69,80.90,2388.48,6.31,16.98
SONACOMS,Sona BLW Precis.,717.95,57.50,44706.54,0.47,220.11,73.37,1157.24,50.82,15.11
SUPREMEIND,Supreme Inds.,3458.90,47.10,43937.32,1.04,433.57,47.50,3527.66,16.54,20.73
VOLTAS,Voltas,1327.30,111.80,43918.33,0.30,113.43,-51.80,4887.83,2.52,9.04
MPHASIS,Mphasis,2288.10,22.56,43673.52,2.71,489.51,10.82,4384.05,17.46,22.09
JKCEMENT,J K Cements,5649.00,44.70,43648.83,0.35,274.62,-14.47,4031.72,20.26,15.10
ANTHEM,Anthem Bioscienc,769.90,73.08,43360.39,0.26,119.94,-11.67,418.22,-22.58,30.37
AIAENG,AIA Engineering,4583.00,33.60,42768.73,0.35,393.33,37.88,1266.27,9.44,21.09
GLAXO,Glaxosmi. Pharma,2514.30,44.27,42593.76,2.27,277.86,5.70,995.30,2.15,61.41
WELCORP,Welspun Corp,1596.90,18.24,42124.73,0.31,1047.88,198.64,4081.12,14.91,22.89
AJANTPHARM,Ajanta Pharma,3369.50,37.30,42097.06,0.83,266.70,18.40,1421.64,21.47,34.51
CPPLUS,Aditya Infotech,3543.40,113.56,41759.14,0.05,169.13,207.73,1422.03,45.49,28.56
EMBASSY,Embassy Off.REIT,437.98,151.21,41515.85,0.19,-430.02,-77.05,1204.68,10.95,5.61
PIIND,P I Industries,2731.20,34.49,41437.25,0.55,200.20,-39.02,1565.20,-12.42,14.99
PETRONET,Petronet LNG,274.70,10.53,41205.00,3.64,1370.74,25.19,9442.09,-23.33,22.74
NLCINDIA,NLC India,292.80,11.53,40600.72,1.23,1481.45,189.12,5042.46,31.45,10.45
POONAWALLA,Poonawalla Fin,459.70,51.44,40477.15,0.00,307.71,391.55,2330.22,77.34,7.51
NH,Narayana Hrudaya,1961.50,47.06,40085.37,0.23,223.99,12.47,2593.81,75.80,15.36
3MINDIA,3M India,35500.00,73.78,40008.50,0.45,215.34,159.73,1399.24,16.78,50.05
HSCL,Himadri Special,789.55,49.85,39836.08,0.10,228.43,26.33,1431.88,28.04,22.12
IRCTC,I R C T C,495.05,28.67,39604.00,1.72,326.57,-0.44,1459.72,15.07,46.09
ASTRAL,Astral,1468.10,71.55,39440.53,0.26,213.00,21.24,2088.50,24.21,19.86
GLAND,Gland Pharma,2379.80,37.60,39257.11,0.84,366.68,96.57,1742.79,22.31,15.14
HUDCO,H U D C O,195.54,9.70,39145.15,2.33,1981.31,172.26,3562.86,25.23,8.41
BALKRISIND,Balkrishna Inds,2013.50,37.76,38924.42,0.79,299.46,-18.75,2932.82,6.56,11.18
JBCHEPHARM,J B Chemicals &,2408.90,53.83,38676.99,0.91,101.37,-16.99,904.23,-4.77,25.45
NAVINFLUOR,Navin Fluo.Intl.,7520.00,59.53,38582.50,0.20,212.62,113.03,937.71,33.78,20.96
EXIDEIND,Exide Inds.,443.00,45.34,37655.00,0.45,216.73,15.19,4735.13,9.22,8.54
PWL,Physicswallah,128.05,,37145.85,0.00,-69.14,80.56,918.80,50.72,4.02
PATANJALI,Patanjali Foods,340.95,18.42,37099.06,1.03,524.02,93.24,11155.60,15.10,12.00
ENDURANCE,Endurance Tech.,2634.00,39.69,37050.59,0.44,276.45,17.32,4085.95,37.88,17.80
UBL,United Breweries,1398.60,108.18,36979.70,0.72,101.87,-58.32,2250.07,-3.14,10.68
MEDANTA,Global Health,1371.00,66.15,36862.32,0.04,141.65,4.71,1159.05,24.46,17.14
COCHINSHIP,Cochin Shipyard,1392.40,51.11,36631.37,0.70,276.48,-3.73,1484.28,-15.55,15.95
CONCOR,Container Corpn.,477.55,29.28,36371.06,1.93,268.90,0.08,2159.76,0.28,12.41
KPRMILL,K P R Mill Ltd,1061.50,43.17,36283.56,0.47,227.17,11.06,1784.65,0.89,19.58
LTTS,L&T Technology,3418.10,26.98,36255.31,1.70,357.10,17.38,2940.10,11.47,26.71
NUVAMA,Nuvama Wealth,1980.10,34.72,36142.53,1.40,268.79,5.38,1269.14,13.34,17.49
EMCURE,Emcure Pharma,1881.00,37.73,35678.84,0.16,243.73,21.01,2469.70,16.70,23.97
BAGMANE,Bagmane Prime REIT,104.63,39.69,35574.20,0.00,253.94,,623.27,,33.22
DELHIVERY,Delhivery,462.55,194.10,34647.52,0.00,72.40,-2.29,2850.00,30.04,2.82
STARHEALTH,Star Health Insu,580.80,61.37,34184.55,0.00,111.34,21731.37,4648.07,13.89,8.57
DALBHARAT,Dalmia BharatLtd,1810.80,30.92,33964.44,0.50,192.00,-15.27,3890.00,6.99,7.59
ANANDRATHI,Anand Rathi Wea.,2042.10,73.33,33907.29,0.32,163.22,76.97,312.95,18.21,57.47
IREDA,Indian Renewable,120.48,18.07,33845.62,0.50,492.75,-1.80,2174.95,14.22,8.69
HEXT,Hexaware Tech.,551.85,22.99,33718.92,2.08,351.60,7.46,3613.00,12.63,30.07
BLUESTARCO,Blue Star,1637.20,60.24,33663.25,0.52,227.18,10.41,4072.06,1.32,21.24
KIMS,Krishna Institu.,797.85,135.11,33510.22,0.00,33.10,-50.66,1074.60,34.85,9.29
ITCHOTELS,ITC Hotels,159.92,36.15,33310.96,0.63,181.91,35.42,936.02,14.77,11.23
GODFRYPHLP,Godfrey Phillips,2129.60,21.78,33217.88,1.49,521.46,77.36,1787.27,13.59,32.84
MANAPPURAM,Manappuram Fin.,352.95,33.39,33153.87,0.99,404.79,311.30,2613.83,10.71,8.25
HONAUT,Honeywell Auto,37345.00,61.70,33012.98,0.29,159.70,14.61,1180.70,5.94,16.95
KARURVYSYA,Karur Vysya Bank,338.90,11.93,32756.46,0.77,755.70,44.92,3049.42,18.72,7.62
NHIT,National High,168.00,47.47,32539.09,8.92,204.55,45.58,1145.46,77.05,4.42
ESCORTS,Escorts Kubota,2905.10,15.27,32501.61,1.14,320.52,17.12,2968.16,21.40,13.93
UCOBANK,UCO Bank,25.88,11.52,32452.38,1.70,656.32,8.05,6996.00,8.70,5.55
AEGISVOPAK,Aegis Vopak Term,292.64,104.42,32424.26,0.07,73.87,17.55,243.45,22.23,7.56
SCHNEIDER,Schneider Elect.,1352.60,145.11,32340.67,0.00,21.97,-71.64,589.69,0.48,29.63
MINDSPACE,Mindspace Busine,484.59,47.40,32079.54,8.77,208.74,127.77,889.95,30.67,7.64
TATAINVEST,Tata Inv.Corpn.,630.75,73.59,31912.98,0.54,63.83,69.22,39.98,143.34,1.57
CRISIL,CRISIL,4347.20,35.95,31791.08,0.58,216.46,26.16,1075.39,27.56,32.55
KIRLOSENG,Kirloskar Oil,2182.50,54.08,31756.75,0.32,155.22,42.90,2116.23,20.97,14.55
IKS,Inventurus Knowl,1759.80,41.87,30209.28,0.00,205.97,39.36,857.65,18.47,36.86
HFCL,HFCL,196.85,52.62,30129.91,0.05,245.64,809.06,1914.98,119.85,10.86
WOCKPHARMA,Wockhardt,1849.20,105.78,30048.05,0.00,164.00,687.64,965.00,29.88,7.55
MRPL,M R P L,169.75,10.69,29750.36,2.36,945.68,317.07,38254.19,120.41,18.03
LICHSGFIN,LIC Housing Fin.,538.95,5.29,29645.65,1.86,1492.63,8.68,7211.92,-1.25,8.59
TVSHLTD,TVS Holdings,14633.00,14.90,29605.64,0.64,1173.58,81.87,17076.18,34.01,16.95
LALPATHLAB,Dr Lal Pathlabs,1759.20,52.45,29490.84,0.80,170.50,28.02,797.70,19.10,28.00
ABSLAMC,Aditya AMC,1017.00,29.14,29418.12,2.51,309.49,11.68,462.96,3.48,32.23
GRSE,Garden Reach Sh.,2565.80,39.30,29391.75,0.54,303.20,24.14,2119.21,29.06,42.96
PGHH,P & G Hygiene,8974.50,34.01,29131.89,2.56,153.13,-1.90,941.32,-5.07,157.48
STLTECH,Sterlite Tech.,564.15,122.73,28992.30,0.00,197.00,1870.00,1910.00,87.44,7.75
TATATECH,Tata Technolog.,711.00,44.36,28870.29,1.17,180.75,6.15,1664.63,33.78,20.90
CUPID,Cupid,213.43,265.09,28699.09,0.00,36.26,213.94,132.04,116.07,33.46
SHYAMMETL,Shyam Metalics,1027.45,25.53,28679.40,0.44,350.73,18.11,5455.09,23.45,13.01
NIACL,New India Assura,173.20,37.10,28543.36,0.87,-239.15,-160.61,11899.69,1.54,4.29
CHOLAHLDNG,Chola Financial,1516.70,11.66,28480.21,0.09,1625.55,11.99,10366.20,16.30,9.75
RRKABEL,R R Kabel,2493.60,55.95,28203.99,0.38,167.95,30.06,2964.14,33.65,28.10
BIRET,Brookfield India,339.01,58.68,28133.79,7.41,53.86,-50.20,959.58,54.71,5.36
ANGELONE,Angel One,307.95,27.26,28131.82,1.32,231.40,102.15,1429.69,25.35,14.77
CENTRALBK,Central Bank,31.03,6.15,28086.50,3.87,1324.61,8.00,9725.90,12.79,5.64
CDSL,C D S L,1333.10,61.05,27861.79,0.96,79.79,-20.03,262.85,17.11,31.98
METROBRAND,Metro Brands,1021.90,67.74,27853.45,0.54,117.73,23.07,772.98,20.26,20.18
JUBLFOOD,Jubilant Food.,418.25,66.37,27598.03,0.29,82.42,66.39,2499.47,19.31,14.59
PNBHOUSING,PNB Housing,1058.00,12.03,27570.41,0.76,655.80,19.15,2181.53,7.90,9.40
BANDHANBNK,Bandhan Bank,165.93,19.75,26733.00,0.90,501.67,34.87,5630.55,2.83,6.41
ACUTAAS,Acutaas Chemical,3259.50,69.10,26685.89,0.05,74.99,67.67,329.67,59.08,31.56
APOLLOTYRE,Apollo Tyres,419.65,12.95,26652.01,1.43,630.97,254.71,7335.67,14.20,13.86
MSUMI,Motherson Wiring,40.11,42.59,26599.60,1.45,167.30,1.44,3334.62,32.88,38.86
PTCIL,PTC Industries,17732.00,261.76,26584.79,0.00,59.91,140.02,225.47,84.93,8.43
SJVN,SJVN,67.58,41.36,26557.56,2.16,-117.84,7.54,1496.47,196.68,5.57
ITI,ITI,275.15,,26501.32,0.00,435.91,65.61,627.65,-39.98,1.43
ZFCVINDIA,ZF Commercial,2320.60,53.74,26409.71,0.17,99.10,-17.53,1041.71,8.15,19.08
SAILIFE,Sai Life,1232.90,73.75,26173.84,0.00,104.24,17.84,602.14,3.91,19.55
SUMICHEM,Sumitomo Chemi.,520.45,46.86,25978.04,0.25,110.61,12.40,671.49,1.01,23.48
ACMESOLAR,ACME Solar Hold.,365.85,52.04,25861.00,0.05,138.31,0.86,547.86,12.52,8.89
DATAPATTNS,Data Pattern,4584.50,103.85,25665.85,0.22,138.38,21.30,344.85,-12.96,21.92
AMBER,Amber Enterp.,7261.50,129.34,25609.69,0.00,161.96,-19.47,4147.52,10.49,10.25
GILLETTE,Gillette India,7828.50,38.99,25513.08,2.30,192.51,21.32,792.00,3.20,90.62
NBCC,NBCC,93.84,38.28,25336.80,0.71,253.52,-0.95,4559.80,-1.81,30.95
NXST,Nexus Select,166.28,68.61,25191.42,5.47,12.18,-89.34,652.37,12.41,5.83
ACC,ACC,1340.90,13.25,25180.39,0.56,147.00,-56.33,5808.00,-4.59,11.25
RUBICON,Rubicon Research,1520.20,101.89,25141.49,0.10,76.79,111.83,513.92,43.49,28.35
GUJENERGY,Gujarat Energy,265.45,13.99,24905.34,2.19,151.80,-27.01,5791.85,41.20,18.49
SYRMA,Syrma SGS Tech.,1288.30,77.39,24842.35,0.12,119.23,55.84,1465.01,58.49,16.73
CEMPRO,Cemindia Project,1441.00,42.07,24754.59,0.21,242.17,113.63,2973.49,17.42,32.76
AWL,AWL Agri Busine.,188.16,23.08,24454.75,0.53,293.06,53.50,21464.78,17.75,18.28
CREDITACC,CreditAcc. Gram.,1517.60,20.09,24328.65,0.00,493.39,719.72,1783.49,21.92,9.98
CRAFTSMAN,Craftsman Auto,9284.00,63.52,24281.78,0.12,116.42,56.46,2226.40,27.28,13.91
PPLPHARMA,Piramal Pharma,181.27,,24133.35,0.08,-8.83,-25.01,2751.77,-0.08,2.52
NEULANDLAB,Neuland Labs.,18546.00,65.89,23794.31,0.18,212.67,664.72,776.25,136.40,26.47
GODIGIT,Go Digit General,256.20,48.11,23688.33,0.00,86.39,-37.55,2427.02,8.54,13.10
IRB,IRB Infra.Devl.,19.61,26.93,23684.96,0.79,296.26,37.98,1927.00,-10.34,7.48
IIFL,IIFL Finance,556.55,11.26,23674.58,0.72,713.13,189.30,3919.15,32.73,10.87
NETWEB,Netweb Technol.,4156.00,114.98,23664.55,0.06,70.59,65.67,773.70,86.59,37.50
TIMKEN,Timken India,3127.00,59.04,23520.90,0.08,154.79,-17.15,1073.14,14.19,18.26
FORCEMOT,Force Motors,17620.00,21.97,23216.57,0.23,278.54,56.59,2549.84,8.23,36.08
CGCL,Capri Global,238.23,24.15,22921.39,0.08,282.82,59.12,1384.98,44.67,11.67
EMMVEE,Emmvee Photovol.,331.00,17.99,22916.62,0.00,380.29,102.64,1555.52,51.34,44.83
ASAHIINDIA,Asahi India Glas,888.30,64.06,22645.18,0.23,132.61,43.17,1354.06,14.77,11.76
DEEPAKNTR,Deepak Nitrite,1649.60,40.81,22499.40,0.45,219.83,8.56,2120.33,-2.72,11.37
PFOCUS,Prime Focus,289.29,95.65,22463.10,0.00,117.70,-24.77,1384.47,41.42,11.50
GRINDWELL,Grindwell Norton,2011.60,51.05,22272.44,0.94,115.31,22.30,803.30,14.19,21.18
KPIL,Kalpataru Proj.,1299.90,22.69,22198.72,0.85,430.60,73.61,7777.90,10.06,18.28
BELRISE,Belrise Industri,228.26,45.78,22076.21,0.24,136.27,22.69,2106.96,17.11,13.85
TATAELXSI,Tata Elxsi,3538.00,31.27,22041.58,2.12,170.60,18.17,1021.11,14.46,30.00
TENNIND,Tenneco Clean,539.95,34.95,21792.61,0.00,166.79,18.87,1552.45,17.09,60.76
CUB,City Union Bank,219.75,16.47,21772.55,0.91,359.56,24.86,1855.62,21.07,6.74
AADHARHFC,Aadhar Hsg. Fin.,495.00,19.52,21648.19,0.00,310.92,26.99,984.56,18.25,11.38
CESC,CESC,163.18,14.03,21630.66,3.68,459.00,17.69,4096.00,5.65,10.63
RAMCOCEM,The Ramco Cement,914.80,729.68,21616.03,0.27,150.72,307.09,2610.32,8.89,6.13
THANGAMAYL,Thangamayil Jew.,6906.50,60.74,21466.80,0.26,142.66,354.33,2839.17,105.63,25.49
KAYNES,Kaynes Tech,3176.20,58.21,21291.55,0.00,91.22,-21.47,1242.64,26.22,13.24
KIOCL,KIOCL,348.75,1279.14,21195.32,0.00,53.39,244.77,220.33,-10.60,1.38
PFIZER,Pfizer,4623.60,27.88,21151.92,1.62,199.82,-2.64,629.23,6.31,24.06
ANANTRAJ,Anant Raj,586.55,38.04,21108.58,0.17,148.71,23.57,646.81,19.64,12.07
IGL,Indraprastha Gas,149.33,13.49,20906.22,2.85,338.75,-25.18,4162.69,5.45,17.90
GRANULES,Granules India,833.55,31.77,20655.11,0.21,179.96,36.62,1476.77,22.04,15.51
GESHIP,GE Shipping Co,1437.90,8.26,20528.49,2.44,1044.09,187.56,1511.40,23.58,15.79
EIHOTEL,EIH,326.40,28.55,20411.89,0.46,249.10,-11.57,895.22,8.19,20.67
INDIGRID,IndiGrid Trust,179.27,50.26,20402.33,12.18,185.18,60.05,2239.57,156.15,7.99
AFFLE,Affle 3i,1445.30,44.74,20349.30,0.00,119.51,15.95,724.38,20.28,16.84
CARBORUNIV,Carborundum Uni.,1064.30,78.83,20274.22,0.38,-40.01,-17.82,1398.35,14.89,10.52
REDINGTON,Redington,259.05,12.72,20251.87,2.32,287.58,61.68,33213.03,25.62,18.39
ASTRAZEN,Astrazeneca Phar,8005.50,104.61,20013.75,0.45,44.88,-26.63,578.61,20.42,29.26
URBANCO,Urban Company,129.76,,20011.34,0.00,-161.16,-5574.65,425.56,42.59,-7.82
SANSERA,Sansera Enginee.,3184.70,64.12,19873.66,0.10,103.97,74.30,885.85,27.54,13.65
DEEPAKFERT,Deepak Fertilis.,1573.20,26.94,19859.73,0.64,139.39,-49.72,3011.38,12.90,11.58
SUNDRMFAST,Sundram Fasten.,940.60,32.75,19764.67,0.85,161.36,29.71,1693.30,10.63,17.60
HATSUN,Hatsun Agro,886.85,54.07,19754.43,1.13,133.69,-9.72,3090.49,21.92,15.28
GABRIEL,Gabriel India,1363.50,54.37,19585.85,0.34,108.13,1.99,1425.68,15.50,40.45
TRITURBINE,Triveni Turbine,611.80,53.83,19448.81,0.65,101.90,8.52,679.60,26.32,35.86
ERIS,ERIS Lifescience,1400.60,30.71,19409.31,0.52,279.10,200.10,756.56,7.27,14.14
HBLENGINE,HBL Engineering,698.60,23.11,19364.84,0.29,63.73,44.18,604.12,27.03,58.45
SUNTV,Sun TV Network,486.90,12.85,19187.98,3.08,232.34,-32.40,882.51,-6.30,16.51
KAJARIACER,Kajaria Ceramics,1214.90,36.72,19091.31,0.74,156.56,117.94,1373.35,12.40,23.27
J&KBANK,J & K Bank,172.57,8.05,19003.11,1.25,798.56,37.23,3273.34,1.87,5.84
ONESOURCE,OneSource Speci.,1653.90,,18961.27,0.00,25.00,1046.67,449.02,37.20,0.57
BAYERCROP,Bayer Crop Sci.,4217.50,27.50,18954.33,3.56,162.10,13.12,1100.80,5.20,29.14
AETHER,Aether Industri.,1427.50,83.74,18944.78,0.00,54.01,4.78,305.12,27.03,11.92
SAGILITY,Sagility,40.42,18.41,18921.93,0.37,216.81,52.97,1963.48,27.59,13.37
CAMS,Cams Services,761.45,42.67,18899.55,1.64,125.44,10.88,395.22,10.96,47.00
IFCI,IFCI,70.12,102.36,18892.53,0.00,34.06,-93.52,470.43,13.74,5.03
ATUL,Atul,6407.50,23.72,18864.80,0.47,253.93,91.99,1847.95,25.03,14.90
CAPLIPOINT,Caplin Point Lab,2467.10,29.24,18752.85,0.24,172.88,19.32,600.16,19.45,24.63
SAMMAANCAP,Sammaan Capital,160.64,,18659.03,0.00,-8101.41,-594.46,1357.66,-35.58,4.92
SHRIPISTON,SPR Auto Technologies,4159.90,32.41,18324.29,0.24,159.10,7.65,1455.80,47.29,20.78
ELGIEQUIP,Elgi Equipments,577.30,46.99,18295.16,0.47,128.00,25.49,1112.60,12.06,22.07
CASTROLIND,Castrol India,184.79,18.75,18277.99,4.74,242.18,3.74,1545.24,8.67,60.27
INOXINDIA,Inox India,2004.00,69.92,18189.01,0.10,75.24,11.19,460.65,24.70,33.48
CHENNPETRO,C P C L,1214.80,4.33,18089.76,5.10,1031.35,2671.95,27369.27,84.77,35.11
JYOTICNC,Jyoti CNC Auto.,795.05,53.81,18081.27,0.00,90.57,-16.89,599.16,4.08,21.32
JSWCEMENT,JSW Cement,132.12,27.58,18012.78,0.38,361.65,998.10,1894.99,10.86,11.07
FSL,Firstsour.Solu.,253.58,23.98,17928.82,2.17,205.24,27.72,2583.45,19.52,16.80
ZYDUSWELL,Zydus Wellness,563.05,78.28,17914.04,0.21,162.00,-5.76,1484.70,62.60,4.91
GMDCLTD,G M D C,562.55,31.82,17889.09,1.80,194.09,-24.66,814.05,3.53,10.80
MTARTECH,MTAR Technologie,5805.00,181.94,17855.94,0.00,44.34,212.25,306.03,67.14,15.20
CHALET,Chalet Hotels,814.40,27.61,17834.88,0.12,163.01,31.64,558.22,6.94,17.07
EMAMILTD,Emami,407.90,22.70,17804.84,2.45,143.17,-11.71,925.10,-3.94,29.56
VTL,Vardhman Textile,614.60,23.87,17791.18,0.81,189.26,-22.17,2497.98,-0.42,8.86
CHOICEIN,Choice Intl.,797.15,81.59,17758.63,0.00,67.84,16.70,306.71,21.23,17.96
CMPDI,Central Mine Pla,248.43,27.13,17737.90,0.43,116.27,53.88,481.37,17.62,38.07
SARDAEN,Sarda Energy,502.25,16.11,17698.35,0.30,155.15,45.61,1253.57,1.19,17.39
CENTURYPLY,Century Plyboard,792.20,65.61,17600.54,0.13,79.42,48.92,1492.21,24.52,11.45
ECLERX,eClerx Services,1861.50,24.79,17507.54,0.03,189.65,24.45,1107.29,23.27,34.81
TATACHEM,Tata Chemicals,685.35,64.43,17459.98,1.61,-2116.00,-1619.44,3438.00,-2.02,3.42
TDPOWERSYS,TD Power Systems,1113.60,72.85,17397.60,0.19,72.19,36.16,589.19,69.21,34.02
ABDL,Allied Blenders,620.75,77.84,17363.01,0.87,45.42,-12.98,978.94,6.08,18.38
AARTIIND,Aarti Industries,477.80,42.07,17331.08,0.21,137.00,42.71,2205.00,13.13,6.85
CHAMBLFERT,Chambal Fert.,431.00,8.84,17268.11,2.55,169.24,29.84,2785.03,13.73,25.51
ASTRAMICRO,Astra Microwave,1813.40,89.22,17217.33,0.12,105.98,44.21,488.24,19.71,20.25
504375,IDream Film,635.00,,17180.13,0.00,-2.62,-4266.67,0.01,,
OLAELEC,Ola Electric,37.08,,17162.14,0.00,-500.00,42.53,265.00,-56.63,-19.56
BRIGADE,Brigade Enterpr.,525.45,26.28,17138.20,0.38,190.70,-41.82,1457.60,-0.19,10.54
CLEANMAX,Clean Max Enviro,1456.90,269.87,17080.02,0.00,45.40,151.79,557.46,25.13,6.16
VERTIS,Vertis Infra.,113.00,25.65,17062.82,8.52,230.35,54.74,1055.49,50.57,11.03
TRAVELFOOD,Travel Food,1286.30,38.41,16937.93,0.00,122.60,17.45,460.68,25.67,42.37
POLYMED,Poly Medicure,1664.00,51.54,16866.22,0.21,65.04,-27.81,534.51,21.25,14.04
PSB,Pun. & Sind Bank,23.77,12.18,16866.21,1.64,331.51,23.16,3213.37,10.40,5.95
LMW,LMW,15763.00,92.18,16839.61,0.22,55.52,369.17,860.72,24.00,5.58
PINELABS,Pine Labs,145.67,146.32,16808.25,0.00,59.36,284.05,700.51,17.02,4.16
RATNAMANI,Ratnamani Metals,2394.50,34.30,16783.53,0.42,115.90,-52.04,1084.82,-36.75,17.91
NATCOPHARM,Natco Pharma,921.45,11.63,16504.08,0.65,269.00,-34.11,739.10,-39.47,17.14
PGEL,PG Electroplast,572.45,83.51,16415.41,0.04,64.86,-55.34,1716.68,-10.11,10.31
SYNGENE,Syngene Intl.,406.65,45.55,16415.21,0.31,148.20,-11.82,960.00,1.22,9.91
JINDALSAW,Jindal Saw,255.35,24.99,16329.84,0.78,90.79,-75.43,4452.31,9.00,10.43
BHARATCOAL,Bharat Coking,34.99,,16294.84,0.00,-68.09,-138.50,3587.27,-3.56,4.05
544467,N S D L,810.05,42.66,16201.00,0.25,90.32,8.18,458.26,26.01,23.22
MINDACORP,Minda Corp,676.45,44.77,16172.53,0.21,124.00,135.63,1703.81,28.95,12.76
GPIL,Godawari Power,240.15,19.86,16164.43,0.42,280.22,32.53,1610.27,9.69,20.37
CROMPTON,Crompton Gr. Con,250.15,45.99,16107.53,1.20,-536.81,-31.74,2083.30,10.90,18.98
GRWRHITECH,Garware Hi Tech,6903.00,47.42,16037.32,0.17,108.21,39.09,596.69,8.90,18.02
NIVABUPA,Niva Bupa Health,86.64,122.51,16021.76,0.00,345.13,67.47,2138.56,28.00,3.15
KPITTECH,KPIT Technologi.,583.20,23.63,15988.07,1.46,162.97,-33.38,1711.00,11.95,26.31
ARE&M,Amara Raja Ener.,872.90,24.90,15976.28,1.21,322.33,12.37,3459.92,16.34,13.43
ZENTEC,Zen Technologies,1768.70,82.81,15969.66,0.06,47.24,-68.80,178.08,-45.20,16.18
COHANCE,Cohance Life,417.10,80.86,15956.88,0.00,8.31,-86.64,619.12,-26.33,8.35
BASF,BASF India,3670.20,38.75,15886.70,0.68,63.58,93.19,3453.04,8.28,14.54
THELEELA,Leela Palaces Hotels,474.70,38.82,15852.98,0.00,171.72,46.17,484.42,14.06,8.72
BIKAJI,Bikaji Foods,630.70,57.22,15813.94,0.20,63.61,31.29,667.31,14.15,21.97
CCL,CCL Products,1183.60,40.72,15804.36,0.42,114.53,12.43,1224.44,46.49,15.82
FIVESTAR,Five-Star Bus.Fi,535.20,14.38,15798.46,0.37,269.27,-3.53,816.95,8.60,14.76
AZAD,Azad Engineering,2439.00,118.54,15751.49,0.00,36.81,42.42,161.54,27.27,11.92
NAVA,Nava,554.80,20.59,15714.99,1.53,136.23,-45.71,1142.85,12.24,12.80
CIEINDIA,CIE Automotive,413.75,17.51,15696.12,1.69,235.62,15.49,2620.55,10.62,14.74
DCMSHRIRAM,DCM Shriram,1005.80,18.53,15684.68,1.11,370.80,92.98,3193.34,11.00,11.51
APLLTD,Alembic Pharma,797.60,21.45,15677.87,1.50,201.53,40.82,1847.72,4.41,12.64
KANSAINER,Kansai Nerolac,193.19,26.98,15623.55,1.29,109.89,15.06,1953.71,7.54,11.99
DIACABS,Diamond Power,295.15,105.40,15553.55,0.00,57.21,638.19,714.62,114.08,24.20
WELSPUNLIV,Welspun Living,162.00,71.33,15538.27,0.06,106.16,-21.33,2435.43,-7.95,6.25
TBOTEK,TBO Tek,1429.00,64.04,15517.19,0.00,60.10,16.86,814.36,82.54,18.00
JBMA,JBM Auto,656.05,69.09,15515.21,0.13,83.82,11.95,1852.27,12.55,14.78
JUBLPHARMA,Jubilant Pharmo,965.35,35.20,15378.03,0.52,119.30,-17.45,2290.00,18.73,8.99
AEQUS,Aequs,229.23,,15373.67,0.00,-53.72,-739.04,367.10,47.26,1.55
ABREL,A B Real Estate,1374.20,,15349.22,0.18,5.39,-509.00,82.61,-79.07,-4.48
FINCABLES,Finolex Cables,998.90,21.40,15277.11,0.80,224.43,17.07,1951.08,22.36,16.01
HAPPYFORGE,Happy Forgings,1615.50,50.99,15246.88,0.25,83.56,23.55,423.84,20.42,18.03
AGARWALEYE,Dr Agarwal's Hea,478.90,114.60,15182.38,0.00,49.96,14.88,564.11,22.57,11.12
USHAMART,Usha Martin,495.70,29.98,15106.05,0.76,148.03,56.00,979.26,9.28,20.18
KSB,KSB,866.05,54.76,15072.67,0.51,39.80,-22.87,601.30,0.99,24.70
KFINTECH,KFin Technolog.,857.75,42.31,14824.29,1.40,75.21,-2.65,356.54,30.10,29.19
RAINBOW,Rainbow Child.,1457.80,59.76,14806.38,0.24,78.22,38.63,459.90,24.26,17.35
FINEORG,Fine Organic,4828.50,35.94,14804.17,0.23,117.49,20.97,625.32,3.05,21.47
APOLLO,Apollo Micro Sys,394.30,129.76,14652.17,0.06,36.79,168.71,293.26,81.28,14.47
HONASA,Honasa Consumer,448.60,71.83,14625.45,0.00,69.44,176.98,657.08,23.15,19.22
IGIL,International Gemological Instit,338.15,23.97,14613.48,0.74,165.74,30.99,370.78,23.22,68.01
KIRLOSBROS,Kirl. Brothers,1836.10,36.99,14580.27,0.38,112.10,-6.26,1415.10,10.44,20.35
SOBHA,Sobha,1362.30,63.16,14567.46,0.44,50.85,273.35,1278.15,50.03,6.86
MAHSCOOTER,Mah. Scooters,12672.00,46.63,14482.28,1.74,4.01,-0.25,6.03,-9.32,1.06
VENTIVE,Ventive Hospital,617.75,33.52,14427.03,0.00,259.23,82.23,778.79,11.58,10.81
BEML,BEML Ltd,1713.20,100.93,14269.07,0.62,179.81,-37.47,1794.17,8.57,7.71
ANURAS,Anupam Rasayan,1249.60,83.63,14226.48,0.06,56.00,-4.31,635.78,27.12,7.36
PARADEEP,Paradeep Phosph.,136.07,13.77,14126.39,0.73,155.60,-10.48,4701.97,12.11,17.13
PRIVISCL,Privi Speci.,3595.20,42.92,14043.82,0.28,94.11,40.86,721.52,17.60,22.30
CANHLIFE,Canara HSBC,147.31,106.56,13994.45,0.00,28.14,20.15,4350.86,19.81,8.35
SPLPETRO,Supreme Petroch.,741.60,42.96,13945.15,1.42,168.04,59.18,1587.02,3.12,18.79
APTUS,Aptus Value Hou.,277.15,14.72,13879.47,1.62,260.95,26.04,574.34,18.66,15.41
DEVYANI,Devyani Intl.,112.30,,13845.91,0.00,-9.84,7.80,1436.86,18.50,4.66
BBOX,Black Box,778.45,50.35,13825.21,0.13,64.76,1.93,1690.94,9.48,22.20
ARVIND,Arvind Ltd,527.20,32.45,13820.06,0.71,164.56,2.75,2553.09,14.97,13.84
UJJIVANSFB,Ujjivan Small,70.72,15.19,13760.90,0.00,316.54,206.67,2024.92,25.08,7.73
INGERRAND,Ingersoll-Rand,4354.30,52.13,13745.65,1.72,64.81,-20.32,299.63,-7.05,57.11
VEDPOWER,Vedanta Power,35.01,22.24,13690.27,0.00,-1454.27,21353.07,1525.63,8.07,7.03
SHAILY,Shaily Engineer.,2969.70,84.67,13659.21,0.07,48.68,64.85,224.07,10.23,30.17
VIJAYA,Vijaya Diagnost.,1313.90,78.23,13532.87,0.15,47.93,34.56,219.38,26.63,21.29
FRACTAL,Fractal Analyt.,786.75,40.74,13529.36,0.00,72.30,84.21,912.50,19.99,12.59
ALIVUS,Alivus Life,1101.20,23.15,13516.07,0.45,162.66,14.65,689.12,6.09,24.98
SKFINDUS,SKF India Indus.,2731.20,36.35,13502.50,0.37,118.97,-1.93,945.72,31.24,29.89
EIDPARRY,EID Parry,758.00,20.59,13489.04,0.00,-287.17,-90.86,7882.33,15.73,16.96
DOMS,DOMS Industries,2221.00,58.56,13478.88,0.14,58.20,17.13,603.98,18.72,24.33
VINATIORGA,Vinati Organics,1300.10,27.63,13477.57,0.58,137.51,7.79,610.55,-5.84,21.33
CEATLTD,CEAT,3328.60,21.15,13464.22,1.05,4.00,-96.69,4318.00,22.36,19.15
JSWDULUX,JSW Dulux,2943.90,37.12,13406.61,1.70,125.70,15.96,883.30,-12.92,22.73
VOGL,Vedanta Oil and Gas,34.23,,13385.26,0.00,,,,,
AVANTIFEED,Avanti Feeds,977.05,23.91,13311.88,1.02,138.86,-12.84,1467.72,6.19,24.38
INOXWIND,Inox Wind,76.97,32.84,13302.25,0.00,105.68,-51.16,1244.24,-2.40,10.48
AMAGI,Amagi Media Labs,609.05,183.84,13176.12,0.00,34.26,423.21,396.97,28.51,8.00
GRAPHITE,Graphite India,672.75,72.15,13143.89,1.04,-105.00,-333.10,816.00,22.52,4.58
GRAVITA,Gravita India,1775.70,34.60,13106.17,0.36,91.81,-3.42,1172.76,13.08,17.02
CONCORDBIO,Concord Biotech,1248.50,54.21,13061.33,0.60,90.02,-36.58,325.89,-24.19,17.43
LTFOODS,L T Foods,375.60,20.86,13042.82,0.80,135.67,-15.48,2906.70,30.44,17.74
LLOYDSENGG,Lloyds Engineeri,88.42,68.11,12931.93,0.28,46.49,156.60,495.02,113.41,17.08
CORONA,Corona Remedies,2113.00,64.75,12923.13,0.47,45.05,43.75,353.09,20.23,33.29
BALRAMCHIN,Balrampur Chini,610.15,34.06,12890.47,0.57,159.57,-30.36,1603.99,6.67,9.28
SCI,S C I,275.10,9.47,12814.16,2.40,404.60,118.54,1513.21,14.19,14.31
TRIDENT,Trident,25.12,32.39,12801.04,1.99,158.09,12.95,1786.83,4.68,9.79
SWANDEF,Swan Defence,2427.70,,12789.65,0.00,-142.22,-588.38,236.28,4712.22,-7.55
CARTRADE,Cartrade Tech,2656.40,55.95,12756.84,0.00,70.85,54.50,203.14,19.84,11.84
WABAG,Va Tech Wabag,2041.20,34.06,12740.65,0.24,128.00,28.94,1414.40,22.33,21.33
TMB,T N Merc. Bank,804.50,9.53,12739.37,1.55,373.65,28.01,1550.38,15.56,7.51
NUVOCO,Nuvoco Vistas,356.05,30.64,12716.54,0.00,159.63,19.98,3128.71,8.91,7.07
VGUARD,V-Guard Industri,290.80,39.49,12704.79,0.52,112.13,23.04,1755.27,14.12,18.38
ENGINERSIN,Engineers India,225.21,18.30,12657.76,1.78,195.53,-30.12,926.29,-8.31,30.63
INDIACEM,India Cements,407.00,93.43,12612.82,0.00,26.85,526.14,1019.42,-0.52,1.24
GALLANTT,Gallantt Ispat L,521.20,25.97,12575.56,0.24,122.83,5.61,1204.81,12.37,18.23
SHADOWFAX,Shadowfax Technologies,214.48,108.99,12553.94,0.00,55.27,648.31,1205.81,73.62,9.66
KEC,KEC International,469.90,19.22,12508.74,1.17,192.79,-28.12,6389.75,-7.02,14.50
PCBL,PCBL Chemical,317.90,58.24,12508.18,1.89,40.22,-56.62,2066.06,-1.03,7.75
HEG,HEG,643.15,35.05,12411.35,0.53,122.34,22.57,680.79,11.10,8.35
ACE,Action Const.Eq.,1039.40,28.33,12377.51,0.19,119.49,22.28,785.68,20.49,31.70
HOMEFIRST,Home First Finan,1174.00,22.71,12271.26,0.44,149.45,42.75,501.41,20.92,11.13
ATLANTAELE,Atlanta Electric,1589.80,56.01,12225.03,0.00,46.84,50.42,466.33,47.99,45.26
SOUTHBANK,South Ind.Bank,46.52,8.06,12179.24,0.97,377.63,17.29,2627.81,11.23,6.42
NSLNISP,NMDC Steel,41.41,206.67,12135.64,0.00,391.91,182.79,3879.00,36.67,3.06
PARKHOSPS,Park Medi World,280.25,46.90,12104.86,0.00,76.77,58.03,460.41,30.09,19.34
JSWHL,JSW Holdings,10865.00,81.19,12060.15,0.00,13.54,37.24,33.14,12.49,0.59
504346,RRPSemiconductor,8805.70,,11996.89,0.00,-0.18,88.68,0.00,-100.00,-32.66
LLOYDSENT,Lloyds Enterpris,78.04,1079.40,11894.13,0.19,68.52,318.23,719.64,47.07,3.67
SEDEMAC,Sedemac Mechatro,2689.20,114.67,11877.52,0.00,32.08,272.59,287.71,59.91,35.69
INDGN,Indegene,492.65,28.63,11868.54,0.46,79.70,-19.14,1003.40,32.80,18.82
VISL,Vedanta Iron & Steel,30.35,,11868.03,0.00,,,,,
IRCON,Ircon Intl.,126.07,19.91,11857.08,2.10,191.46,-9.13,3188.98,-6.54,9.69
SHILPAMED,Shilpa Medicare,606.20,50.82,11856.17,0.08,107.79,147.82,436.99,32.09,11.03
PRUDENT,Prudent Corp.,2858.90,53.31,11837.76,0.12,59.11,14.24,360.59,27.40,37.48
METROPOLIS,Metropolis Healt,570.25,60.20,11823.11,0.35,50.96,74.43,424.68,22.99,17.77
UTLSOLAR,Fujiyama Power,383.80,38.73,11778.89,0.00,106.32,107.49,900.77,87.52,34.95
BLUESTONE,Bluestone Jewel,772.40,209.02,11771.89,0.00,5.96,120.16,736.85,49.56,7.07
JAINREC,Jain Resource,341.00,33.41,11767.43,0.00,66.03,21.78,3104.98,76.42,25.49
TEGA,Tega Inds.,1560.30,82.17,11722.17,0.13,42.67,-58.13,526.78,-1.74,8.09
JMFINANCIL,JM Financial,122.05,9.60,11679.70,2.66,161.92,-21.08,949.12,-5.46,11.63
BLUEDART,Blue Dart Expres,4911.50,41.55,11654.99,0.51,48.85,-11.26,1533.47,8.20,16.64
AVALON,Avalon Tech,1741.50,103.01,11635.27,0.00,41.15,69.48,479.89,40.00,19.54
JPPOWER,JP Power Ven.,16.95,13.91,11616.61,0.00,468.84,138.18,1775.70,12.16,6.97
JUBLINGREA,Jubilant Ingrev.,725.55,36.34,11556.64,0.69,105.82,40.91,1300.27,25.28,11.35
TECHNOE,Techno Elec.Engg,991.80,25.71,11534.59,0.91,114.51,-14.96,1010.04,23.81,14.85
ZENSARTECH,Zensar Tech.,505.90,15.12,11510.94,2.97,210.60,19.17,1450.40,6.73,22.75
ABLBL,A B Lifestyle,94.01,54.86,11474.12,0.53,54.52,57.68,2174.16,11.95,14.67
UTIAMC,UTI AMC,881.40,21.22,11328.22,4.54,293.86,24.07,583.51,6.70,15.57
JKTYRE,JK Tyre & Indust,390.60,12.75,11260.59,1.02,177.96,111.55,4223.44,12.37,15.51
NAZARA,Nazara Technolo.,302.30,11.59,11199.16,0.00,55.70,196.09,397.78,-23.53,27.23
MARKSANS,Marksans Pharma,246.30,26.71,11161.42,0.37,149.03,63.59,856.11,20.84,18.84
PGHL,P & G Health Ltd,6714.00,34.09,11144.83,2.31,94.60,54.63,370.45,19.12,83.53
IEX,Indian Energy Ex,124.26,22.74,11080.17,2.82,126.69,12.08,155.93,11.39,51.79
EDELWEISS,Edelweiss.Fin.,117.02,18.10,11076.31,1.28,131.96,-16.84,1918.10,-15.88,14.10
TITAGARH,Titagarh Rail,819.45,69.06,11035.84,0.12,53.50,279.56,875.43,-12.94,10.60
GODREJAGRO,Godrej Agrovet,573.60,23.94,11033.77,1.92,102.28,48.14,2332.65,9.33,19.16
OLECTRA,Olectra Greentec,1336.30,61.80,10968.45,0.03,57.39,164.38,644.72,43.62,21.05
VIYASH,Viyash Scientific,250.90,55.54,10961.21,0.00,66.38,455.37,919.96,129.02,13.42
AAVAS,AAVAS Financiers,1379.00,15.92,10934.09,0.00,171.27,23.01,708.72,12.93,9.92
TI,Tilaknagar Inds.,441.80,43.24,10933.40,0.23,-14.91,-38.42,949.49,147.52,11.78
FIRSTCRY,Brainbees Solut.,208.30,,10875.10,0.00,-48.21,66.92,2162.67,12.04,0.57
CANFINHOME,Can Fin Homes,813.90,9.59,10837.45,1.84,267.82,19.63,1096.15,7.43,9.14
AKUMS,Akums Drugs,687.30,40.28,10817.69,0.15,81.34,-39.44,1157.87,9.69,14.94
SIGNATURE,SignatureGlobal,768.35,301.19,10809.61,0.00,1152.41,61.39,1107.27,112.76,2.60
SANOFICONR,Sanofi Consumer,4674.70,42.58,10766.12,1.60,67.80,35.60,229.20,32.79,89.93
BLUEJET,Blue Jet Health,566.90,43.30,10730.04,0.21,64.34,-41.56,234.67,-31.07,26.50
IIFLCAPS,IIFL Capital,340.20,18.79,10709.72,0.88,184.16,4.99,631.48,2.29,23.17
RATEGAIN,Rategain Travel,900.40,48.23,10663.04,0.00,69.99,27.70,715.55,174.48,13.67
MGL,Mahanagar Gas,1077.00,12.56,10638.37,2.79,131.92,-45.56,2051.22,4.52,18.28
E2E,E2E Networks,516.70,340.87,10621.54,0.00,43.88,1645.07,156.76,334.12,-0.51
JLHL,Jupiter Life Lin,323.20,55.94,10595.47,0.06,50.26,8.66,387.84,15.20,14.80
INDIAMART,Indiamart Inter.,1759.90,21.45,10584.59,1.70,172.20,12.18,414.40,11.37,28.04
KTKBANK,Karnataka Bank,279.70,8.07,10580.70,1.79,408.19,61.74,2257.32,-0.05,6.06
RKFORGE,Ramkrishna Forg.,580.70,92.03,10578.61,0.34,46.88,297.63,1216.67,19.84,5.60
JWL,Jupiter Wagons,246.55,57.53,10536.82,0.41,27.21,-67.86,780.15,-25.31,9.16
AFCONS,Afcons Infrastr.,285.95,35.03,10516.80,0.70,-88.55,-179.69,2613.84,-18.91,13.91
PVRINOX,PVR Inox,1063.95,32.94,10447.98,0.00,56.50,220.30,1622.20,11.91,6.96
RITES,Rites,213.70,25.03,10270.50,3.53,139.35,-2.06,768.26,27.56,22.00
INTELLECT,Intellect Design,732.20,27.88,10263.66,0.55,120.22,-11.15,847.02,16.68,16.03
SBFC,SBFC Finance,92.18,22.63,10207.15,0.00,122.77,30.05,454.04,25.92,11.82
SHREEJISPG,Shreeji Ship. Gl,625.80,66.77,10195.42,0.16,40.32,-18.07,188.07,20.49,26.35
BBTC,The Bombay Burmah,1458.20,8.60,10174.14,1.17,780.80,39.72,4817.99,6.62,32.98
FINPIPE,Finolex Inds.,163.67,16.95,10155.35,1.22,261.25,58.74,1313.88,12.12,12.71
ZEEL,Zee Entertainmen,105.46,36.28,10129.64,2.30,-103.70,-154.98,2024.80,-7.29,2.75
SKYGOLD,Sky Gold & Diam.,653.70,36.77,10124.11,0.00,90.72,120.80,1911.51,80.64,27.02
ASKAUTOLTD,ASK Automotive,509.30,33.95,10040.47,0.36,71.54,24.18,1147.12,35.01,25.42
RELAXO,Relaxo Footwear,402.95,55.95,10030.98,0.74,67.67,20.37,751.10,8.05,11.07
MANORAMA,Manorama Indust.,1585.50,42.91,10008.05,0.04,59.52,40.81,382.30,64.21,35.45
LUMAXTECH,Lumax Auto Tech.,1465.80,34.73,9990.56,0.38,97.54,50.40,1416.93,25.07,21.45
HCG,Health.Global,666.55,346.12,9951.74,0.00,4.04,162.36,652.33,11.48,8.31
RPOWER,Reliance Power,24.06,,9950.66,0.00,-494.00,-238.21,1887.26,-4.59,6.10
TIMETECHNO,Time Technoplast,201.26,21.20,9934.91,0.62,134.31,20.38,1676.67,14.16,16.71
SIGMAADV,Sigma Advanced System,523.00,35.73,9910.65,0.00,128.45,1400.69,322.82,469.05,60.82
WEWORK,Wework India,711.95,114.03,9866.93,0.00,-4.58,68.65,680.20,27.39,20.57
BLACKBUCK,Blackbuck,539.35,59.96,9823.64,0.00,65.73,-77.06,185.43,52.23,12.83
VARROC,Varroc Engineer,642.75,38.69,9820.35,0.23,70.46,40.48,2368.08,12.81,19.03
543925,Maple Inf. Trust,142.50,,9809.10,10.39,-37.88,-60.44,686.17,201.48,5.36
WHIRLPOOL,Whirlpool India,771.45,31.15,9787.53,0.65,80.50,-29.67,2180.77,8.78,11.07
MANYAVAR,Vedant Fashions,402.30,26.03,9775.02,1.99,114.30,13.05,399.43,8.71,23.55
SWANCORP,Swan Corp,310.30,35.48,9726.57,0.05,251.32,1693.84,869.65,1.62,3.87
KIRLPNU,Kirl.Pneumatic,1497.10,35.60,9725.64,0.80,34.10,21.35,300.30,10.40,30.30
WAAREERTL,Waaree Renewab.,932.00,19.05,9725.03,0.11,114.49,32.30,811.34,34.53,85.38
PARAS,Paras Defence,1195.20,112.06,9631.80,0.02,38.88,64.34,171.31,58.28,16.90
BLS,BLS Internat.,233.60,14.01,9618.27,0.86,186.90,31.57,814.56,17.58,29.34
TSFINV,Tsf Investments,432.80,20.07,9612.66,2.58,164.23,50.36,297.57,502.98,3.38
GENUSPOWER,Genus Power,315.60,16.21,9601.90,0.78,171.76,41.08,1537.13,64.09,23.94
SAREGAMA,Saregama India,496.50,44.89,9572.99,0.91,74.14,35.42,287.44,19.36,17.76
SANDUMA,Sandur Manganese,195.04,13.91,9480.99,0.26,236.28,50.94,1511.39,14.39,24.40
ELECON,Elecon Engg.Co,421.65,31.30,9461.82,0.47,70.35,-34.57,520.56,6.11,20.86
STAR,Strides Pharma,1020.00,16.62,9401.62,0.49,129.28,28.10,1323.47,11.18,18.32
CYIENT,Cyient,840.05,22.91,9336.47,3.10,108.70,-32.31,2075.70,21.26,12.28
SUDEEPPHRM,Sudeep Pharma,825.15,53.90,9319.96,0.18,48.54,10.61,182.34,15.73,28.18
VOLTAMP,Volt.Transform.,9180.00,31.69,9287.52,1.09,47.90,-50.53,617.23,-1.21,23.50
MMTC,MMTC,61.52,92.25,9228.00,0.00,126.04,1461.46,0.61,190.48,8.66
VESUVIUS,Vesuvius India,452.30,35.22,9179.92,0.33,55.85,-5.83,499.85,3.66,21.34
ALKYLAMINE,Alkyl Amines,1789.50,50.82,9152.61,0.56,45.37,-1.41,386.91,0.22,16.64
RAILTEL,Railtel Corpn.,284.75,25.12,9138.72,1.00,141.75,35.68,1668.86,27.56,22.78
PGINVIT,Powergrid Infra.,100.26,10.02,9123.65,11.97,243.96,-64.48,311.39,0.02,11.65
PGIL,Pearl Global Ind,1974.50,33.20,9119.05,0.73,80.98,27.40,1313.58,6.88,19.93
PCJEWELLER,PC Jeweller,9.28,12.60,9011.38,0.00,152.89,61.26,927.34,32.66,9.58
SGMART,SG Mart,713.55,72.33,8993.24,0.00,45.58,41.07,1308.57,14.41,10.24
THYROCARE,Thyrocare Tech.,564.25,49.69,8980.90,1.65,51.33,34.06,240.02,24.34,35.38
EQUITASBNK,Equitas Sma. Fin,78.34,86.94,8961.28,0.00,212.68,405.06,1836.35,11.70,6.44
TIPSMUSIC,Tips Music,699.45,41.66,8941.18,1.86,43.70,-4.67,106.51,20.94,122.19
SUVEN,Suven Life Scie.,316.00,,8928.98,0.00,-45.60,-3.78,1.52,3.40,-76.92
BATAINDIA,Bata India,689.95,52.66,8867.76,1.30,2.21,-58.62,827.63,5.00,12.74
TARIL,T R I L,295.00,34.25,8854.89,0.07,64.29,-8.66,572.34,8.13,23.30
TEJASNET,Tejas Networks,495.40,,8816.83,0.50,-211.34,-194.35,332.69,-82.55,-14.64
LOTUSDEV,Sri Lotus,180.39,37.18,8816.09,0.00,100.92,11.45,307.50,61.82,21.15
TTKPRESTIG,TTK Prestige,643.35,50.93,8811.73,1.17,36.08,212.18,729.17,12.26,12.10
PNGJL,P N Gadgil Jewe.,647.00,21.29,8780.33,0.00,90.26,45.60,3544.31,123.16,20.92
BANCOINDIA,Banco Products,608.45,18.69,8703.10,2.47,147.43,-5.69,1098.74,25.62,30.91
ESABINDIA,Esab India,5649.50,45.12,8696.29,1.33,43.55,-8.18,395.75,7.62,64.68
LEMONTREE,Lemon Tree Hotel,109.36,34.92,8664.01,0.00,116.45,9.57,416.40,10.01,13.95
MEDPLUS,Medplus Health,720.55,41.13,8656.48,0.00,33.17,-21.67,1879.60,21.84,12.65
NCC,NCC,137.09,12.31,8607.15,1.60,216.77,-18.83,6232.71,1.66,16.82
RELIGARE,Religare Enterp.,258.05,99.93,8590.24,0.00,95.65,-16.52,2467.42,20.84,3.06
QPOWER,Quality Power El,1105.40,70.55,8560.67,0.09,50.55,72.95,280.81,159.24,31.53
EMBDL,Embassy Develop,61.21,,8512.07,0.00,-323.43,-310.73,342.46,-61.47,-2.38
JAYNECOIND,Jayaswal Neco,86.76,14.74,8424.38,0.00,193.92,108.47,2106.56,27.72,20.67
GRINFRA,G R Infraproject,869.85,10.24,8416.71,1.44,209.86,-52.00,2500.41,9.88,11.92
EUREKAFORB,Eureka Forbes,432.15,43.99,8358.59,0.00,51.09,3.84,683.83,11.64,5.86
SFL,Sheela Foam,761.95,55.26,8320.75,0.13,91.77,511.54,1050.06,23.59,6.11
WELENT,Welspun Enterp,598.80,21.08,8288.22,0.50,162.79,46.99,1199.46,13.81,16.76
SUDARSCHEM,Sudarshan Chem.,1041.05,487.71,8287.55,0.43,82.50,203.04,2789.90,106.75,5.51
STARCEMENT,Star Cement,204.88,20.61,8280.85,0.98,147.03,23.59,1173.55,11.54,16.68
RHIM,RHI Magnesita,398.95,74.80,8238.37,0.63,-518.11,-37.18,932.26,1.56,6.52
POWERMECH,Power Mech Proj.,2593.60,22.53,8200.00,0.05,153.41,21.59,2110.73,13.89,21.82
BORORENEW,Borosil Renew.,580.65,20.32,8163.49,0.00,87.71,156.91,405.69,22.10,26.92
KAMAHOLD,Kama Holdings,2527.90,8.40,8112.18,1.64,584.02,12.69,4657.56,7.07,14.00
IXIGO,Le Travenues,184.60,109.00,8088.75,0.00,32.05,91.15,308.05,8.41,6.80
YATHARTH,Yatharth Hospit.,838.80,46.08,8082.20,0.00,44.70,22.73,341.56,47.36,12.37
SONATSOFTW,Sonata Software,288.10,15.84,8079.04,2.74,130.50,42.65,2536.19,-3.10,30.67
KRN,KRN Heat Exchan,1233.90,105.62,8076.92,0.00,23.36,57.09,179.48,36.49,16.06
KRBL,KRBL,350.75,12.39,8028.31,1.00,155.38,0.76,1525.50,5.77,15.16
V2RETAIL,V2 Retail,219.29,54.18,7996.14,0.00,18.19,206.00,798.14,60.11,19.53
MAHLIFE,Mahindra Life.,374.65,25.73,7992.88,0.93,85.55,66.92,962.13,2909.48,7.64
ICIL,Indo Count Inds.,403.45,63.08,7990.50,0.50,24.20,14.96,1057.68,3.43,8.14
INDUSINVIT,Indus Inf. Trust,130.76,20.88,7989.51,12.29,106.28,-27.91,187.94,-25.14,6.77
TANLA,Tanla Platforms,599.75,14.93,7953.73,2.00,142.17,20.07,1226.39,17.85,26.32
BSOFT,Birlasoft Ltd,282.40,14.79,7895.89,2.30,175.93,44.08,1348.63,2.41,21.15
AVL,Aditya Vision,611.05,66.84,7890.98,0.18,21.73,35.98,625.03,28.42,16.97
INDIASHLTR,INDIA SHELTE FIN,723.90,15.65,7879.98,1.38,137.59,27.24,408.23,24.73,12.84
SHARDACROP,Sharda Cropchem,872.95,12.06,7875.80,1.72,318.72,56.53,2064.90,12.93,30.25
SANOFI,Sanofi India,3388.90,23.74,7804.64,2.21,102.60,-14.14,472.30,-11.87,57.51
KIRLFER,Kirl. Ferrous,470.65,14.64,7765.37,1.27,125.74,37.36,1817.17,4.62,13.42
CERA,Cera Sanitary.,6017.00,37.09,7760.45,1.25,77.34,-20.02,643.82,11.39,19.25
INDIAGLYCO,India Glycols,1157.80,26.45,7760.36,0.65,86.88,35.71,976.35,13.11,12.43
KPIGREEN,KPI Green Energy,390.20,16.25,7713.16,0.17,155.48,46.50,795.81,39.76,13.85
INOXGREEN,Inox Green,191.87,74.58,7703.43,0.00,28.35,287.66,68.67,6.40,8.42
TTML,Tata Tele. Mah.,39.38,,7698.51,0.00,-72.15,77.54,301.57,6.09,55.65
CLEAN,Clean Science,721.00,33.37,7662.97,0.83,58.27,-21.35,249.25,-5.47,20.64
PRICOLLTD,Pricol Ltd,628.70,30.90,7662.69,0.32,73.23,109.53,1099.21,42.87,24.50
MAHSEAMLES,Mah. Seamless,571.55,10.89,7658.29,1.75,102.84,-56.91,1280.11,-9.71,14.29
ORKLAINDIA,Orkla India,556.75,25.58,7626.88,0.00,73.43,33.93,625.80,4.97,15.24
GMRP&UI,GMR Urban,97.59,,7621.95,0.00,-113.56,-7.90,2004.09,15.35,11.96
CELLO,Cello World,344.30,22.56,7605.07,0.44,90.12,2.19,653.59,11.00,17.41
RAIN,Rain Industries,225.23,25.11,7575.61,0.44,157.87,188.19,4520.73,19.98,8.26
OMNI,Omnitech Engg.,612.00,95.28,7568.36,0.00,29.34,43.19,148.72,38.46,17.56
SAFARI,Safari Inds.,1538.90,45.75,7539.93,0.26,37.47,-0.32,473.30,12.41,19.27
KWIL,Kwality Wall's,32.00,,7518.69,0.00,-107.10,,485.80,,
SJS,SJS Enterprises,2335.60,44.03,7475.12,0.15,48.87,45.14,260.12,29.73,28.58
EPL,EPL Ltd,233.06,18.16,7464.86,2.15,103.30,-0.56,1300.50,17.65,17.84
NESCO,NESCO,1055.90,17.83,7439.87,0.66,93.05,5.00,251.62,31.05,18.54
GARFIBRES,Garware Tech.,748.45,35.57,7429.55,1.07,57.26,-5.11,426.41,-1.42,21.96
GNFC,G N F C,503.05,9.15,7391.85,3.58,396.00,87.68,2208.00,7.45,12.03
BIRLACORPN,Birla Corpn.,956.60,13.09,7366.78,1.31,294.77,-3.59,2836.12,0.75,9.78
MIDHANI,Mishra Dhatu Nig,392.70,56.25,7356.84,0.22,77.75,38.49,552.75,34.63,11.30
ELANTAS,Elantas Beck,9266.00,50.31,7345.79,0.08,31.08,-5.45,222.17,7.78,21.21
SKFINDIA,SKF India,1484.80,24.83,7340.55,2.69,-20.23,-128.78,594.54,20.68,13.33
JYOTHYLAB,Jyothy Labs,198.57,22.62,7291.78,1.76,67.52,-15.23,717.41,7.73,28.66
JKPAPER,JK Paper,401.45,26.25,7279.04,1.25,89.68,38.61,1965.95,17.23,7.64
PICCADIL,Piccadily Agro,737.20,52.85,7266.74,0.00,44.70,12.14,335.47,31.44,18.01
IMFA,Indian Metals,1340.10,17.02,7230.39,0.93,103.16,118.13,763.29,34.58,18.37
GPPL,Guj Pipavav Port,149.23,14.41,7214.37,5.49,142.20,38.90,317.21,26.08,28.05
NEWGEN,Newgen Software,505.70,21.02,7206.73,1.19,62.82,26.35,356.68,11.23,25.01
POWERICA,Powerica Ltd,568.25,26.91,7191.31,0.00,45.11,15.89,801.15,10.93,15.69
BAJAJCON,Bajaj Consumer,549.80,32.20,7181.40,0.00,70.75,84.82,341.56,24.94,30.05
WESTLIFE,Westlife Food,459.15,1390.25,7159.81,0.16,2.38,56.58,655.36,8.66,6.11
IBULLSLTD,Indiabulls,30.53,14.70,7112.10,0.00,141.02,35647.50,359.45,292.33,16.17
JKLAKSHMI,JK Lakshmi Cem.,572.50,17.88,7107.27,1.14,125.06,-29.39,1901.53,0.21,12.00
DYNAMATECH,Dynamatic Tech.,10458.00,141.99,7102.49,0.10,12.56,10.88,433.16,13.79,9.98
BENGALASM,Bengal & Assam,6202.00,8.52,7072.70,0.81,203.67,-9.15,630.17,20.94,3.96
KINGFA,Kingfa Science,5212.00,38.12,7062.98,0.00,59.15,41.17,578.47,23.20,23.20
TCI,Transport Corp.,917.75,15.54,7051.18,1.09,124.50,8.23,1323.80,12.30,19.45
BALAMINES,Balaji Amines,2174.50,42.18,7045.60,0.51,64.77,57.79,394.79,11.92,11.02
SPARC,SPARC,216.23,4.49,7017.13,0.00,1760.70,2987.34,1853.22,6715.81,164.99
REDTAPE,Redtape,126.77,29.13,7007.94,1.58,69.88,69.53,675.51,33.51,24.11
HNDFDS,Hindustan Foods,577.20,45.88,6993.51,0.00,41.55,34.17,1116.75,16.47,14.20
GAEL,Guj. Ambuja Exp,151.64,22.64,6955.28,0.16,135.32,322.57,1466.51,15.78,12.51
RIIT,RaajMarg Infra,115.64,,6938.40,0.00,10.31,,10.67,,
JSLL,Jeena Sikho,554.80,31.04,6896.20,0.20,45.35,78.97,215.55,54.79,70.74
GALAXYSURF,Galaxy Surfact.,1945.00,24.80,6895.95,1.13,62.43,-17.71,1314.70,14.83,13.53
ABFRL,Aditya Bir. Fas.,56.25,,6865.37,0.00,-163.81,-13.52,1990.13,15.74,-3.07
ETHOSLTD,Ethos,2562.80,71.42,6857.46,0.00,22.76,-3.30,414.01,32.99,9.82
RCF,R C F,124.22,17.31,6853.09,1.06,186.72,123.99,5580.57,49.63,10.23
ACI,Archean Chemical,554.85,66.53,6850.09,0.45,12.23,-74.93,300.94,-12.92,7.41
AXISCADES,AXISCADES Tech.,1608.00,86.57,6838.98,0.00,0.42,-98.29,273.01,1.88,15.30
DBL,Dilip Buildcon,420.25,11.16,6826.74,0.24,123.83,-60.27,2299.81,-25.72,13.32
SHAKTIPUMP,Shakti Pumps,553.00,32.14,6823.91,0.18,51.59,-46.72,858.67,37.94,23.64
PRECWIRE,Prec. Wires (I),372.50,44.30,6809.60,0.34,54.87,85.50,1762.85,67.19,32.94
NEPHROPLUS,Nephrocare Health Services,673.10,90.37,6768.63,0.00,30.37,22.11,265.62,21.18,15.34
SUPRIYA,Supriya Lifesci.,840.50,32.29,6764.58,0.12,74.23,47.34,276.53,50.20,25.13
FDC,FDC,412.95,22.63,6723.24,1.21,103.40,167.39,584.79,18.89,16.67
NDRINVIT,NDR INVIT Trust,145.90,70.63,6682.79,5.24,5.64,-118.35,109.18,15.49,5.08
GANESHHOU,Ganesh Housing,799.40,25.14,6665.96,0.19,41.96,-54.91,279.93,85.62,18.78
ASHAPURMIN,Ashapura Minech.,697.05,16.42,6658.65,0.14,120.64,28.03,1968.63,254.55,20.72
SUPRAJIT,Suprajit Engg.,484.45,35.47,6645.65,0.62,71.11,161.05,1041.93,18.82,15.98
VIKRAMSOLR,Vikram Solar,182.80,13.99,6623.84,0.00,110.42,21.86,1452.82,21.73,30.56
CAMPUS,Campus Activewe.,216.55,44.23,6619.49,0.69,44.14,26.01,455.63,12.30,21.22
CITIUSINVT,Citius Transnet,108.48,,6617.28,0.00,-92.23,,500.85,,-0.10
GREENLAM,Greenlam Industr,256.00,112.93,6531.78,0.16,40.55,1797.12,857.66,25.80,8.12
EBGNG,GNG Electronics,572.35,49.43,6525.45,0.00,42.15,185.76,651.66,42.98,20.30
MBAPL,M B Agro Prod.,148.25,41.92,6495.35,0.07,32.96,16.84,416.30,1.61,19.40
AJAXENGG,Ajax Engineering,567.60,28.55,6493.73,0.00,94.96,4.41,757.66,0.25,23.86
TRANSRAILL,Transrail Light,482.70,15.58,6480.54,0.17,96.50,-23.76,1863.46,-4.24,29.18
DODLA,Dodla Dairy,1061.20,25.27,6401.99,0.47,69.73,-2.00,1074.47,18.12,16.72
KOVAI,Kovai Medical,5845.00,26.16,6394.43,0.26,63.35,15.81,413.62,15.87,22.19
SENORES,Senores Pharma.,1387.50,55.39,6389.94,0.00,36.67,77.29,175.19,53.39,15.13
PAISALO,Paisalo Digital,70.17,26.84,6382.11,0.14,72.23,57.98,260.92,34.65,12.33
BECTORFOOD,Mrs Bectors,206.63,45.03,6343.35,0.58,35.41,3.30,485.86,8.92,14.17
MAXESTATES,Max Estates,387.15,506.03,6330.42,0.00,-4.08,-128.89,49.43,24.26,1.79
ITDC,I T D C,737.40,76.06,6324.64,0.39,28.27,12.03,142.01,-28.97,29.89
KUSUMGAR,Kusumgar,601.35,71.58,6313.66,0.00,,,,,18.84
UNIMECH,Unimech Aero.,1237.40,99.54,6298.61,0.00,26.10,-10.62,81.80,19.64,11.85
ISGEC,ISGEC Heavy,855.60,54.82,6291.18,0.58,84.97,-19.71,2048.28,17.42,10.85
SUNFLAG,Sunflag Iron,348.70,30.18,6284.25,0.22,34.28,-20.74,1000.69,13.31,4.06
SENCO,Senco Gold,382.85,10.92,6272.56,0.26,156.88,151.29,1996.66,44.93,20.92
IONEXCHANG,ION Exchange,425.10,40.38,6234.80,0.29,24.29,-61.96,863.27,3.44,14.06
SHREMINVIT,Shrem InvIT,102.00,7.49,6230.61,13.41,281.89,-3.00,523.74,-38.26,9.54
STYL,Seshaasai Tech.,384.45,23.14,6220.62,0.00,61.75,68.35,376.22,21.02,27.98
526433,ASM Technologies,4254.30,103.20,6205.60,0.39,16.75,4.95,135.12,18.00,26.95
JUSTDIAL,Just Dial,728.95,11.91,6199.65,0.00,166.22,4.12,327.47,9.94,13.06
GOKULAGRO,Gokul Agro,209.93,16.77,6194.76,0.00,118.92,144.14,6200.19,13.51,36.73
SIS,SIS,437.55,17.92,6182.92,1.60,102.50,92.24,4489.30,30.96,13.68
ARVINDFASN,Arvind Fashions.,462.65,47.18,6182.40,0.35,27.61,-23.57,1278.50,15.46,18.92
GSFC,G S F C,154.56,9.15,6158.87,3.23,52.14,-27.32,2632.67,36.96,7.16
FIEMIND,Fiem Industries,2331.90,24.11,6137.48,1.72,71.03,26.86,751.25,17.49,29.34
LATENTVIEW,Latent View,296.05,31.64,6126.01,0.00,55.06,-1.36,288.62,24.31,15.85
MAPMYINDIA,C.E. Info System,1117.10,59.50,6117.36,0.31,50.93,4.53,145.04,1.04,19.13
KENNAMET,Kennametal India,2782.90,44.16,6116.32,1.44,51.40,110.66,403.10,39.19,17.55
PNCINFRA,PNC Infratech,238.21,13.64,6111.02,0.25,107.76,35.08,1616.98,-5.11,8.46
AARTIPHARM,Aarti Pharma,673.80,34.56,6110.01,0.74,61.12,-30.81,582.64,3.35,10.70
DBREALTY,Valor Estate,112.50,,6102.08,0.00,-58.90,-370.87,86.91,-83.82,1.55
GOKEX,Gokaldas Exports,830.50,60.77,6085.37,0.00,35.96,-31.97,1068.85,5.27,8.39
KSHINTL,KSH Internationa,888.45,54.05,6019.76,0.00,34.53,87.16,1018.34,100.52,21.36
DCBBANK,DCB Bank,186.24,7.62,5998.37,0.78,213.20,35.57,1984.31,9.41,7.40
ALOKINDS,Alok Industries,12.07,,5993.05,0.00,-138.25,21.16,993.11,6.50,-3.95
RPEL,Raghav Product.,1303.20,95.46,5984.55,0.08,19.57,67.55,86.91,48.72,30.30
KMEW,Knowledge Marine,2430.30,75.87,5978.54,0.00,23.53,140.68,67.62,42.42,16.31
SKIPPER,Skipper,528.65,27.72,5970.43,0.02,75.61,70.33,1666.58,29.42,23.32
PRAJIND,Praj Industries,323.50,298.94,5946.35,1.11,11.62,-74.38,844.56,-1.76,6.12
CSBBANK,CSB Bank,340.90,8.90,5914.13,0.00,150.04,26.51,1287.32,23.67,7.05
TVSSCS,TVS Supply,133.13,31.56,5873.43,0.00,18.36,543.40,3032.22,21.35,10.06
CEIGALL,Ceigall India,337.10,18.83,5872.45,0.00,129.04,70.86,1386.51,37.06,17.26
TIMEX,Timex Group,578.85,73.70,5843.49,0.00,27.34,212.12,235.20,73.69,82.85
CORDELIA,Waterways Leisur,806.40,145.44,5837.90,0.00,22.77,-34.51,190.11,7.82,63.99
TIIL,Technocraf.Inds.,2566.50,20.40,5818.97,0.78,77.74,15.33,711.70,1.34,16.10
STYLAMIND,Stylam Industrie,3416.80,34.19,5790.81,0.00,48.15,70.38,326.47,15.37,26.98
VMART,V-Mart Retail,724.65,41.57,5764.45,0.14,47.21,40.51,1088.81,23.00,13.23
SAPPHIRE,Sapphire Foods,179.12,2338.82,5756.61,0.00,14.02,880.00,890.96,14.69,3.98
GREAVESCOT,Greaves Cotton,246.32,49.92,5738.06,0.81,2.20,-5.90,1000.26,21.56,10.11
506854,Tanfac Inds.,2702.40,84.74,5731.50,0.17,16.85,-12.92,187.18,6.35,23.66
KISSHT,Onemi Technology,340.15,20.36,5730.95,0.00,82.18,51.71,619.35,67.76,22.59
512065,Mrugesh Trading,79.11,,5715.30,0.00,-0.50,-61.29,6.51,-16.32,-0.49
CCAVENUE,AvenuesAI,16.34,20.23,5700.04,0.00,88.96,71.03,2489.54,114.52,7.71
MASFIN,MAS FINANC SER,313.55,15.19,5689.47,0.54,104.48,25.04,542.47,23.54,11.26
JSFB,Jana Small Finan,536.95,14.95,5676.34,0.00,155.23,52.29,1514.53,22.08,7.45
HAPPSTMNDS,Happiest Minds,372.55,25.12,5673.00,1.72,61.17,41.18,604.08,10.93,13.32
NEOGEN,Neogen Chemicals,2062.80,158.84,5648.29,0.05,17.11,66.76,250.29,34.04,6.46
FEDFINA,Fedbank Financi.,150.53,14.74,5644.28,0.00,114.38,52.49,669.93,29.68,9.06
HCC,Hind.Construct.,21.43,40.84,5613.52,0.00,58.94,-34.57,992.20,-27.77,22.84
SAATVIKGL,Saatvik Green,440.55,15.54,5599.61,0.00,60.42,-33.60,1607.66,74.95,32.92
NIRLON,Nirlon,620.60,16.17,5592.85,4.19,70.59,31.85,170.94,8.18,30.77
JAIBALAJI,Jai Balaji Inds.,61.24,42.26,5586.86,0.00,21.37,-69.48,1745.17,9.79,9.73
AEROFLEX,Aeroflex,420.85,100.25,5569.14,0.10,17.64,57.08,125.84,37.25,18.92
SMLMAH,SML Mahindra,3844.40,35.57,5562.85,0.61,63.62,-4.99,957.54,13.20,30.90
AHLUCONT,Ahluwalia Contr.,827.70,20.86,5544.56,0.07,82.02,-1.57,1322.30,8.76,20.45
SMARTWORKS,Smartworks Cowor,482.55,197.84,5513.72,0.00,13.15,413.10,546.25,44.05,8.30
KALPATARU,Kalpat.,266.35,61.00,5484.52,0.00,193.87,1326.83,1693.73,183.76,1.27
TRIVENI,Triven.Engg.Ind.,248.70,19.64,5480.43,1.11,167.45,-11.83,1507.98,-7.45,8.99
MOIL,MOIL,268.85,20.45,5470.70,2.09,92.61,-19.92,444.49,2.56,12.64
SETL,Standard Engineering Technology,272.70,67.97,5440.14,0.00,21.08,31.13,226.68,36.28,14.68
INNOVACAP,Innova Captab,950.45,38.75,5438.94,0.21,38.08,28.78,447.80,42.28,14.96
PRSMJOHNSN,Prism Johnson,108.02,,5437.29,0.00,-15.95,60.67,2110.39,7.65,5.92
GVPIL,GE Power,800.70,19.26,5382.90,0.87,113.21,418.10,316.40,18.78,81.99
OPTIEMUS,Optiemus Infra.,599.95,81.13,5355.22,0.00,22.47,0.04,484.98,7.95,10.91
ENTERO,Entero Healthcar,1229.60,44.84,5351.60,0.00,45.13,9.03,1909.93,42.63,10.55
CYIENTDLM,Cyient DLM,670.45,64.82,5322.26,0.00,16.29,118.36,373.80,34.25,9.90
JAMNAAUTO,Jamna Auto Inds.,132.67,22.17,5306.60,1.58,87.27,73.43,839.60,31.66,27.47
CENTUM,Centum Electron,3593.80,52.67,5304.10,0.14,1.64,16.05,340.43,27.46,25.58
IFBIND,IFB Industries,1304.10,36.58,5284.21,0.00,42.67,128.46,1498.20,12.33,19.51
BALUFORGE,Balu Forge,433.60,20.33,5263.55,0.03,65.74,4.87,263.55,-2.26,22.72
GOLDIAM,Goldiam Intl.,349.50,30.85,5261.97,0.64,37.23,61.38,234.60,18.14,23.89
MASTEK,Mastek,1690.90,11.95,5242.20,1.36,105.88,15.02,985.25,7.71,18.02
CRAMC,Canara Robeco,259.95,23.73,5183.86,1.54,75.60,23.98,145.37,20.07,40.11
SURYAROSNI,Surya Roshni,237.95,18.12,5178.65,1.79,98.30,-24.44,2163.25,0.81,15.84
501945,Dhenu Buildcon,8.69,,5156.47,0.00,-2.65,-6733.33,-0.94,-9500.00,0.04
RPTECH,Rashi Peripheral,779.85,18.51,5139.19,0.26,86.84,70.49,4489.38,51.00,16.82
SUBROS,Subros,781.95,29.75,5101.11,0.33,49.33,6.77,1049.76,15.55,19.75
BANSALWIRE,Bansal Wire Inds,324.00,35.11,5072.41,0.00,20.46,-47.89,1167.89,24.37,13.79
PURVA,Puravankara,213.35,79.42,5059.59,0.00,109.95,231.95,1501.92,177.33,11.24
CARERATING,CARE Ratings,1680.00,29.53,5054.64,1.31,53.44,23.98,130.67,19.17,26.30
LXCHEM,Laxmi Organic,182.28,63.21,5053.01,0.16,21.55,-0.97,735.31,3.61,4.72
RUSTOMJEE,Keystone Realtor,399.75,63.99,5046.46,0.38,63.65,-19.10,1595.97,172.89,4.68
GULFOILLUB,Gulf Oil Lubric.,1015.70,13.70,5033.35,4.73,90.02,-1.75,1040.24,13.68,27.46
GOODLUCK,Goodluck India,1511.60,27.80,5024.33,0.26,56.10,30.07,1088.46,-1.46,14.42
EPIGRAL,Epigral,1162.70,15.38,5016.04,0.43,81.93,-5.41,736.16,17.29,15.30
ORCHPHARMA,Orchid Pharma,988.60,184.89,5014.09,0.00,23.78,4.26,237.61,0.05,2.64
KRISHANA,Krishana Phosch.,162.05,25.47,5009.58,0.06,47.09,53.99,532.31,34.58,27.24
INDIGOPNTS,Indigo Paints,1048.90,33.43,5006.68,0.33,57.34,0.77,397.91,8.36,17.94
EMIL,Electronics Mart,129.64,48.61,4987.88,0.00,39.73,38.15,1913.25,14.96,8.14
IRBINVIT,IRB InvIT Fund,63.01,15.62,4983.76,10.47,79.44,-19.03,492.16,69.28,6.96
PDSL,PDS,352.00,45.46,4978.76,0.94,72.10,21.71,3519.03,-0.19,12.50
GUJALKALI,Gujarat Alkalies,674.80,74.69,4955.73,2.34,54.98,498.98,1244.91,12.65,1.40
542543,Energy InfrTrust,74.40,45.70,4940.16,30.94,47.68,52.53,1001.79,3.84,5.39
BLISSGVS,Bliss GVS Pharma,464.60,37.38,4927.37,0.32,37.00,128.90,256.99,29.80,16.93
LGBBROSLTD,L G Balakrishnan,1540.40,15.51,4912.71,1.43,69.67,-6.89,815.00,21.79,19.82
SHILCTECH,Shilchar Tech.,4267.70,30.86,4882.33,0.29,28.39,-48.72,151.65,-34.59,50.74
526570,Midwest Energy,3757.00,,4873.65,0.00,-3.45,,5.76,,-2.55
PTC,PTC India,164.40,8.00,4866.38,7.12,121.27,-11.44,3897.52,33.29,13.37
RPGLIFE,RPG LifeScience.,2937.00,44.29,4857.51,0.82,29.90,33.70,176.89,23.62,25.71
SWSOLAR,Sterling & Wils.,207.93,15.55,4856.03,0.00,53.27,69.60,1590.13,-9.74,26.78
DATAMATICS,Datamatics Glob.,821.50,20.29,4855.59,0.61,44.87,31.10,519.26,4.45,20.81
NORTHARC,Northern Arc,299.40,11.92,4839.84,0.00,132.65,250.90,741.66,23.09,9.71
VADILALIND,Vadilal Inds.,6710.50,31.11,4824.85,0.31,54.86,149.36,415.83,51.21,22.23
LUMAXIND,Lumax Industries,5142.00,25.81,4807.77,1.07,54.10,26.43,1200.32,29.99,17.70
CMRGREEN,CMR Green Tech.,218.05,22.49,4776.50,0.00,65.98,141.95,2364.67,45.38,13.98
PILANIINVS,Pilani Invest.,4311.40,153.69,4773.69,0.21,4.75,118.93,44.10,-22.13,1.41
SHARDAMOTR,Sharda Motor,826.45,14.30,4744.46,1.97,89.42,6.35,971.76,29.59,35.96
MPSLTD,MPS,2769.70,25.87,4737.80,3.00,50.39,41.19,224.24,20.38,39.27
RENUKA,Sh.Renuka Sugar,22.23,,4731.63,0.00,-121.40,-233.41,2548.50,-5.31,-3.12
RESPONIND,Responsive Ind,176.02,31.51,4692.84,0.06,22.82,-57.94,430.34,13.05,10.77
SYMPHONY,Symphony,676.85,240.21,4648.02,1.33,-218.00,-198.73,338.00,-30.74,20.58
RBA,Restaurant Brand,65.16,,4637.56,0.00,-47.43,23.58,706.84,11.74,-0.46
ICRA,ICRA,4804.00,24.83,4636.45,1.46,52.69,-5.90,174.85,28.37,23.04
RTNPOWER,RattanIndia Pow.,8.63,41.60,4634.40,0.00,45.85,449.73,798.55,-2.85,6.21
HIRECT,Hind Rectifiers,1301.90,99.40,4616.36,0.11,-1.59,-129.43,279.82,51.21,18.81
FCL,Fineotex Chem,39.59,37.68,4610.26,0.20,48.21,54.78,376.63,174.77,18.30
NACLIND,NACL Industries,196.80,177.85,4609.91,0.00,20.84,59.82,383.33,-14.50,8.13
HAWKINCOOK,Hawkins Cookers,8704.00,35.10,4604.42,1.61,39.78,15.77,365.43,19.16,40.89
THOMASCOOK,Thomas Cook (I),97.85,20.66,4602.67,0.51,30.68,-40.92,1770.69,-10.07,14.83
SGFIN,SG Finserve,696.05,29.25,4586.62,0.00,53.68,118.92,136.11,101.38,9.32
AURIONPRO,Aurionpro Sol.,825.45,20.95,4561.57,0.48,61.36,18.53,345.57,5.70,16.29
SSWL,Steel Str. Wheel,288.31,20.27,4534.11,0.43,71.51,43.19,1509.82,27.22,15.98
DEEDEV,DEE Development,653.45,57.35,4526.01,0.00,27.68,-16.38,361.57,26.26,10.92
CMSINFO,CMS Info Systems,273.90,14.58,4519.42,2.37,79.06,-20.37,632.93,2.24,17.65
DHANUKA,Dhanuka Agritech,1013.30,15.87,4517.12,0.20,97.77,29.50,483.34,9.35,23.76
MOSCHIP,Moschip Tech.,231.79,141.44,4507.61,0.00,2.45,-77.56,116.21,-14.29,10.97
SUNTECK,Sunteck Realty,306.25,21.09,4497.04,0.49,41.96,26.47,191.56,1.72,7.54
TEXRAIL,Texmaco Rail,110.08,22.70,4478.77,0.68,58.04,45.21,1166.97,-13.32,11.38
MIDWESTLTD,Midwest,1234.20,42.57,4462.97,0.00,37.03,-24.63,215.81,-6.25,15.40
ELECTCAST,Electrost.Cast.,72.10,23.49,4457.11,1.94,15.99,-90.51,1492.74,-12.23,5.21
SOTL,Savita Oil Tech,645.75,22.84,4427.29,0.62,50.34,45.79,1223.96,21.71,15.68
MHRIL,Mahindra Holiday,218.85,94.51,4422.00,0.00,-8.55,-210.04,732.81,4.48,8.12
NETWORK18,Netwrk.18 Media,28.62,,4413.20,0.00,-38.36,-2074.55,516.26,10.34,3.02
COCKERILL,John Cockerill,8937.50,,4413.17,0.08,7.36,331.62,344.52,55.96,
QUESS,Quess Corp,295.40,19.23,4412.09,2.71,64.35,5.02,3892.45,6.46,23.04
WPIL,WPIL,450.45,25.93,4399.58,0.44,59.01,51.30,500.54,32.22,14.58
BANARISUG,Bannari Amm.Sug.,3501.80,29.69,4391.15,0.36,41.58,18.26,282.29,-42.84,9.32
IOLCP,IOL Chemicals,149.22,29.98,4380.02,0.67,53.18,68.18,619.45,17.37,11.25
RTNINDIA,RattanIndia Ent,31.60,,4367.97,0.00,-110.10,69.01,1696.63,12.77,-4.76
ARTEMISMED,Artemis Medicare,275.75,41.28,4365.29,0.16,29.55,27.37,273.79,16.61,14.53
ZOTA,Zota Health Care,1258.40,,4358.16,0.08,-14.46,31.12,163.18,67.76,-8.47
RAYMONDREL,Raymond Realty,654.55,14.86,4357.58,0.31,161.12,6613.33,1156.74,888.24,29.61
RAYMONDLSL,Raymond Lifestyl,714.95,39.62,4355.73,0.14,-52.06,124.39,1776.45,18.89,3.52
AGI,AGI Greenpac,672.85,12.23,4353.16,1.04,115.60,19.66,742.39,5.33,19.60
SBCL,Shivalik Bimetal,755.70,45.08,4353.15,0.36,26.05,23.75,162.63,22.80,26.79
AVANTEL,Avantel,163.49,253.01,4344.11,0.12,5.39,66.87,70.42,35.66,9.63
SWARAJENG,Swaraj Engines,3569.00,21.22,4336.29,3.08,55.53,11.13,588.39,21.54,58.38
REFEX,Refex Industries,316.00,17.92,4336.13,0.47,94.45,66.79,934.17,57.14,22.71
WEBELSOLAR,Websol Energy,99.77,14.24,4331.65,0.00,124.50,152.31,401.45,132.07,63.18
IDEAFORGE,Ideaforge Tech,870.65,,4325.88,0.00,59.99,333.33,141.04,594.44,-2.81
STYRENIX,Styrenix Perfor.,2455.00,23.36,4318.35,2.20,73.48,33.83,826.10,-12.09,15.07
LASERPOWER,Laser Power,307.52,39.57,4316.61,0.00,,,,,20.51
KSCL,Kaveri Seed Co.,835.50,14.53,4297.73,0.60,-27.81,-21.23,107.11,18.68,18.79
WAKEFIT,Wakefit Innovati,129.70,22.27,4297.37,0.00,121.75,564.05,343.60,13.55,11.19
JUNIPER,Juniper Hotels,193.07,24.75,4295.85,0.00,50.38,23.71,301.48,8.62,8.05
UNIVCABLES,Universal Cables,1234.80,26.27,4284.19,0.36,55.32,11.33,840.27,24.66,11.68
MSTCLTD,MSTC,607.20,19.57,4274.69,6.67,77.22,-10.06,118.80,33.71,30.27
MUTHOOTMF,Muthoot Microfin,250.11,24.97,4264.18,0.00,71.12,117.73,631.81,13.83,9.31
VISHNU,Vishnu Chemicals,632.40,29.92,4257.02,0.05,43.40,11.45,450.31,14.69,16.28
RALLIS,Rallis India,218.72,18.62,4253.42,1.37,125.00,30.04,1022.00,6.79,14.14
VRLLOG,VRL Logistics,243.11,17.60,4252.89,3.09,72.14,-2.87,852.85,5.42,18.27
ANUP,The Anup Enginee,2119.60,38.07,4245.87,0.80,26.54,-15.85,207.86,-6.24,20.68
AYE,Aye Finance,172.03,17.87,4245.43,0.00,74.50,143.54,477.37,17.74,11.32
VAIBHAVGBL,Vaibhav Global,251.94,15.74,4216.27,2.38,91.14,167.05,934.71,9.99,16.43
PACEDIGITK,Pace Digitek,195.25,14.16,4214.50,0.00,105.92,73.27,1096.78,60.52,21.26
INDOSTAR,Indostar Capital,260.50,,4209.48,0.00,-423.93,-3491.44,346.67,-6.95,-2.58
VIPIND,V I P Inds.,295.40,,4196.21,0.00,-128.90,-316.17,436.23,-11.73,-28.89
SHAREINDIA,Share India Sec.,191.57,11.53,4192.04,0.70,124.41,47.48,448.09,31.25,18.41
519477,CIAN Agro,1496.30,18.80,4187.53,0.00,63.93,664.71,656.48,33.91,12.27
SHOPERSTOP,Shoppers Stop,377.75,,4163.02,0.00,-14.25,9.47,1291.41,11.22,7.03
BAJAJHIND,Bajaj Hindusthan,17.29,29.39,4133.46,0.00,390.68,85.69,1668.71,7.41,2.27
MAHLOG,Mahindra Logis.,416.35,104.84,4131.13,0.60,27.83,335.09,2002.88,23.29,7.36
VMARCIND,V-Marc India,280.00,40.99,4102.68,0.00,63.63,157.30,1105.46,97.52,41.38
OSWALPUMPS,Oswal Pumps,359.15,10.86,4094.49,0.00,92.53,43.90,509.74,39.79,38.24
PSPPROJECT,PSP Projects,1031.20,72.70,4087.86,0.00,21.09,226.47,1115.24,65.74,7.88
SEITINVIT,Sustainable Ener,126.00,34.17,4082.40,8.49,52.28,23.01,194.42,1.77,5.60
SANATHAN,Sanathan Textile,483.00,58.60,4076.72,0.00,21.57,-50.58,1169.18,59.68,6.89
NOVARTIND,Novartis India,1641.20,41.45,4052.25,1.52,32.21,16.62,103.81,18.57,16.25
TFCILTD,Tour. Fin. Corp.,87.27,26.22,4040.40,0.69,61.21,100.29,81.02,27.17,11.13
TATVA,Tatva Chintan,1722.40,76.90,4029.05,0.06,15.98,155.34,167.06,42.96,7.14
501261,Lords Mark Industries,94.25,72.03,4020.91,0.00,41.22,103150.00,441.98,,13.42
POCL,Pondy Oxides,526.20,28.80,4013.76,0.27,38.05,114.10,931.68,80.34,23.87
GHCL,GHCL,436.20,8.79,4010.17,2.75,115.64,-23.05,790.51,1.16,17.41
KIRLOSIND,Kirloskar Indus.,3787.70,24.45,3980.63,0.34,110.35,1.17,1827.41,4.55,6.98
ELLEN,Ellen.Indl.Gas,281.20,37.96,3963.11,0.00,22.88,25.37,87.43,6.01,15.23
MANINDS,Man Industries,527.35,23.20,3955.63,0.00,50.85,-25.39,1157.30,-5.02,16.21
SAMHI,Samhi Hotels,177.66,9.57,3946.45,0.00,399.40,408.35,344.86,8.17,8.92
SANGHVIMOV,Sanghvi Movers,455.70,20.76,3945.27,0.44,68.79,27.10,351.41,31.41,16.68
GUJTHEM,Guj. Themis Bio.,360.50,84.15,3928.20,0.19,10.89,-9.25,44.23,17.20,17.86
RAYMOND,Raymond,588.40,0.71,3917.20,0.00,11.93,-89.28,602.91,8.15,3.14
VSTIND,VST Industries,230.05,13.42,3907.66,5.22,116.69,120.17,457.06,30.87,28.13
MANINFRA,Man Infra,96.68,21.13,3902.65,0.93,41.05,-44.33,145.52,-50.47,13.24
KSL,Kalyani Steels,892.95,14.93,3898.00,1.12,71.03,-9.30,484.39,-11.01,14.67
AGIIL,AGI Infra,311.75,41.08,3896.79,0.03,26.69,69.57,88.12,5.81,20.11
ASHIANA,Ashiana Housing,386.70,32.97,3887.30,0.65,20.98,3.15,322.81,48.14,14.45
TARC,TARC Ltd,131.45,203.41,3879.04,0.00,1.61,101.55,208.70,1665.65,2.26
RAMRAT,Ram Ratna Wires,414.10,35.30,3865.59,0.60,39.23,116.84,1752.85,83.21,23.58
DECNGOLD,Dec.Gold Mines,194.52,,3865.15,0.00,5.73,-47.27,9.33,1885.11,-13.09
EIEL,Enviro Infra,220.16,20.42,3864.47,0.00,54.39,-28.86,427.31,8.75,20.39
KDDL,KDDL Ltd,3135.20,43.23,3856.07,0.48,34.54,24.58,574.99,37.04,11.20
NRBBEARING,NRB Bearings,397.65,26.31,3854.13,2.00,42.09,-4.74,371.98,12.96,18.41
INDIQUBE,Indiqube Spaces,181.31,,3843.73,0.00,-22.65,27.71,401.45,35.20,6.38
544224,Afcom Holdings,1337.35,31.48,3838.01,0.00,44.66,72.83,190.33,89.59,33.49
TURTLEMINT,Turtlemint Fintech,130.07,,3830.29,0.00,3.12,107.91,357.21,41.95,-35.65
VSTTILLERS,VST Till. Tract.,4416.70,36.05,3821.66,0.45,5.29,-78.82,328.46,8.97,13.75
FOSECOIND,Foseco India,5048.00,39.00,3804.81,0.50,33.49,48.50,201.88,35.94,17.45
ROLEXRINGS,Rolex Rings,139.64,21.20,3802.86,0.00,-0.15,-27.67,305.69,7.68,21.16
HEMIPROP,Hemisphere Prop,133.37,,3801.05,0.00,-1.72,-62.26,0.26,8.33,-1.14
GUFICBIO,Gufic BioScience,378.85,60.16,3799.20,0.03,20.57,158.09,252.05,22.94,12.17
BAJAJELEC,Bajaj Electrical,328.90,,3795.27,0.91,-67.53,-268.45,1239.52,-2.05,2.89
JINDWORLD,Jindal Worldwide,37.83,54.33,3792.84,0.00,26.13,18.66,640.18,5.72,8.94
CAPILLARY,Capillary Tech.,476.25,127.92,3790.41,0.00,43.36,54.34,191.35,25.82,3.62
UNICHEMLAB,Unichem Labs.,537.35,46.20,3783.25,0.00,10.91,-65.85,575.12,-2.05,4.13
543542,Kesar India,1251.10,126.33,3774.74,0.00,14.54,808.75,84.80,108.61,23.36
EMUDHRA,eMudhra,455.75,36.09,3774.14,0.27,29.57,21.22,193.40,31.67,15.69
SINDHUTRAD,Sindhu Trade,24.45,65.63,3770.02,0.00,13.96,123.67,115.26,-61.24,4.44
GREENPLY,Greenply Industr,298.15,33.33,3723.95,0.17,37.61,50.47,724.89,20.65,14.27
DBCORP,D B Corp,208.75,10.57,3721.07,3.35,100.73,24.60,603.74,7.92,18.23
ROSSTECH,Rossell Techsys,983.30,163.51,3706.69,0.02,7.52,9.78,142.07,61.57,11.50
KERNEX,Kernex Microsys.,2205.20,41.95,3705.53,0.00,68.26,109.45,254.58,206.46,47.83
YASHO,Yasho Industries,3072.00,146.63,3703.94,0.02,12.26,143.74,246.26,33.25,8.95
HARSHA,Harsha Engg Intl,405.65,26.45,3693.20,0.37,47.23,200.64,473.91,27.06,13.00
AARTIDRUGS,Aarti Drugs,404.50,18.94,3691.87,0.49,55.26,-12.20,720.30,6.43,11.90
LUXIND,Lux Industries,1226.60,34.76,3688.59,0.16,40.37,-16.19,881.25,7.58,7.84
TRUALT,TruAlt Bioenergy,428.95,38.34,3678.36,0.00,60.94,-46.39,595.52,-34.34,10.44
JKIL,J Kumar Infra,485.65,9.36,3674.70,0.82,105.49,-7.58,1572.54,-3.69,18.34
WSTCSTPAPR,West Coast Paper,553.55,24.22,3656.20,0.54,53.98,17.87,1245.30,19.59,6.17
JTEKTINDIA,JTEKT India,131.62,44.93,3651.10,0.53,27.49,18.62,780.33,20.20,9.84
ORIENTELEC,Orient Electric,170.74,30.55,3643.01,0.88,31.49,95.61,949.76,23.49,19.87
GMMPFAUDLR,GMM Pfaudler,808.05,48.75,3632.77,0.25,15.34,17.24,943.55,16.98,13.64
INDOTECH,Indo Tech.Trans.,3418.00,39.13,3629.92,0.00,23.92,14.01,238.99,15.98,37.71
BOSCH-HCIL,Bosch Home Comfort,1332.80,278.33,3623.88,2.70,40.87,-30.75,965.35,3.52,4.64
SPECTRUM,Spectrum Electr.,2281.60,80.71,3585.27,0.00,26.46,95.51,282.95,67.88,16.76
ROUTE,Route Mobile,568.55,10.12,3582.04,1.58,68.55,17.67,1151.51,9.58,17.24
SANDHAR,Sandhar Tech,593.95,17.81,3575.03,0.59,63.82,56.31,1306.99,28.88,14.41
SMSPHARMA,SMS Pharma.,381.10,34.99,3569.08,0.10,32.71,60.97,237.95,-4.13,13.30
MARINE,Marine Electric.,254.80,60.15,3565.78,0.12,18.57,45.55,277.48,10.66,18.22
PREMEXPLN,Prem. Explosives,662.10,71.69,3559.53,0.08,6.58,75.94,89.21,20.42,22.63
ADVENZYMES,Advanced Enzyme,317.35,22.92,3553.56,1.69,45.25,61.91,203.37,21.65,13.96
SEAMECLTD,SEAMEC Ltd,1396.30,14.12,3550.09,0.00,103.70,141.04,327.07,63.85,20.04
HEIDELBERG,Heidelberg Cem.,156.41,25.42,3544.46,4.48,45.21,-5.67,646.22,5.51,14.67
POLYPLEX,Polyplex Corpn,1128.95,78.84,3544.05,1.20,37.63,145.30,1870.72,7.54,0.98
WHEELS,Wheels India,1441.70,22.73,3522.51,1.00,58.81,51.91,1564.02,22.46,18.83
VENUSPIPES,Venus Pipes,1700.10,34.43,3521.95,0.06,25.50,6.96,302.20,17.07,22.50
FUSION,Fusion Finance,216.48,252.72,3500.13,0.00,114.19,169.39,424.02,-9.02,5.92
HGINFRA,H.G. Infra Engg.,536.85,11.78,3498.71,0.37,84.62,-59.14,1426.81,4.84,11.31
KOLTEPATIL,Kolte Patil Dev.,391.25,,3469.61,0.00,-14.51,-124.48,248.61,-65.41,-0.32
PITTIENG,Pitti Engg.,920.65,29.43,3466.58,0.16,26.61,-26.37,501.09,6.89,14.83
UFLEX,Uflex,478.50,10.43,3455.32,0.63,196.03,76.44,4055.92,6.34,7.03
CMLL,Caliber Mining,528.20,21.01,3453.15,0.00,,,,,21.23
NFL,Natl.Fertilizer,70.31,16.31,3449.27,2.22,151.54,12.43,4347.19,-2.45,9.09
MAYURUNIQ,Mayur Uniquoters,788.65,17.87,3426.89,0.63,59.43,43.20,273.35,9.10,24.74
543971,Bondada Engineer,306.35,16.81,3421.06,0.03,62.88,11.39,913.85,27.93,38.66
BHAGCHEM,Bhagiradha Chem.,263.45,188.01,3416.13,0.06,4.07,562.50,158.10,28.93,4.53
SAMBHV,Sambhv Steel,115.92,23.84,3415.83,0.00,55.78,238.88,685.31,38.37,19.07
KNRCON,KNR Construct.,121.22,7.80,3409.13,0.21,106.10,-50.12,695.59,-28.67,10.39
RELTD,Ravindra Energy,171.45,42.21,3404.13,0.00,12.62,-52.63,133.06,-16.31,15.89
WELSPLSOL,Welspun Special.,51.30,118.94,3399.20,0.00,5.16,788.00,193.67,-3.80,9.90
ASHOKA,Ashoka Buildcon,120.87,4.22,3393.10,0.00,146.80,-64.65,1954.30,-27.47,26.52
ADFFOODS,ADF Foods,307.05,35.89,3373.36,0.39,25.91,57.60,196.73,23.68,21.82
GRAUWEIL,Grauer & Weil,73.97,20.45,3353.88,0.68,49.51,92.35,355.37,4.49,21.35
INDRAMEDCO,Indrapr.Medical,364.60,18.20,3342.40,1.23,41.70,1.68,364.81,9.31,35.83
ANZEN,Anzen IYEP Trust,130.00,,3324.35,9.90,3.60,147.43,155.10,101.95,3.28
FILATEX,Filatex India,73.83,17.83,3278.48,0.34,40.25,-2.73,985.49,-8.75,16.97
SEIL,Shanti Educat.,203.23,555.52,3272.00,0.00,0.98,308.51,23.17,22.98,10.31
63MOONS,63 Moons Tech.,708.30,,3263.74,0.17,25.14,-138.76,133.74,881.22,-3.71
XPROINDIA,XPRO India,1386.20,169.53,3253.47,0.14,13.25,97.41,134.37,-15.07,3.78
GANECOS,Ganesha Ecosphe.,1209.40,84.81,3240.71,0.37,23.21,-2.31,423.94,23.10,5.42
CRIZAC,Crizac,184.44,14.73,3227.38,4.34,74.50,50.26,391.73,15.02,52.34
SHANTIGEAR,Shanthi Gears,420.00,40.24,3222.07,1.19,16.27,-17.10,135.10,-11.82,25.55
GOPAL,Gopal Snacks,258.25,72.32,3219.52,0.39,29.95,119.01,409.63,29.02,12.14
JASH,Jash Engineering,508.00,42.14,3210.24,0.39,56.65,56.91,290.54,-3.28,17.69
ARSSBL,Anand Rathi Shar,508.20,21.71,3205.03,0.98,23.51,67.57,245.68,22.22,19.82
CARYSIL,Carysil,1125.70,32.33,3201.78,0.21,27.38,45.86,233.72,14.47,17.77
CHEMPLASTS,Chemplast Sanmar,202.29,,3198.40,0.00,-45.38,292.99,1255.55,9.09,0.34
TECHNVISN,Technvision Ven.,5074.50,14485.41,3186.79,0.00,-4.24,-410.84,67.11,70.55,12.87
NAVNETEDUL,Navneet Educat.,143.97,20.47,3184.81,2.08,39.00,-47.07,430.00,-0.92,10.23
NIITMTS,NIIT Learning,230.18,13.81,3172.79,1.30,57.41,8.82,565.08,25.20,20.59
NPST,Network People,1519.20,77.63,3169.58,0.13,12.24,134.87,61.98,135.22,19.67
ANTELOPUS,Antelopus Selan,894.45,35.10,3145.10,0.00,38.08,157.65,102.01,65.28,21.22
RML,Rane (Madras),1130.40,28.64,3124.10,1.42,36.96,522.22,1047.87,16.26,13.95
UNIPARTS,Uniparts India,689.50,19.34,3112.62,2.21,51.15,124.05,338.93,34.07,21.60
HERITGFOOD,Heritage Foods,335.30,24.52,3111.45,0.75,24.97,-38.42,1338.09,17.71,14.80
STEELCAS,Steelcast,306.65,35.93,3103.30,0.56,23.18,-13.41,112.43,-6.38,32.30
KKCL,Kewal Kir.Cloth.,502.30,21.81,3095.43,0.80,34.54,6.42,323.80,12.38,18.08
SANGAMIND,Sangam India,615.85,24.63,3094.43,0.32,39.35,618.23,845.54,7.61,10.67
EUROPRATIK,Euro Pratik Sale,301.65,37.17,3082.86,0.07,21.53,45.91,93.49,28.14,38.38
DEEPINDS,Deep Industries,479.60,8.29,3069.44,0.64,-7.22,417.40,248.71,48.72,16.48
TVSSRICHAK,TVS Srichakra,3964.20,43.47,3036.58,0.43,36.09,169.70,980.94,19.86,7.54
CARRARO,Carraro India,534.00,22.56,3035.87,0.85,41.02,77.50,602.93,36.84,28.67
DPABHUSHAN,D.P. Abhushan,1328.05,12.64,3031.66,0.00,64.45,76.96,852.40,57.74,39.57
BEPL,Bhansali Engg.,121.81,15.17,3031.34,3.28,65.60,42.95,472.15,53.34,23.75
WINDMACHIN,Windsor Machines,292.20,2498.41,3023.08,0.00,7.24,212.70,184.64,52.82,2.11
INTERARCH,Interarch Build.,1799.30,22.05,3017.76,0.69,36.60,-5.38,503.62,8.65,22.82
PANAMAPET,Panama Petrochem,498.25,14.18,3014.09,0.60,71.08,60.56,822.77,18.35,19.15
NITINSPIN,Nitin Spinners,535.20,16.95,3008.89,0.56,57.36,23.70,859.79,2.20,12.21
SUNCLAY,Sundaram Clayton,1363.20,,3005.33,0.35,426.41,-44.36,518.11,-11.72,-3.34
BUILDPRO,Shankara Buildpro,1236.20,23.12,2997.70,0.40,41.50,41.69,1996.30,27.95,39.02
ELPROINTL,Elpro Internatio,176.52,34.24,2991.65,0.40,-91.97,-1347.90,185.44,165.37,6.57
BALMLAWRIE,Balmer Lawrie,174.60,10.79,2985.73,4.87,82.80,12.47,743.91,22.32,14.60
WONDERLA,Wonderla Holiday,468.75,34.97,2974.22,0.43,16.42,24.52,135.85,40.37,6.42
SATIN,Satin Creditcare,268.87,8.94,2970.23,0.00,162.04,640.16,919.50,49.48,13.84
RPSGVENT,RPSG Ventures,893.95,,2957.76,0.00,-72.00,-327.88,2927.03,15.18,10.61
ASHIKA,Ashika Credit,399.25,48.96,2951.48,0.00,-35.50,24.89,49.79,13.99,13.33
MOREPENLAB,Morepen Labs.,53.80,39.60,2947.99,0.37,15.70,-22.54,484.72,4.05,8.05
TCPLPACK,TCPL Packaging,3226.50,27.72,2936.12,0.77,21.17,-36.69,436.06,6.45,17.88
KITEX,Kitex Garments,147.04,292.76,2933.45,0.34,-9.28,-111.83,166.17,-44.64,1.53
DALMIASUG,Dalmia Bharat,361.95,12.67,2929.60,1.66,105.46,-46.94,990.73,-2.44,8.25
HLEGLAS,HLE Glascoat,418.95,54.38,2909.81,0.26,20.15,-9.28,391.69,17.37,11.79
RSYSTEMS,R Systems Intl.,245.51,12.60,2909.11,5.09,65.41,69.50,574.77,29.90,19.48
APCOTEXIND,Apcotex Industri,561.05,28.99,2908.76,1.43,34.74,107.28,397.58,13.79,19.80
542866,Colab Platforms,141.90,613.30,2894.76,0.01,0.83,-12.63,50.85,148.90,24.27
DIVGIITTS,Divgi Torq,945.60,61.62,2891.92,0.27,15.48,189.35,107.62,84.85,10.21
EFCIL,EFC (I),195.30,12.48,2889.39,0.00,68.86,58.16,292.88,38.80,19.85
PRINCEPIPE,Prince Pipes,261.20,38.39,2887.86,0.19,56.11,132.05,850.07,18.12,6.12
KPL,Kwality Pharma,2781.70,42.47,2886.35,0.00,25.31,74.60,157.11,35.81,24.25
DCAL,Dishman Carbogen,183.58,29.04,2878.22,0.00,21.74,-59.43,851.40,18.85,3.15
INDOTHAI,Indo Thai Sec.,216.30,41.87,2873.29,0.05,11.03,28.70,20.62,46.87,34.58
POKARNA,Pokarna,926.50,35.67,2872.52,0.06,25.61,-56.56,147.24,-43.95,11.48
VSSL,Vardhman Special,296.25,19.99,2864.77,1.01,41.19,106.98,486.01,12.06,15.38
RAMCOIND,Ramco Inds.,329.15,9.50,2858.39,0.38,87.63,128.93,501.83,18.74,4.57
DDEVPLSTIK,DDev Plastiks,275.65,14.13,2852.33,0.63,54.52,5.39,765.66,3.92,31.00
544786,Schneider APW,2356.25,73.55,2850.12,0.00,9.13,-57.89,81.46,-19.51,23.88
BBL,Bharat Bijlee,2519.40,23.70,2847.71,1.39,39.30,-21.88,767.09,23.90,8.37
ORIANA,Oriana Power Ltd,1398.25,11.26,2841.13,0.00,130.41,19.02,1032.49,64.51,39.61
MONARCH,Monarch Networth,357.75,15.66,2837.26,0.28,45.56,84.16,99.87,63.80,27.68
GATEWAY,Gateway Distri,56.38,10.92,2816.99,3.55,63.70,25.51,533.65,-0.24,10.83
DREDGECORP,Dredging Corpn.,1003.30,591.42,2809.24,0.00,86.91,261.22,478.23,3.42,4.28
STALLION,Stallion India,241.90,64.05,2808.11,0.00,10.93,-17.63,109.99,-27.43,11.76
JUBLCPL,Jubilant Agri,1851.50,21.51,2805.48,0.00,19.93,30.04,485.20,21.82,39.86
NSIL,Nalwa Sons Invst,5452.50,51.41,2802.59,0.00,5.51,121.44,27.38,122.96,0.48
MAITHANALL,Maithan Alloys,959.30,6.44,2792.67,1.67,-70.68,-15.44,559.18,28.48,14.83
ARVSMART,Arvind SmartSp.,608.80,28.95,2792.38,0.99,44.17,120.99,155.39,-4.72,12.90
JINDALPOLY,Jindal Poly Film,637.35,,2790.73,0.93,-96.92,-453.42,371.66,-68.66,5.36
PATELENG,Patel Engineerin,28.02,6.98,2779.98,0.00,43.63,-6.06,1421.48,-11.81,13.50
BOROLTD,Borosil,232.34,35.78,2778.50,0.00,10.59,-4.94,284.12,5.16,11.52
JTLIND,JTL Industries,72.64,28.18,2775.15,0.17,37.86,104.58,692.68,47.55,9.57
HUBTOWN,Hubtown,194.98,18.66,2770.68,0.00,26.22,546.18,160.00,65.37,9.52
SASKEN,Sasken Technol.,1821.00,48.09,2765.46,1.37,29.00,144.70,334.02,125.67,9.90
SIYSIL,Siyaram Silk,609.45,13.54,2765.08,1.97,97.78,35.71,853.29,15.91,18.82
GANDHAR,Gandhar Oil Ref.,282.46,9.17,2764.71,0.71,205.89,633.09,1731.93,91.81,13.19
GKENERGY,GK Energy,136.14,13.72,2761.15,0.00,59.05,31.66,418.57,18.74,40.87
ORIENTCEM,Orient Cement,133.80,12.92,2749.05,0.37,77.00,-62.44,604.00,-30.25,16.46
ROADSTAR,Roadstar Infra,60.00,,2732.86,8.83,-155.64,-1623.01,286.67,-9.82,2.18
NXT-INFRA,Nxt-Infra Trust,95.50,26.99,2721.75,18.03,-1.19,-101.27,87.47,-26.91,6.35
EASEMYTRIP,Easy Trip Plann.,6.83,,2721.52,0.00,-15.41,-188.41,151.91,8.91,0.63
AUTOAXLES,Automotive Axles,1798.90,16.10,2718.14,1.78,53.89,17.33,664.30,18.70,21.55
SPORTKING,Sportking India,213.74,22.69,2716.04,0.47,32.76,-7.30,636.78,1.27,13.00
ROSSARI,Rossari Biotech,489.80,18.00,2713.20,0.10,35.10,4.46,697.20,28.23,13.33
INDNIPPON,India Nipp.Elec.,1198.00,29.71,2710.05,1.29,39.83,4.11,299.46,28.11,16.96
MANGLMCEM,Mangalam Cement,984.05,18.53,2705.87,0.15,65.23,371.61,490.40,-2.49,10.76
PANACEABIO,Panacea Biotec,441.20,,2702.38,0.00,-1.00,93.02,166.75,25.82,-2.44
PARAGMILK,Parag Milk Foods,214.20,19.20,2690.56,0.47,32.24,23.01,945.34,2.95,13.52
ZAGGLE,Zaggle Prepaid,199.97,20.24,2688.77,0.00,37.77,18.18,592.71,44.05,13.49
BNAGROCHEM,BN Agrochem,274.90,78.20,2687.78,0.00,2.95,-84.68,261.36,22.02,4.38
HIKAL,Hikal,217.40,73.84,2680.56,0.64,14.40,22.51,519.40,-5.97,3.52
NOCIL,NOCIL,160.11,58.11,2674.24,0.94,17.00,-18.23,330.35,-2.75,3.93
RAMCOSYS,Ramco Systems,710.95,42.41,2672.03,0.00,0.56,-36.17,172.77,7.10,19.33
544310,Yash Highvoltage,931.30,68.48,2664.45,0.11,23.72,68.89,135.57,46.53,28.66
MMFL,M M Forgings,551.85,23.54,2664.42,0.72,48.10,32.80,413.34,16.51,9.47
FMGOETZE,Federal-Mogul Go,478.85,14.60,2663.84,0.00,50.80,-14.39,488.58,6.50,18.52
FLAIR,Flair Writing,252.50,19.04,2661.23,0.40,36.53,16.15,322.95,8.35,16.80
DIAMONDYD,Prataap Snacks,1111.40,247.66,2657.42,0.04,1.14,109.55,420.18,4.89,3.08
AIMTRON,Aimtron,1283.95,57.56,2646.12,0.00,25.69,77.79,178.58,75.94,27.65
KIRIINDUS,Kiri Industries,405.55,,2642.89,0.00,514.36,699.61,250.50,22.18,-1.69
IMAGICAA,Imagica. Enter.,46.66,4190.97,2640.31,0.00,0.40,-97.76,91.86,-2.69,1.86
UFBL,United Foodbrands,674.85,,2637.74,0.00,-15.07,33.71,360.40,23.10,1.52
JNKINDIA,JNK,470.90,40.57,2634.87,0.06,33.04,146.60,338.44,77.25,17.35
RAJESHEXPO,Rajesh Exports,88.93,23.34,2625.75,0.00,-53.50,-2843.59,236864.21,18.91,1.86
PARKHOTELS,Apeejay Surrend.,122.39,39.08,2611.49,0.41,11.88,-54.63,183.70,3.60,9.43
CONFIPET,Confidence Petro,78.30,28.01,2601.45,0.13,34.39,37.50,1215.69,31.45,9.23
ADOR,Ador Welding,1493.90,21.71,2599.81,1.54,27.35,890.46,308.63,23.19,22.71
EVEREADY,Eveready Inds.,357.00,25.93,2594.94,0.70,141.76,790.21,327.23,9.43,17.23
CAPINVIT,Capital Infra,72.24,6.33,2593.28,3.21,125.62,270.40,259.29,37.41,7.19
SUNDROP,Sundrop Brands,687.05,128.66,2589.96,0.00,9.85,-65.94,386.55,27.21,1.97
RELINFRA,Reliance Infra.,63.19,1.13,2582.14,0.00,1640.15,-71.11,4001.28,-2.60,15.34
MARATHON,Marathon Nextgen,382.75,12.61,2581.44,0.26,45.52,-16.14,113.55,-23.58,12.50
UTKARSHBNK,Utkarsh Small F.,14.45,,2571.41,0.00,-188.02,-6430.64,836.75,-4.87,1.46
RAMKY,Ramky Infra,371.10,11.34,2567.93,0.00,52.12,54.83,506.68,3.64,13.66
BLSE,BLS E-Services,282.32,44.61,2565.06,0.35,18.24,11.67,323.37,35.18,17.00
STOVEKRAFT,Stove Kraft,773.40,60.98,2560.52,0.39,6.05,317.24,414.52,32.44,11.30
GLOBUSSPR,Globus Spirits,880.45,25.47,2560.38,0.31,26.48,49.05,788.78,12.71,11.45
VIMTALABS,Vimta Labs,570.45,31.55,2549.16,0.35,21.04,11.38,109.07,11.80,25.23
543619,Concord Control,2453.50,60.08,2547.57,0.00,24.88,73.02,128.93,72.57,30.64
MEDIASSIST,Medi Assist Ser.,340.05,26.43,2540.24,0.00,54.47,148.10,241.99,28.13,13.95
SILVERTUC,Silver Touch,200.14,71.03,2537.98,0.02,13.22,43.54,100.53,17.35,28.93
EPACKPEB,EPack PrefabTech,251.92,27.37,2535.10,0.00,30.29,51.30,470.80,42.41,21.71
SPAL,S P Apparels,1002.80,25.00,2520.93,0.20,18.59,-39.23,364.91,-8.59,14.04
ARKADE,Arkade,135.61,13.69,2517.78,0.74,-109.57,118.04,196.58,49.55,19.29
BOMDYEING,Bombay Dyeing,121.71,385.54,2513.74,0.33,21.04,81.58,395.84,10.26,1.27
NITCO,Nitco,104.11,76.13,2504.53,0.00,-7.79,-171.23,152.33,62.85,7.07
NILKAMAL,Nilkamal Ltd,1676.10,19.84,2500.74,1.19,41.69,21.65,965.18,7.96,10.61
FISCHER,Fischer Medical,37.94,80.05,2483.23,0.01,-7.10,-641.98,97.73,98.76,11.43
RANEHOLDIN,Rane Holdings,1738.40,31.37,2482.44,2.70,87.54,787.20,1608.65,17.11,9.52
INA,Insolation Ener,112.57,12.37,2481.60,0.09,69.84,64.76,793.93,100.10,22.20
ELITECON,Elitecon Inter.,15.51,7.74,2479.27,0.32,103.57,676.39,1741.26,1750.04,
RAJRATAN,Rajratan Global,488.30,31.13,2479.15,0.41,22.96,69.82,318.35,29.14,13.23
GSPCROP,GSP Crop Science,530.50,24.39,2467.82,0.00,19.64,-9.49,402.47,30.68,18.95
ADVAIT,Advait Energy,2252.40,47.66,2464.80,0.08,19.08,55.55,228.20,18.04,27.91
MUFIN,Mufin Green,124.32,87.14,2463.55,0.00,11.09,184.36,64.66,59.50,10.73
KLBRENG-B,Kilburn Engg.,439.50,25.58,2461.22,0.46,24.86,21.80,189.18,49.03,23.18
GIPCL,Guj Inds. Power,157.23,6.06,2440.46,2.60,326.85,368.74,428.26,26.61,5.47
VEEDOL,Veedol Corporat,1398.80,12.72,2437.27,4.15,57.46,-3.75,606.98,14.04,24.23
REPCOHOME,Repco Home Fin,388.40,5.11,2429.88,1.16,135.18,12.04,453.52,6.42,10.17
DRAGARWQ,Dr Agarwal's Eye,5021.50,34.62,2426.80,0.12,16.24,1.56,120.01,20.21,17.36
TALBROAUTO,Talbros Auto.,391.75,23.23,2418.20,0.18,31.62,18.96,236.55,14.91,18.56
MOLDTKPAC,Mold-Tek Pack.,727.45,33.45,2417.24,0.55,20.64,26.86,237.86,17.40,13.32
SIKA,Sika Interplant,1139.60,68.79,2416.05,0.31,7.83,-1.01,41.33,-10.19,34.56
BETA,Beta Drugs Ltd,2315.60,52.93,2412.98,0.00,16.48,35.04,125.55,25.29,19.16
PROTEAN,Protean eGov,593.90,23.22,2412.49,1.68,30.38,51.37,307.54,38.44,12.69
AJMERA,Ajmera Realty,122.57,16.10,2412.12,0.73,58.53,119.94,431.13,184.78,14.28
ORIENTHOT,Oriental Hotels,134.84,35.86,2408.23,0.48,5.30,-20.06,111.48,3.56,12.12
PIXTRANS,Pix Transmission,1766.10,22.65,2407.19,0.51,20.22,-10.73,170.77,4.91,21.73
HUHTAMAKI,Huhtamaki India,318.68,17.64,2406.73,0.63,43.73,76.83,750.02,22.51,11.98
RISHABH,Rishabh Instrum.,622.30,29.52,2405.93,0.32,20.03,212.20,204.86,9.29,14.50
CAMLINFINE,Camlin Fine,124.47,65.62,2391.03,0.00,86.28,-60.50,424.81,-1.57,4.78
KNACK,Knack Packaging,194.88,25.50,2384.65,0.00,,,,,35.26
GREENPANEL,Greenpanel Inds.,194.24,,2381.91,0.26,1.37,-95.34,398.93,6.52,-0.40
SAIPARENT,Sai Parenteral's,535.60,165.94,2366.24,0.00,13.16,,197.93,,5.97
SOLARA,Solara Active,491.95,550.55,2350.85,0.00,16.31,55.04,381.60,19.57,4.86
NIBE,NIBE,1504.30,414.20,2331.93,0.08,27.57,282.59,259.50,130.48,4.79
539682,Mobavenue AI Tech,300.95,79.26,2326.28,0.07,8.44,752.53,62.62,1285.40,75.89
515008,Modern Insulator,492.90,29.13,2323.72,0.00,23.84,186.54,202.51,26.60,19.40
SAGCEM,Sagar Cements,177.54,,2320.58,0.00,100.05,297.08,786.96,19.59,1.97
KICL,Kalyani Invest.,5298.00,62.97,2315.23,0.00,19.31,-24.81,21.80,1.68,0.49
COSMOFIRST,Cosmo First,881.00,14.36,2312.60,0.45,36.91,53.17,1020.68,36.85,11.23
TASTYBITE,Tasty Bite Eat.,8999.00,64.68,2309.14,0.11,6.01,-2.91,117.70,-11.99,14.03
513119,Onix Solar,623.85,38.26,2300.01,0.00,20.83,1962.38,93.74,107.39,10.21
ANANTAM,Anantam Highways,105.42,11.88,2292.89,2.37,202.87,405840.00,222.54,,13.71
TVSINVIT,TVS Infra. Trust,116.05,67.47,2288.51,3.96,5.66,,56.08,,
BRIGHOTEL,Brigade Hotel,60.16,39.04,2285.13,0.00,25.11,102.47,136.39,1.70,12.85
VINCOFE,Vintage Coffee,156.18,31.52,2275.36,0.06,21.01,34.34,165.31,57.23,18.18
RHETAN,Rhetan TMT Ltd,28.35,219.33,2259.14,0.00,2.22,362.50,8.49,30.82,10.93
ALEMBICLTD,Alembic,87.94,7.25,2258.14,2.73,67.13,-1.93,60.04,-0.38,6.07
EPACK,Epack Durable,234.57,692.40,2257.23,0.00,0.02,-99.95,591.05,-8.12,4.55
TAJGVK,TajGVK Hotels,359.90,14.64,2256.63,0.56,319.75,36.09,158.52,27.06,13.25
VERANDA,Veranda Learning,233.78,96.64,2252.49,0.00,15.69,103.09,132.39,51.60,12.83
ORISSAMINE,Orissa Minerals,3747.00,,2248.20,0.00,-7.61,75.97,29.00,331.55,9.64
INDOCO,Indoco Remedies,243.42,,2246.85,0.08,-23.68,38.96,475.61,21.89,0.93
EMSLIMITED,EMS,403.30,24.74,2239.56,0.37,5.71,-88.00,120.50,-55.34,12.51
VINDHYATEL,Vindhya Telelink,1886.00,10.15,2234.91,0.32,103.47,-5.89,1009.30,-18.02,8.15
SIRCA,Sirca Paints,393.45,34.36,2234.51,0.51,17.71,25.07,134.29,33.07,20.28
SAKSOFT,Saksoft,168.30,16.32,2230.84,0.59,35.93,19.65,248.85,3.74,25.48
EXICOM,Exicom Tele-Sys.,160.30,,2229.45,0.00,-54.31,13.57,387.95,46.10,-14.66
PRAKASH,Prakash Industri,123.77,6.65,2216.50,1.21,93.32,2.74,919.87,8.91,9.55
JISLJALEQS,Jain Irrigation,30.37,,2211.33,0.00,-19.04,-164.41,1823.97,4.30,5.30
PENIND,Pennar Industrie,162.84,15.90,2206.42,0.00,41.04,15.38,924.80,2.10,15.33
VENUSREM,Venus Remedies,1649.00,18.97,2204.22,0.61,22.97,139.27,178.86,30.38,21.67
TEAMLEASE,Team Lease Serv.,1313.70,15.22,2202.93,0.00,46.05,25.60,2924.87,2.34,15.36
ELCIDIN,Elcid Investment,109500.00,20.21,2190.00,0.02,-41.22,-110.95,-63.72,-264.53,1.43
BFUTILITIE,BF Utilities,580.40,867.38,2185.79,0.00,-3.64,-6985.71,1.67,-29.54,3.88
HMT,HMT,61.39,,2183.04,0.00,-27.24,-9.31,20.83,-28.64,
SANSTAR,Sanstar,108.97,63.35,2182.32,0.00,20.49,271.20,216.78,-4.47,5.69
GNA,GNA Axles,507.00,16.46,2176.59,0.59,38.27,66.46,470.44,36.67,14.33
SERVOTECH,Servotech Renew,95.64,57.66,2159.98,0.05,8.06,74.62,215.79,57.81,12.82
APOLLOPIPE,Apollo Pipes,490.30,,2159.68,0.14,-0.13,-89.88,347.02,10.24,1.23
TCIEXP,TCI Express,561.15,26.13,2155.88,1.43,16.03,-9.50,328.08,6.77,13.76
JAYKAY,Jaykay Enter.,165.16,32.14,2151.82,0.00,179.82,586.84,61.16,458.03,8.18
HPL,HPL Electric,333.50,22.57,2144.42,0.30,30.90,-16.91,519.70,5.51,13.46
HINDOILEXP,Hind.Oil Explor.,162.04,67.77,2142.87,0.00,7.77,-84.81,-205.89,-574.51,3.41
ALPEXSOLAR,Alpex Solar,836.35,10.57,2136.29,0.00,53.27,50.27,671.96,105.25,43.53
STYLEBAAZA,Baazar Style,280.40,96.88,2134.33,0.00,-25.64,22.03,465.71,34.86,7.43
NELCO,NELCO,932.80,356.56,2128.65,0.11,2.34,15.56,80.03,7.01,7.21
LANDMARK,Landmark Cars,512.80,54.46,2126.32,0.10,15.03,1089.82,1278.52,17.16,9.26
GEOJITFSL,Geojit Fin. Ser.,76.15,27.33,2125.51,1.97,19.83,-28.49,160.40,11.38,9.02
VENKEYS,Venky's (India),1505.20,15.23,2120.43,0.66,101.37,662.18,1100.47,30.52,11.89
HONDAPOWER,Honda India,2089.20,29.53,2118.45,6.05,26.92,-29.45,264.53,-1.54,11.49
SHRINGARMS,Shringar House,219.66,18.34,2118.23,0.00,34.01,123.46,725.56,106.50,26.83
SPANDANA,Spandana Sphoort,261.50,,2111.64,0.00,11.88,103.30,283.91,-5.51,-5.81
524520,KMC Speciality,128.90,44.99,2102.36,0.00,14.63,223.67,82.25,34.99,26.04
BGRENERGY,BGR Energy Sys.,291.10,,2100.62,0.00,-770.59,-132.48,50.12,-61.47,-26.94
KCP,K C P,162.64,10.40,2096.77,0.31,121.10,130.30,683.75,7.71,12.20
BHARATRAS,Bharat Rasayan,1261.10,13.35,2096.08,0.03,39.12,51.97,308.02,0.49,17.53
BAJEL,Bajel Projects,178.90,71.37,2069.82,0.34,14.14,193.36,1007.77,25.75,10.96
GMBREW,G M Breweries,904.45,12.25,2066.39,1.00,37.74,45.94,199.58,22.55,17.96
THEJO,Thejo Engg.,1898.80,40.21,2059.72,0.26,16.59,4.07,181.17,18.26,19.40
KPEL,K.P. Energy,302.80,11.32,2052.93,0.21,78.69,71.85,631.81,57.48,39.22
SURYODAY,Suryoday Small,193.10,10.70,2052.46,0.78,75.18,113.10,622.36,25.69,7.33
LAOPALA,La Opala RG,184.35,21.85,2046.29,4.07,16.17,-37.06,68.39,-11.30,15.27
ANONDITA,Anondita Medi.,1128.70,61.03,2041.44,0.00,21.27,85.87,83.32,82.76,43.60
INDIANHUME,Indian Hume Pipe,387.15,33.83,2039.57,0.52,22.98,-36.06,351.30,-10.41,9.51
SOMANYCERA,Somany Ceramics,496.70,24.40,2037.11,1.21,37.40,88.57,817.93,6.36,12.80
TIRUMALCHM,Thirumalai Chem.,167.74,,2022.15,0.00,-28.00,-42.39,424.25,-18.89,-3.15
PARACABLES,Paramount Comm.,61.64,33.77,2017.10,0.00,20.52,9.50,573.31,13.07,12.35
ARMANFIN,Arman Financial,1917.30,35.61,2016.00,0.00,41.01,221.39,175.58,-11.92,11.74
543920,CFF Fluid,960.30,51.35,2014.14,0.13,20.07,104.80,104.61,59.64,23.50
HESTERBIO,Hester Bios,2367.40,37.55,2013.92,0.46,16.54,993.46,100.11,22.19,15.25
DCXINDIA,DCX Systems,180.68,,2012.53,0.00,-0.30,-101.45,207.27,-62.31,0.87
CANTABIL,Cantabil Retail,239.83,20.95,2005.89,0.42,29.23,29.85,253.46,15.33,19.07
MSPL,MSP Steel & Pow.,35.37,14.81,2004.76,0.00,85.20,351.85,816.32,7.40,9.69
SBC,SBC Exports,42.07,79.28,2003.33,0.00,8.22,104.99,141.60,47.04,18.17
516038,KS Smart Technlogies,122.10,26.88,2003.29,0.00,56.58,,814.69,,
MUKANDLTD,Mukand,138.40,29.03,1999.82,1.45,554.98,4991.56,1269.09,14.65,4.44
SUMEETINDS,Sumeet Industrie,28.77,73.73,1998.80,0.00,7.50,100.25,265.72,9.34,13.23
ESAFSFB,ESAF Small Fin,38.69,,1996.42,0.00,23.51,112.83,995.08,11.55,5.65
544037,Amic Forging,1724.80,70.46,1991.94,0.00,15.87,23.69,75.20,30.44,23.46
NGLFINE,NGL Fine Chem,3205.50,47.59,1981.00,0.05,11.35,2282.69,144.75,55.61,15.07
JGCHEM,J.G.Chemicals,505.35,30.06,1980.27,0.20,18.90,18.63,286.17,27.61,18.13
TINNARUBR,Tinna Rubber,1098.85,32.10,1979.66,0.36,20.57,75.21,156.18,19.89,22.31
INDSWFTLAB,Ind-Swift Labs.,227.49,39.98,1978.29,0.00,15.11,9.35,169.79,22.82,4.70
KRISHNADEF,Krishna Defence,1316.80,51.66,1968.32,0.09,12.30,64.44,64.85,42.18,31.07
GOCLCORP,GOCL Corpn.,396.55,7.30,1965.80,2.52,75.15,118.14,2.33,-21.81,13.09
HGS,Hinduja Global,422.55,,1965.71,0.00,-13.58,-430.06,1084.67,-6.58,1.42
MVKAGRO,M.V.K. Agro,387.70,41.99,1958.04,0.00,30.60,534.85,133.94,96.13,14.37
DYCL,Dynamic Cables,402.40,21.39,1949.98,0.12,24.95,37.01,349.10,33.22,26.21
SHK,S H Kelkar & Co.,140.65,39.85,1946.89,0.71,1.80,-96.22,649.94,14.55,5.85
AWFIS,AWFIS Space,271.85,27.46,1945.45,0.00,23.25,110.41,410.14,20.74,13.17
AEROPLANE,A C J K Exports,187.84,18.83,1945.11,0.00,19.96,65.64,694.68,19.70,15.70
GRANDOAK,Grand Oak Canyon,37.48,21608.67,1944.78,0.00,0.01,111.11,0.00,,0.00
NDRAUTO,NDR Auto Compon.,812.75,30.92,1933.15,0.49,18.45,12.57,229.07,19.28,22.18
SCILAL,Shipping Land,41.33,66.80,1925.15,1.33,-0.84,99.63,5.81,19.06,1.31
ALGOQUANT,Algoquant Fin,68.41,58.73,1922.98,0.00,15.88,1398.11,77.28,43.35,31.43
PRABHA,Prabha Energy,139.86,3359.23,1914.76,0.00,0.10,111.24,1.44,41.18,0.10
NUCLEUS,Nucleus Soft.,724.55,16.94,1907.40,1.73,34.55,-43.21,224.77,-1.83,16.83
HATHWAY,Hathway Cable,10.76,25.13,1904.63,0.00,24.56,-21.04,565.10,6.52,2.54
GOODYEAR,Goodyear India,822.85,24.90,1898.31,3.22,9.69,350.92,616.28,2.25,17.40
BCG,Brightcom Group,9.40,1.97,1896.85,0.00,207.83,72.22,1596.64,61.69,14.87
EIHAHOTELS,EIH Assoc.Hotels,310.90,21.04,1894.51,1.13,37.63,-18.69,127.19,-9.09,21.16
SIMPLEXINF,Simplex Infra,239.25,48.01,1892.36,0.00,18.80,-43.16,282.90,0.34,2.40
MARSONS,Marsons,109.92,40.86,1891.72,0.05,22.58,149.89,92.26,65.34,25.39
539607,Blue Cloud Soft.,20.46,31.22,1888.62,0.00,12.11,-7.13,277.52,51.14,14.16
VIDYAWIRES,Vidya Wires,88.54,32.66,1883.18,0.00,19.61,54.53,598.78,57.73,20.69
RICOAUTO,Rico Auto Inds,139.07,33.27,1881.62,0.36,6.87,-20.96,677.49,24.25,9.01
PFS,PTC India Fin,29.28,5.85,1880.61,0.00,45.50,-21.78,119.08,-22.16,11.79
GRMOVER,GRM Overseas,90.20,25.14,1869.03,0.00,21.61,5.52,597.20,104.95,13.99
VIKRAN,Vikran Engg.,71.43,19.90,1842.26,0.00,56.00,48.31,647.40,82.19,16.55
SPICEJET,SpiceJet,12.03,,1835.90,0.00,-269.27,-1104.04,1384.31,12.45,9.10
CEINSYS,Ceinsys Tech,870.05,13.56,1821.68,0.40,37.17,69.96,170.71,19.89,27.46
CAPACITE,Capacit'e Infra.,212.75,9.53,1799.95,0.00,44.55,-11.04,711.78,6.03,15.48
539724,Hypersoft Tech.,212.85,439.50,1797.55,0.00,2.64,,38.28,,
INSECTICID,Insecticid.India,616.10,12.94,1792.72,0.32,11.71,-15.69,426.26,18.76,15.81
540718,Aayush Art,1168.95,226.86,1789.92,0.00,7.53,382.69,168.63,257.34,18.86
SAKAR,Sakar Healthcare,802.20,49.46,1784.89,0.00,10.28,120.13,72.97,38.36,12.67
STUDDS,Studds Accessor.,450.60,21.46,1773.26,0.00,21.10,6.08,167.54,11.88,22.74
HINDWAREAP,Hindware Home In,211.90,1322.74,1772.47,0.00,-18.82,-139.01,662.73,-5.19,7.02
WINDLAS,Windlas Biotech,857.95,26.65,1770.49,0.73,16.02,-1.66,238.50,17.66,15.90
KRSNAA,Krsnaa Diagnost.,544.80,17.21,1767.26,0.50,43.38,105.89,173.02,-0.93,12.70
SHALBY,Shalby,163.10,47.12,1761.64,0.00,18.46,266.24,287.45,8.52,6.48
DISAQ,Disa India,12110.00,31.32,1761.04,1.65,13.18,-15.84,90.81,-16.17,26.63
JAICORPLTD,Jai Corp,100.33,10.31,1760.84,0.50,20.79,-11.25,120.62,-10.90,13.27
KOTIC,Kothari Indl,163.00,,1760.75,0.00,-31.98,-145.62,44.52,68.51,-28.92
JINDRILL,Jindal Drilling,605.10,8.21,1753.58,0.17,45.38,-32.23,262.87,7.29,15.40
504092,Indokem,628.25,936.94,1752.08,0.00,0.34,-90.81,45.50,-16.41,6.29
SOLARWORLD,Solarworld Ene.,201.93,14.53,1750.18,0.00,49.06,419.70,591.81,235.47,23.80
5PAISA,5paisa Capital,373.10,39.57,1749.18,0.00,11.57,0.17,88.33,13.70,9.93
KODYTECH,Kody Technolab,1223.00,104.30,1748.09,0.00,12.28,65.50,48.60,52.93,16.77
JAYBARMARU,Jay Bharat Maru.,161.36,12.67,1746.72,0.43,78.86,302.35,766.01,25.44,16.44
505504,GHV Infra,241.55,41.20,1740.97,0.00,19.84,41.92,213.60,29.49,45.97
NITTAGELA,Nitta Gelatin,1909.00,17.70,1733.37,0.37,34.10,104.57,161.73,25.24,27.70
BFINVEST,BF Investment,460.05,6.14,1732.55,2.17,114.24,3530.63,37.44,41.44,4.86
538992,Sar Auto Prod.,3632.90,2583.55,1730.98,0.00,0.20,157.14,6.08,164.35,2.14
ACCELYA,Accelya Solution,1158.90,16.56,1729.80,7.77,21.38,-29.32,136.05,-0.47,53.61
ASIANENE,Asian Energy,355.70,29.96,1729.76,0.28,32.65,50.57,338.23,56.99,16.51
TBZ,T B Z,258.89,8.54,1727.59,0.87,67.64,612.75,829.69,56.74,21.36
IPL,India Pesticides,149.98,14.41,1727.22,0.50,30.62,40.65,266.49,28.59,16.67
HITECH,Hi-Tech Pipes,84.79,22.61,1722.15,0.03,17.60,-0.17,1480.36,101.76,9.77
524717,Titan Biotech,415.95,57.50,1718.64,0.10,6.73,66.17,48.83,38.84,22.76
SKMEGGPROD,SKM Egg Prod.,324.75,16.48,1710.13,0.23,32.79,414.65,186.65,58.93,30.00
MTNL,M T N L,27.11,,1707.93,0.00,-306.95,62.92,370.51,34.53,-2.25
GOCOLORS,Go Fashion (I),324.15,28.81,1704.90,0.00,7.95,-60.03,196.12,-4.24,10.58
MBEL,M & B Engineer.,296.30,18.11,1693.30,0.00,27.00,-5.33,363.71,15.96,22.96
TIL,TIL,211.39,,1693.05,0.00,-9.97,-144.98,108.84,7.21,2.90
SPMLINFRA,SPML Infra,199.39,22.65,1691.70,0.00,27.18,126.31,290.51,53.68,6.76
YATRA,Yatra Online,107.67,33.58,1689.52,0.00,8.20,-46.12,189.01,-13.68,7.24
DELTACORP,Delta Corp,62.99,18.86,1686.69,1.98,16.45,-28.81,161.25,-11.72,5.02
MONOLITH,Monolithisch Ind,774.75,73.12,1684.00,0.00,8.11,80.62,40.65,34.87,34.79
544563,Zelio E-Mobility,795.45,60.02,1682.38,0.00,16.21,80.92,170.22,75.65,38.41
544150,KP Green Engg.,333.75,12.29,1668.75,0.12,77.44,66.47,713.50,65.06,36.69
543953,Khazanchi Jewell,673.40,18.64,1666.46,0.07,25.59,104.07,507.85,-18.35,34.79
TARSONS,Tarsons Products,312.75,110.49,1664.03,0.00,4.18,-60.59,120.93,7.31,4.56
SIGNPOST,Signpost India,309.40,23.62,1653.74,0.16,21.01,2183.70,161.92,46.08,25.13
IZMO,IZMO,1104.50,34.75,1652.62,0.00,17.30,151.09,109.16,82.51,12.58
ASALCBR,Assoc.Alcohols,821.45,19.93,1649.41,0.24,17.92,-24.26,280.86,5.31,17.98
GARUDA,Garuda Cons,174.69,13.26,1625.35,0.01,34.42,90.80,149.05,84.15,41.81
539895,Spice LoungeFood,23.29,167.55,1623.60,0.00,4.96,236.26,47.02,35.27,6.42
DANISH,Danish Power,823.75,23.17,1622.10,0.00,41.17,9.23,309.84,18.61,23.75
BLUSPRING,Bluspring Enter.,108.42,,1620.24,0.00,3.82,136.51,864.80,7.90,5.14
SUMMITSEC,Summit Securitie,1482.80,15.45,1616.52,0.00,-23.24,-400.86,11.43,16.51,1.52
WENDT,Wendt India,8074.50,95.27,1614.90,0.37,6.18,63.49,71.28,36.63,7.82
MOTISONS,Motisons Jewel,14.17,25.21,1611.85,0.00,8.30,-23.52,137.47,15.76,17.86
NINSYS,NINtec Systems,866.60,50.29,1609.80,0.00,8.74,18.91,46.37,22.51,54.95
WALCHANNAG,Walchan. Inds.,237.10,,1608.54,0.00,2.94,104.03,93.02,75.24,4.17
DLINKINDIA,D-Link India,452.20,18.04,1605.53,5.75,27.61,0.66,443.71,20.00,25.89
537392,Keto Motors,227.65,,1603.44,0.00,0.07,800.00,2.13,,-0.30
OMAXE,Omaxe,87.66,,1603.31,0.00,-191.42,-28.98,348.52,-35.61,-109.77
VINYAS,Vinyas Innovativ,1272.75,51.89,1601.72,0.00,21.53,73.49,302.39,22.36,18.70
UEL,Ujaas Energy,119.98,588.42,1600.51,0.00,0.42,40.00,5.64,-27.41,3.89
AURUM,Aurum Proptech,221.25,1696.43,1594.64,0.00,45.18,100.53,111.84,70.90,1.84
511144,Axis Solution,336.25,54.68,1589.13,0.15,15.72,10.47,116.47,18.14,23.07
ASIANTILES,Asian Granito,53.47,75.96,1585.25,0.00,-32.67,-739.21,538.50,4.61,3.12
MMWL,Media Matrix,13.99,270.89,1584.71,0.00,2.08,805.00,300.67,10.63,9.78
MOBIKWIK,One Mobikwik,201.02,,1582.97,0.00,4.38,114.40,288.71,7.82,-2.24
IKIO,IKIO Tech,204.82,38.21,1582.86,0.00,17.53,804.70,165.35,47.25,9.49
DSSL,Dynacons Sys.,1240.60,18.64,1580.16,0.04,19.13,5.28,402.12,21.63,29.73
SMCGLOBAL,SMC Global Sec.,75.46,15.53,1580.13,1.59,21.46,465.15,516.94,22.65,11.38
VOEPL,Virtuoso Optoel.,484.05,99.83,1576.34,0.00,5.47,122.36,331.30,38.15,9.73
538668,Meghna Infracon,724.20,291.88,1573.23,0.01,1.77,-48.98,18.48,52.48,31.33
IVALUE,Ivalue Infosolut,287.70,15.40,1571.72,0.00,42.65,10.37,272.60,4.60,25.12
FRONTSP,Frontier Springs,1328.80,25.61,1570.05,0.05,16.59,42.28,82.54,17.78,50.92
MCLOUD,Magellanic Cloud,26.61,13.57,1567.51,0.11,30.27,32.06,205.55,31.47,19.79
GTLINFRA,GTL Infra.,1.22,,1562.71,0.00,1185.58,94.92,330.36,-1.98,
ARFIN,Arfin India,91.99,114.12,1552.08,0.12,5.71,957.41,191.70,24.99,13.97
BLIL,Balmer Law. Inv.,69.88,8.70,1551.15,6.15,84.68,12.17,746.32,22.15,16.91
VIDHIING,Vidhi Specialty,310.55,31.56,1551.04,1.61,13.29,10.38,122.68,12.01,18.76
RACLGEAR,RACL Geartech,1315.50,33.19,1550.72,0.11,11.59,76.16,129.76,28.36,16.62
PNBGILTS,PNB Gilts,85.51,15.20,1539.27,1.17,80.70,-49.61,454.56,-19.30,6.14
NAVKARCORP,Navkar Corporat.,102.15,38.47,1537.55,0.00,12.28,401.22,190.75,37.77,3.06
INFOBEAN,InfoBeans Tech.,157.33,17.96,1525.71,0.16,21.62,-7.29,152.77,36.58,29.18
SHANTIGOLD,Shanti Gold,211.29,10.87,1523.32,0.00,51.93,465.07,658.93,121.65,33.49
SDBL,Som Distilleries,72.89,106.00,1515.39,0.00,-56.69,-292.98,180.81,-46.66,5.68
OBSCP,OBSC Perfection,585.05,55.98,1512.10,0.00,8.66,70.14,71.52,77.38,19.52
544291,Rajesh Power,839.30,10.95,1511.36,0.12,79.48,32.19,990.12,30.45,48.56
DIGITIDE,Digitide Solutio,101.22,147.54,1509.30,0.00,-5.01,-118.68,799.95,9.21,10.86
DOLPHIN,Dolphin Offshore,376.95,20.94,1507.97,0.00,14.81,30.71,42.85,160.64,14.92
506373,Citurgia Biochem,114.10,,1507.21,0.00,-0.26,-116.67,0.00,,
CNL,Creative Newtech,987.00,21.09,1482.15,0.05,17.79,29.57,740.81,83.17,18.75
539730,Fredun Pharma,895.20,44.58,1480.49,0.03,11.07,56.58,213.05,27.26,21.49
TTKHLTCARE,TTK Healthcare,1047.20,21.55,1479.73,0.95,21.76,-6.44,217.98,14.51,8.04
DIFFNKG,Diffusion Eng,395.35,29.09,1479.65,0.38,15.97,22.81,141.57,38.08,16.42
STEELXIND,Steel Exchange,11.57,46.42,1475.77,0.00,15.03,46.92,269.71,-10.10,9.76
AMRUTANJAN,Amrutanjan Healt,509.00,22.81,1471.55,0.90,16.19,45.26,149.77,10.60,24.82
GPTINFRA,GPT Infraproject,116.41,15.08,1471.01,2.58,29.78,31.52,414.68,8.91,21.40
GALAPREC,Gala Precis. Eng,1146.30,40.39,1469.12,0.00,12.23,21.39,94.56,25.56,15.60
ASTEC,Astec Lifescienc,659.10,,1468.66,0.00,-7.75,51.77,158.62,32.70,-5.44
WAAREEINDO,Indosolar,352.65,8.82,1467.15,0.00,36.62,-68.64,68.36,-64.89,123.80
DOLLAR,Dollar Industrie,258.00,13.95,1463.28,1.16,31.41,10.13,602.44,12.28,13.64
JAGSNPHARM,Jagsonpal Pharma,221.61,32.73,1461.06,1.13,8.76,29.97,64.20,9.63,22.73
SESHAPAPER,Seshasayee Paper,230.23,17.59,1452.02,0.87,26.05,-3.77,591.84,17.81,5.60
SHRIRAMPPS,Shriram Properti,85.02,14.39,1450.90,0.00,78.53,64.36,640.88,57.18,8.04
513307,Belding India,999.45,,1447.09,0.00,-4.65,,0.03,,0.53
ALLTIME,All Time Plastic,220.87,37.26,1446.87,0.00,9.40,-2.89,145.75,-1.69,11.57
QUADFUTURE,Quadrant Future,361.05,,1444.20,0.00,1.14,-27.85,56.56,-3.27,-15.85
UGROCAP,Ugro Capital,92.77,8.24,1440.61,0.00,51.11,,606.57,,
AEROENTER,Aeroflex Enter.,127.30,22.24,1440.58,0.24,25.67,120.59,199.58,24.09,12.58
WEL,Wonder Electric.,107.24,157.75,1437.10,0.28,7.18,-38.26,252.22,-19.17,9.87
IGARASHI,Igarashi Motors,456.10,118.15,1435.58,0.29,1.59,-48.04,225.97,19.26,4.58
TEXINFRA,Texmaco Infrast.,112.42,131.06,1432.53,0.13,0.69,-46.02,4.37,31.23,1.45
GODAVARIB,Godavari Bioref.,278.90,42.44,1427.30,0.00,52.88,-30.03,564.10,-2.66,6.55
IFGLEXPOR,IFGL Refractori.,197.67,38.81,1424.78,1.09,14.28,72.24,482.97,7.68,4.92
GNRL,Guj.Nat.Resour.,92.53,143.52,1419.43,0.00,1.05,166.04,11.20,158.66,7.25
ONEPOINT,One Point One,53.98,36.14,1419.33,0.00,10.27,18.08,96.20,43.48,10.88
DPEL,Divine Power,565.80,52.88,1412.52,0.00,18.88,,346.47,,
ONIDA,Onida Electronics,38.18,,1410.34,0.00,-47.36,-1382.86,143.81,-28.35,-16.44
KAPSTON,Kapston Services,460.70,50.04,1402.01,0.00,7.52,24.50,218.20,18.02,14.95
CLSEL,Chamanlal Setia,279.80,12.12,1391.32,0.89,38.27,55.89,428.37,16.50,18.32
IGPL,I G Petrochems,451.55,637.86,1390.54,1.11,28.07,48.05,524.27,9.20,3.11
FINOPB,Fino Payments,167.06,24.88,1390.25,0.00,7.10,-65.04,64.10,21.45,4.53
524632,Shukra Pharma.,31.72,62.99,1388.95,0.03,-1.73,-132.10,6.30,-52.52,36.91
PAUSHAKLTD,Paushak,562.45,41.55,1386.83,0.44,12.51,30.31,55.14,5.31,8.30
MOL,Meghmani Organi.,54.46,48.19,1385.00,0.00,8.03,-59.49,474.34,-14.30,6.67
AYMSYNTEX,AYM Syntex,234.49,209.95,1377.26,0.00,9.03,344.83,365.77,1.43,5.35
PUNJABCHEM,Punjab Chemicals,1121.60,21.03,1375.08,0.27,10.98,15.34,208.56,3.10,18.55
PASHUPATI,Pashupati Cotsp.,87.09,132.30,1374.63,0.06,1.62,-77.47,160.28,25.74,10.07
BHARATSE,Bharat Seats,218.14,31.62,1369.92,0.69,13.25,16.33,574.28,46.16,20.19
JAGRAN,Jagran Prakashan,62.85,6.95,1367.96,11.14,6.06,207.47,472.10,-1.85,12.77
ICEMAKE,ICE Make Refrig.,865.70,125.44,1366.05,0.26,9.72,-15.62,253.59,41.98,10.77
DCW,DCW,46.23,28.33,1364.50,0.22,18.08,60.57,609.06,13.23,9.69
BUTTERFLY,Butterfly Gan Ap,761.90,32.58,1362.28,0.00,11.44,26.69,218.17,16.56,16.81
RUBYMILLS,Ruby Mills,407.35,31.26,1362.18,0.43,11.07,-30.86,123.38,51.28,6.80
530927,Haryana Fin. Co.,65.50,162.31,1360.16,0.00,-0.29,-293.33,0.11,57.14,3.76
KALAMANDIR,Sai Silks,88.43,9.93,1356.22,1.70,25.64,-14.68,375.08,-1.04,14.41
ZSARACOM,Saraswati Commer,12364.50,14.68,1355.06,0.00,-16.31,28.93,-16.48,37.17,10.86
DHANBANK,Dhanlaxmi Bank,34.29,13.17,1353.42,0.00,43.49,50.07,443.05,26.36,5.81
505036,Auto.Corp.of Goa,2222.20,18.74,1353.01,1.24,21.32,26.60,270.64,24.80,29.61
BOROSCI,Borosil Scienti.,152.09,33.59,1352.80,0.00,27.25,213.84,143.17,10.57,12.08
UDS,Updater Services,201.19,15.09,1347.03,0.00,27.37,-18.58,742.82,4.77,9.98
544826,Millworks Technologies,764.30,36.28,1346.30,0.00,,,,,80.99
MACPOWER,Macpower CNC,1344.50,39.71,1345.06,0.11,10.15,10.93,100.29,25.35,29.11
MANAKCOAT,Manaksia Coated,126.02,32.95,1343.80,0.04,14.10,0.64,262.14,4.94,19.86
IMPAL,India Motor Part,1076.10,15.38,1342.97,3.07,33.46,28.15,210.72,11.58,4.53
INDOBORAX,Indo Borax & Ch.,416.10,36.78,1335.26,2.40,14.53,35.84,63.01,25.72,15.37
FAZE3Q,Faze Three,546.95,39.62,1330.13,0.00,19.60,12.45,277.18,31.65,9.18
KROSS,Kross Ltd,206.13,23.00,1329.73,0.00,13.31,24.39,184.34,32.28,16.43
CAPITALSFB,Capital Small,292.00,8.81,1327.58,1.71,41.30,29.02,288.18,16.63,7.07
509438,Benares Hotels,10200.00,30.13,1326.00,0.25,8.25,8.84,33.89,35.51,29.83
BHARATWIRE,Bharat Wire,193.31,18.30,1325.81,0.00,16.46,-20.10,141.48,-17.66,12.32
SPIC,S P I C,64.94,6.25,1322.44,3.08,29.49,51.46,584.15,-22.56,17.50
KABRAEXTRU,Kabra Extrusion,376.80,,1317.78,0.66,6.90,76.81,120.15,-13.90,0.06
SURAKSHA,Suraksha Diagno.,252.95,40.93,1317.38,0.20,6.16,-15.02,81.41,25.07,16.97
PRECAM,Precision Camshf,138.65,53.43,1316.98,0.72,10.06,-39.97,201.01,5.56,7.28
BHAGYANGR,Bhagyanagar Ind,410.90,26.20,1314.67,0.00,18.49,303.71,734.53,61.83,20.71
ATULAUTO,Atul Auto,473.40,30.39,1313.75,0.00,18.32,106.85,240.58,13.94,11.38
GPTHEALTH,GPT Healthcare,159.64,30.40,1309.92,1.57,14.57,13.03,126.37,24.63,19.94
JYOTISTRUC,Jyoti Structures,10.97,23.37,1309.44,0.00,18.14,52.05,234.36,42.25,2.25
ASIANHOTNR,Asian Hotels (N),306.65,482.42,1307.35,0.00,31.31,564.07,102.91,12.46,3.45
RUPA,Rupa & Co,163.19,16.93,1297.76,1.84,36.21,25.53,441.50,6.26,9.55
508929,Avishkar Infra,578.65,,1296.37,0.00,-1.06,-135.58,0.00,-100.00,2.34
DEN,Den Networks,27.16,8.74,1296.14,0.00,34.59,-32.29,242.77,0.62,5.58
NIITLTD,NIIT,94.62,92.19,1294.80,1.06,7.52,60.07,95.65,13.71,2.23
TCC,TCC Concept,271.95,20.50,1292.53,0.00,30.98,70.89,83.87,160.38,5.65
PNGSREVA,PNGS Reva Diamo.,405.95,19.90,1286.80,0.00,21.41,350.74,138.13,138.94,22.00
ELECTHERM,Electrotherm(I),1008.20,,1284.73,0.00,13.63,-88.22,1139.99,-1.82,0.45
ROTO,Roto Pumps,68.08,51.82,1282.94,1.18,5.73,-55.48,81.30,2.92,14.81
GCSL,Gretex Corporate,531.00,55.61,1282.86,0.13,7.19,128.42,34.82,-41.84,16.67
RATNAVEER,Ratnaveer Precis,178.61,18.87,1275.75,0.00,18.24,22.01,314.64,18.90,12.29
FERMENTA,Fermenta Biotec.,432.05,20.21,1271.57,0.87,18.60,-62.93,121.58,-13.06,20.57
RGL,Renaiss. Global,118.11,12.71,1268.13,0.00,30.22,28.98,773.41,50.35,8.00
539469,Panorama Studios,48.60,80.80,1266.20,0.12,7.16,-70.43,64.83,-69.50,8.70
SULA,Sula Vineyards,149.79,46.71,1264.94,1.34,8.60,-33.31,134.91,7.32,7.55
INDORAMA,Indo Rama Synth.,48.43,8.27,1264.57,0.00,64.13,25.57,1201.68,0.27,17.94
UNIHEALTH,Unihealth Hosp,792.70,49.16,1260.39,0.00,17.09,18.98,65.32,17.06,24.48
OAL,Oriental Aromat.,373.00,379.24,1255.28,0.13,3.99,180.99,282.37,11.54,4.47
CENTENKA,Century Enka,574.20,12.16,1254.63,1.92,39.91,458.03,483.53,8.90,9.01
ALLDIGI,Alldigi Tech,822.75,13.60,1253.73,7.29,18.12,21.69,150.28,4.43,27.89
RIR,RIR Power Electr,157.51,175.78,1253.34,0.13,1.39,-42.80,23.95,-9.49,7.93
PLATIND,Platinum Industr,227.82,23.90,1251.30,0.00,14.85,166.43,132.01,36.78,15.74
SHREEPUSHK,Sh.Pushkar Chem.,386.85,17.85,1250.98,0.52,12.87,-22.19,218.17,-0.56,12.97
UTSSAV,Utssav CZ Gold,517.00,21.14,1248.45,0.00,29.64,95.13,679.49,87.81,28.82
ANDREWYU,Andrew Yule & Co,25.49,,1246.34,0.00,-30.51,-2751.40,92.72,-5.86,-6.25
STLNETWORK,STL Networks,25.51,,1245.16,0.00,-46.89,-122.42,203.08,12.38,0.61
MAHASTEEL,Mahamaya Steel,757.35,136.78,1244.66,0.00,4.07,-24.77,263.12,11.41,8.40
GENESYS,Genesys Intl.,297.70,34.41,1244.10,0.00,12.72,-34.78,104.22,10.68,8.23
EXPLEOSOL,Expleo Solutions,801.55,9.20,1243.98,6.24,41.67,66.03,286.28,11.92,24.77
542669,BMW Industries,55.14,15.30,1241.13,0.78,33.02,88.20,209.50,33.32,12.35
533315,Innovassynth Technologies,133.25,,1237.37,0.00,11.95,6125.00,50.83,,-24.87
SYNCOMF,Syncom Formul.,13.09,16.19,1230.46,0.00,24.57,40.48,134.00,-9.74,26.84
AWHCL,Antony Waste han,433.40,16.31,1230.24,0.00,36.90,48.90,285.77,17.77,11.16
BLKASHYAP,B.L.Kashyap,54.56,90.37,1230.00,0.00,-12.52,591.26,363.71,23.64,13.03
EKC,Everest Kanto,108.76,8.30,1220.37,0.64,45.70,149.61,358.20,-15.14,11.56
ANDHRAPAP,Andhra Paper,61.33,,1219.55,0.82,7.72,-1.66,527.05,29.38,0.04
GULPOLY,Gulshan Polyols,195.12,11.34,1216.97,0.15,37.54,434.76,550.82,6.98,18.31
544458,Shree Refrigerat,339.15,56.39,1214.03,0.00,19.96,343.56,103.16,116.00,13.90
543787,Macfos,1171.65,47.32,1213.65,0.00,9.85,101.43,102.11,63.40,33.76
HARIOMPIPE,Hariom Pipe,391.80,16.00,1213.30,0.16,30.18,75.06,507.27,26.91,15.82
DOLATALGO,Dolat Algotech,68.76,9.39,1210.18,0.36,46.81,17.75,125.89,10.52,18.13
ALLCARGO,Allcargo Logist.,8.06,241.44,1207.21,13.65,20.00,-66.67,514.00,0.19,2.05
515043,Saint-Gob. Sekur,131.95,29.35,1202.20,1.89,13.11,31.10,66.20,22.89,23.96
MENONBE,Menon Bearings,213.77,27.27,1197.97,0.94,14.11,67.38,91.79,36.57,25.50
APEX,Apex Frozen Food,381.00,30.65,1190.63,0.52,7.79,297.45,167.82,-14.95,10.45
LAXMIDENTL,Laxmi Dental,216.44,35.57,1189.60,0.00,10.10,149.50,73.95,21.89,14.86
TAALTECH,TAAL Tech,3816.10,21.07,1189.23,1.70,17.16,41.35,57.04,27.63,32.73
ACCENTMIC,Accent Microcell,494.95,27.07,1187.34,0.20,25.79,55.36,209.67,51.34,24.88
ORIENTTECH,Orient Tech.,258.78,47.26,1185.37,0.63,-4.99,,184.07,,
QLINE,Q-Line Biotech,505.75,20.89,1179.82,0.00,34.41,147.29,197.94,-8.59,22.46
GREENPOWER,Orient Green,10.03,21.99,1176.55,0.00,23.95,-20.14,81.43,-6.81,7.19
SAFEENTP,Safe Enterprises,252.15,18.19,1175.13,0.00,30.61,40.94,106.04,31.64,47.03
EXCELINDUS,Excel Industries,932.15,15.49,1171.78,1.48,12.28,-1.05,281.24,13.48,6.06
ANDHRSUGAR,Andhra Sugars,86.33,11.74,1170.08,1.16,5.92,-14.19,637.41,27.39,8.48
NELCAST,Nelcast,134.47,24.14,1169.91,0.52,15.27,12.78,368.18,11.65,11.43
VIVIDEL,Vivid Electromech,1315.00,36.97,1168.75,0.00,22.16,41.69,129.57,27.96,58.63
SRM,SRM Contractors,507.60,10.49,1164.65,0.00,54.10,124.67,445.75,95.87,37.14
LINCOLN,Lincoln Pharma.,580.00,13.22,1161.72,0.31,11.63,0.43,187.28,11.36,16.27
AKCAPIT,A.K.Capital Serv,1759.50,10.52,1161.27,3.41,33.20,25.00,148.57,13.13,9.33
WANBURY,Wanbury,331.90,16.64,1159.64,0.00,21.70,24.14,164.58,-4.31,30.78
RAJRILTD,Raj Rayon Inds.,20.84,34.09,1158.88,0.00,14.03,4.39,294.82,43.22,13.60
514330,One Global Serv,589.60,16.58,1152.26,0.00,18.19,68.58,133.81,141.27,87.02
CENTRUM,Centrum Capital,23.66,,1151.84,0.00,-31.27,-573.32,1029.69,-7.75,7.45
539300,Sunrakshakk Inds,371.45,32.93,1151.75,0.00,12.10,87.89,197.59,92.32,29.25
SEPC,SEPC,6.01,21.13,1150.93,0.00,13.73,40.72,273.83,132.45,5.03
MANALIPETC,Manali Petrochem,66.77,16.18,1148.44,0.75,29.04,11.78,292.66,27.04,7.24
GYFTR,GYFTR,149.51,52.65,1148.36,0.00,6.17,130.19,302.48,1992.87,6.77
UNITECH,Unitech,4.38,,1145.94,0.00,-565.67,-42.30,130.22,29.17,
TAC,TAC Infosec,540.65,50.52,1136.78,0.00,10.79,37.44,27.78,53.48,38.14
ARIHANTSUP,Arihant Super.,262.60,24.67,1135.74,0.57,11.91,5.68,180.80,18.50,10.55
526775,Valiant Commun.,966.90,46.75,1130.51,0.10,8.14,92.89,24.24,50.37,39.73
543928,Cosmic CRF,1226.75,22.34,1129.38,0.00,26.06,127.60,412.15,77.46,13.60
SHREDIGCEM,Sh. Digvijay Cem,76.16,62.45,1126.52,1.97,6.83,-50.47,337.27,72.12,6.40
507753,TGV Sraac,104.60,8.48,1120.16,0.96,27.99,28.87,511.11,4.99,12.67
VHL,Vardhman Hold.,3503.30,5.17,1117.55,0.14,53.62,-23.10,0.33,-85.00,6.28
DAMCAPITAL,Dam Capital Advi,157.88,15.39,1115.99,0.63,0.26,-96.93,29.23,-20.05,35.64
MONTECARLO,Monte Carlo Fas.,537.10,9.97,1113.52,3.72,5.04,149.03,280.30,36.11,13.90
514448,Jyoti Resins,927.15,15.90,1112.58,0.97,20.08,1.52,92.94,18.23,36.53
RSL,Rajputana Stain.,132.72,22.26,1109.11,0.00,13.10,58.40,254.91,2.82,25.22
ULTRAMAR,Ultramarine Pig.,379.50,16.01,1108.14,1.58,12.39,-13.04,179.68,-1.24,10.09
GHCLTEXTIL,GHCL Textiles,115.82,17.34,1107.07,0.52,27.66,94.79,363.69,28.24,5.75
HITECHGEAR,The Hi-Tech Gear,588.05,52.73,1106.33,0.85,8.11,-16.56,228.62,6.39,6.92
GAUDIUMIVF,Gaudium IVF,151.90,45.15,1105.63,0.00,8.36,29.41,30.35,12.74,29.27
JINDALPHOT,Jindal Photo,1076.10,,1103.90,0.00,-5.66,-119.37,0.46,-14.81,-1.38
RIIL,Rel. Indl. Infra,729.55,90.82,1101.62,0.48,2.84,-8.39,8.64,-30.66,3.01
INDPRUD,Indl.& Prud.Inv.,6570.00,17.28,1101.03,1.83,17.49,7.17,0.45,-19.64,7.72
3BBLACKBIO,3B Blackbio,1278.10,18.72,1096.95,0.31,9.81,13.81,35.43,57.47,25.48
BAJAJHCARE,Bajaj Healthcare,323.35,19.34,1088.48,0.31,13.70,14.13,165.63,11.28,11.47
JPOLYINVST,Jindal Poly Inve,1029.10,1.26,1081.58,0.00,35.16,-47.25,47.28,503.83,63.41
CREST,Crest Ventures,377.70,22.95,1074.55,0.26,8.55,8.02,31.98,-32.76,5.67
GRPLTD,GRP,2007.50,156.30,1070.67,0.17,4.20,140.00,156.83,26.73,6.94
ARROWGREEN,Arrow Greentech,708.90,22.59,1069.58,0.56,7.44,-35.31,41.78,-27.07,30.45
MWL,Mangalam World.,36.00,20.61,1069.22,0.08,12.02,17.69,316.22,14.68,17.70
MADRASFERT,Madras Fertilize,66.35,12.28,1068.91,0.00,20.89,153.30,699.21,26.09,14.82
AMNPLST,Amines & Plast.,194.27,29.26,1068.87,0.26,15.35,19.83,155.14,-6.44,16.73
HMAAGRO,HMA Agro Inds.,21.34,6.49,1068.64,1.41,8.23,-39.71,1579.10,5.30,15.99
AVTNPL,AVT Natural Prod,70.02,16.45,1066.40,1.14,22.02,53.34,226.49,44.43,14.22
JARO,Jaro Institute,475.70,24.12,1059.40,1.05,21.33,17.26,72.79,-1.79,22.09
BCLIND,BCL Industries,35.74,9.17,1054.91,0.73,26.05,-8.55,582.16,-19.45,13.87
GANDHITUBE,Gandhi Spl. Tube,868.00,18.18,1054.79,1.73,9.36,-22.93,47.21,8.95,28.44
AVADHSUGAR,Avadh Sugar,525.35,16.78,1051.67,1.90,55.61,-23.23,670.61,-1.20,6.83
530845,Sunshield Chem.,1195.25,35.51,1051.20,0.25,10.66,85.71,109.67,-0.58,19.90
IRMENERGY,IRM Energy,254.55,19.64,1045.17,0.59,12.76,190.66,279.67,4.41,8.63
ALICON,Alicon Cast.,636.35,26.63,1044.37,0.86,7.94,-15.80,494.93,16.58,10.04
SALASAR,Salasar Techno,5.97,60.60,1043.53,0.00,-13.67,-40.02,444.65,-8.00,8.13
MASTERTR,Master Trust,84.71,8.26,1042.07,0.00,36.06,46.88,180.61,48.07,23.85
TNPL,T N Newsprint,149.75,4.18,1036.43,2.00,240.30,986.35,1271.54,-4.88,6.40
ETL,Emkay Tools,970.00,17.63,1035.12,0.26,34.36,39.96,82.48,31.74,70.68
EIMCOELECO,Eimco Elecon(I),1789.20,26.06,1032.37,0.22,15.38,6.22,77.52,14.73,10.29
526935,Kalind,11.29,37.90,1032.10,1.18,15.00,6718.18,33.11,,31.95
STEL,STEL Holdings,555.55,51.65,1025.29,0.00,0.52,-94.79,0.26,-98.07,1.58
544681,Indo SMC,448.60,31.66,1025.29,0.00,20.93,344.37,197.20,186.09,33.91
BALAJITELE,Balaji Telefilms,84.04,,1024.47,0.00,-14.16,-114.98,47.62,-28.12,-9.54
AFSL,Abans Financial,201.00,10.61,1021.88,0.00,-3.69,-113.65,8708.28,719.09,7.92
LGHL,Laxmi Goldorna,203.91,248.53,1021.44,0.00,-6.16,-1151.67,26.64,-3.90,10.08
BIRLANU,BirlaNu Ltd,1351.90,,1019.45,1.11,-22.35,-63.54,1010.13,8.74,-4.29
KAMDHENU,Kamdhenu,36.14,13.00,1018.73,0.69,17.43,1.99,207.64,4.96,29.39
SALZERELEC,Salzer Electron.,575.95,19.10,1018.44,0.43,10.02,13.61,462.09,26.40,11.38
ARIHANT,Arih.Found.Hsg.,1021.70,17.27,1018.19,0.00,4.29,-62.60,147.61,118.88,17.47
SOLEX,Solex Energy,938.00,11.44,1013.27,0.06,54.80,363.47,839.48,232.34,34.04
HIMATSEIDE,Himatsing. Seide,80.52,16.34,1012.48,0.31,1.41,-98.53,617.22,-6.04,8.80
THEMISMED,Themis Medicare,109.86,613.22,1011.81,0.46,8.89,192.03,76.53,6.74,2.74
GKSL,Gujarat Kidney,128.20,65.21,1010.77,0.00,4.82,293.75,30.58,212.68,14.48
ARIS,Arisinfra Solu.,123.06,18.50,1006.56,0.00,21.66,1332.30,343.36,55.26,15.57
543828,Sudarshan Pharma,41.82,43.19,1006.44,0.00,11.40,24.91,220.92,36.72,15.13
WEALTH,Wealth First Por,940.25,25.91,1001.84,2.13,10.49,345.22,16.51,606.44,34.63
BHAGERIA,Bhageria Indust.,228.98,13.46,999.36,1.09,35.94,199.75,284.02,79.76,11.01
MUNJALAU,Munjal Auto Inds,99.77,28.21,997.70,1.00,-1.26,-103.56,614.24,20.00,11.12
RSWM,RSWM Ltd,211.71,16.02,997.19,0.00,33.84,2190.60,1141.96,-9.10,6.00
SUYOG,Suyog Telematics,850.45,16.00,996.48,0.21,14.14,202.61,52.74,5.35,14.42
HEALTHX,Health X Platform,312.85,518.33,995.19,0.00,-12.97,-176.95,373.78,30.77,-0.05
NAHARSPING,Nahar Spinning,275.55,44.01,993.78,0.36,23.42,1.20,916.82,4.71,3.20
KRISHIVAL,Krishival Foods,387.55,46.24,993.22,0.06,5.59,32.68,102.07,38.42,16.21
541096,Bharat Parenter.,1436.40,,989.96,0.07,-8.16,-1.48,99.62,-4.19,-1.82
PRECOT,Precot,823.75,27.57,988.50,0.36,11.74,-25.37,257.66,13.13,10.85
TEMBO,Tembo Global,530.40,10.77,983.64,0.38,30.07,83.56,345.96,26.27,22.84
INVPRECQ,Inv.& Prec.Cast.,979.85,80.78,979.85,0.10,3.77,98.42,51.17,20.37,14.39
GKWLIMITED,GKW,1640.70,,979.50,0.00,-5.61,-247.63,-3.50,-148.48,0.47
BIL,Bhartiya Intl.,729.90,72.83,978.83,0.00,-8.78,-158.85,312.70,29.68,8.05
AMBIKCO,Ambika Cotton,1708.20,13.67,977.94,2.17,24.53,54.67,215.16,57.85,11.41
530643,Eco Recyc.,506.50,42.27,977.38,0.00,7.14,267.79,18.61,90.48,29.97
523411,ADC India,2123.85,51.61,976.97,1.18,3.51,18.98,61.24,33.89,31.44
SIGACHI,Sigachi Indust.,25.50,29.94,974.40,0.39,7.65,-34.89,121.90,-4.91,6.24
MAMATA,Mamata Machinery,395.45,56.68,973.12,0.13,0.01,-92.48,73.75,-33.58,12.60
538563,SMT Engineering,537.75,42.10,971.71,0.00,12.06,466.20,74.10,268.84,25.22
RAJOOENG,Rajoo Engineers,54.35,20.02,971.10,0.28,17.35,3.40,123.07,44.67,24.70
ASTAR,Asian Star Co.,606.50,24.02,970.81,0.25,-0.42,91.07,745.97,-12.68,3.56
SWARAJ,Swaraj Suiting,367.55,18.07,969.79,0.00,24.68,34.57,207.25,22.42,17.92
FAIRCHEMOR,Fairchem Organic,768.10,156.55,967.49,0.13,3.69,525.42,116.93,-3.19,3.33
GAYAPROJ,Gayatri Projects,20.73,10.84,962.49,0.00,-111.00,-87.92,191.34,39.52,6.98
YUKEN,Yuken India,708.25,66.49,962.09,0.21,5.80,-25.89,133.10,6.78,7.40
KOPRAN,Kopran,198.74,37.30,959.63,1.51,18.87,94.94,234.02,35.77,6.65
MAFATIND,Mafatlal Inds.,132.90,10.46,959.26,1.88,17.94,-22.59,883.70,96.47,12.79
506597,Amal,774.60,32.23,957.61,0.19,16.73,77.98,96.54,104.06,26.05
MAXIND,Max India Ltd,182.11,,957.59,0.00,-19.29,58.25,65.63,58.07,-23.21
512025,Asgard Alcobev,30.72,540.47,957.03,0.00,0.60,73.40,36.53,78.28,7.36
TIRUPATIFL,Tirupati Forge,73.61,150.95,950.97,0.00,1.52,16.92,41.91,52.40,7.53
UNIECOM,Unicommerce,84.38,46.35,948.26,0.00,3.40,1.19,51.63,14.05,21.09
SACHEEROME,Sacheerome,422.95,33.27,946.26,0.00,13.50,51.01,75.82,32.83,35.72
CONTROLPR,Control Print,590.55,24.28,944.54,1.69,3.92,-39.45,115.56,3.84,16.45
539984,Hindusthan Insulators &,436.40,12.61,944.51,0.04,36.62,20444.44,116.02,79.88,10.71
INDOAMIN,Indo Amines,129.47,11.85,939.79,0.39,20.51,73.08,317.61,11.28,19.87
JITFINFRA,JITF Infra Logis,365.40,,939.21,0.00,-7.84,107.37,898.33,14.07,15.39
IFBAGRO,IFB Agro Inds.,994.85,15.06,932.17,0.00,10.55,547.24,367.99,58.46,13.29
530929,RRP Defense,679.45,,932.12,0.00,-2.29,-354.44,7.09,32.03,-11.12
504605,Uni Abex Alloy,4717.85,19.77,931.78,0.74,257.63,75.47,78.29,29.53,19.25
PRIMESECU,Prime Securities,274.45,54.60,931.49,0.55,2.01,-74.90,33.68,-27.13,8.25
GEMAROMA,Gem Aromatics,178.10,650.59,930.34,0.00,1.01,-96.34,110.41,-45.40,3.43
MCCHRLS-B,Mac Charles(I),709.95,,930.03,0.00,-15.34,57.98,32.02,1567.71,4.96
SWELECTES,Swelect Energy,613.30,19.57,929.69,0.57,11.09,16.19,202.42,-7.49,8.00
NEUEON,Neueon Corporation,16.44,,929.59,0.00,-206.39,-349.25,6.17,15.33,-40.43
CONSOFINVT,Cons. Finvest,286.42,17.13,926.98,0.39,13.77,-39.95,14.33,-29.30,5.65
SGIL,Synergy Green,596.30,186.11,926.83,0.17,0.41,-89.58,119.04,22.13,9.24
TVSELECT,TVS Elec.,496.65,568.26,926.27,0.00,2.85,600.00,117.37,2.45,5.75
SURAJEST,Suraj Estate,193.56,10.24,924.70,0.00,10.76,-41.22,98.78,-27.62,14.54
ZUARI,Zuari Agro Chem.,219.86,3.11,924.69,0.00,-25.10,-212.74,187.33,-80.32,16.38
ESTER,Ester Industries,88.53,,923.32,0.68,7.87,301.53,343.82,7.69,2.76
512014,Sobhagya Mercant,885.00,41.76,920.31,0.00,5.67,-25.20,81.50,43.92,23.44
FEDDERSHOL,Fedders Holding,45.64,11.70,919.26,0.00,23.74,387.73,134.13,22.69,11.19
WCIL,Western Carriers,89.98,23.63,917.39,0.00,8.26,-41.34,495.72,15.67,6.79
DHAMPURSUG,Dhampur Sugar,142.12,14.04,913.92,1.41,45.70,-6.88,490.65,-20.75,6.43
BSHSL,Bombay Super Hyb,87.00,34.24,912.95,0.00,4.41,4.50,66.43,44.70,15.97
PRIZOR,Prizor Viztech,845.00,43.94,912.28,0.00,14.84,152.81,105.93,164.43,37.70
IRISDOREME,Iris Clothings,47.83,56.23,910.36,0.00,6.43,43.53,60.48,50.45,16.05
521238,Bharat Global,89.77,,909.01,0.00,-1.30,-165.33,0.00,-100.00,-0.04
519031,Shah Foods,389.45,275.99,908.00,0.00,3.40,,3.98,,
SHRIAHIMSA,Shri Ahimsa,386.00,30.07,904.43,0.00,15.24,24.41,62.80,14.00,22.96
DENTA,Denta Water,336.65,14.76,898.86,0.74,9.11,-33.60,55.31,2.14,18.84
543543,B-Right Real,869.70,26.00,898.50,0.00,33.43,2667.61,113.29,80.40,21.57
MODISONLTD,Modison,276.30,11.39,896.59,1.99,36.00,442.75,287.32,120.90,30.98
512233,Jaybharat Text,23.37,,894.69,0.00,-7.47,-56.28,8.38,444.16,-29.09
ARIHANTCAP,Arihant Capital,81.62,22.34,894.66,0.61,21.49,69.21,77.91,53.46,11.00
LIKHITHA,Likhitha Infra.,226.60,22.80,893.94,0.00,4.10,-73.91,120.69,-10.93,13.69
VHLTD,Viceroy Hotels,131.99,48.69,891.97,0.00,6.00,-39.76,48.37,36.91,7.12
RAMBHAJO,Advit Jewels,194.07,25.86,889.03,0.00,8.74,-45.98,43.23,-27.83,32.14
SVLL,Shree Vasu Logis,772.20,153.55,887.54,0.00,3.37,206.36,62.45,52.61,14.36
526530,IIRM Holdings,130.00,36.29,885.88,0.00,6.77,179.84,64.01,15.35,20.36
EFFWA,Effwa Infra,381.75,30.87,883.64,0.00,18.47,20.33,163.09,31.25,29.26
DHARMAJ,Dharmaj Crop,260.95,16.12,881.94,0.00,3.99,263.52,233.78,11.36,16.45
STERTOOLS,Sterling Tools,242.54,36.68,881.50,1.03,1.59,-118.05,221.97,11.12,7.23
MATRIMONY,Matrimony.com,426.05,25.78,880.79,1.17,9.71,18.70,116.83,7.86,17.41
SCODATUBES,Scoda Tubes,146.93,22.66,880.24,0.00,6.32,-7.47,123.57,-0.12,16.54
STANLEY,Stanley Lifesty.,153.85,61.39,878.88,0.00,-0.60,-93.33,101.40,-10.11,6.43
VILAS,Vilas Transcore,357.55,22.13,875.28,0.00,15.18,-26.24,231.91,21.66,16.12
PRADPME,Pradeep Metals,506.45,28.55,874.64,0.49,10.32,45.56,90.96,4.52,21.18
513361,India Homes,21.97,46.87,874.58,0.00,22.85,792.42,24.48,244700.00,17.52
531910,JOJO,253.45,155.50,873.91,0.02,4.79,7883.33,12.60,781.12,17.05
BORANA,Borana Weaves,327.45,13.50,872.50,0.00,17.21,57.89,100.73,27.99,32.74
MICEL,MIC Electronics,36.17,,871.74,0.00,-18.35,-614.01,50.79,13.24,8.55
UTTAMSUGAR,Uttam Sug.Mills,228.46,8.74,871.30,1.09,51.57,-22.60,451.42,-17.92,11.71
FINKURVE,Finkurve Fin.,62.15,33.46,870.99,0.00,8.04,105.63,67.33,67.15,10.19
PDMJEPAPER,Pudumjee Paper,91.72,9.31,870.88,0.65,19.72,4.62,200.55,5.51,19.80
NRAIL,N R Agarwal Inds,508.95,18.14,866.19,0.39,14.20,308.21,605.39,29.98,8.47
NDTV,NDTV,76.66,,864.91,0.00,-81.88,-16.00,117.23,8.90,-72.58
ORICONENT,Oricon Enterpris,55.03,56.12,864.23,0.91,-4.19,-619.62,15.22,104.57,2.08
SEJALLTD,Sejal Glass,753.45,29.17,858.93,0.00,11.42,198.94,114.55,69.48,18.60
BODALCHEM,Bodal Chemicals,68.02,17.90,856.67,0.00,32.06,121.10,588.02,30.42,6.68
HEXATRADEX,Hexa Tradex,155.04,,856.60,0.00,-3.32,10.03,1.45,-3.33,-0.12
EXCELSOFT,Excelsoft Tech.,74.38,18.35,856.00,0.00,16.60,-16.55,81.16,16.08,13.64
TNPETRO,T N Petro Prod.,95.00,9.28,854.72,1.26,8.09,-89.02,124.50,-72.62,10.91
DVL,Dhunseri Vent.,243.97,9.38,854.38,2.05,24.36,128.82,70.96,-47.10,4.57
ROHLTD,Royal Orch.Hotel,310.95,27.55,852.79,0.80,8.21,-47.15,113.17,30.47,10.84
RITCO,Ritco Logistics,297.20,23.64,850.67,0.00,4.01,-53.22,391.83,13.44,10.14
REMUS,Remus Pharma.,719.60,22.92,847.98,0.14,24.58,21.74,453.43,30.39,16.83
523475,Lotus Chocolate,657.50,,844.23,0.00,0.02,-99.33,91.95,-42.06,9.71
519152,Vadilal Enterp.,9810.00,80.73,843.66,0.02,-4.22,51.83,291.29,30.16,27.08
KOKUYOCMLN,Kokuyo Camlin,83.87,33.89,841.25,0.36,2.88,-34.40,226.23,13.10,10.21
KRYSTAL,Krystal Integrat,601.40,13.06,840.27,0.25,18.85,11.34,364.94,-11.66,15.86
OMINFRAL,Om Infra,87.10,40.80,838.81,0.46,6.46,-56.32,160.10,-6.89,4.70
NCLIND,NCL Industries,184.67,6.37,835.31,1.62,42.09,625.08,399.63,6.50,14.49
SARLAPOLY,Sarla Performanc,100.01,12.52,835.11,2.00,-59.72,37.01,102.53,2.19,10.47
SUDARCOLOR,Sudarshan Colorants,360.60,17.25,832.33,0.00,13.15,-64.46,211.10,-4.17,11.41
EVERESTIND,Everest Inds.,524.25,,831.24,0.19,-47.17,-31346.67,327.17,-27.72,-8.50
PREMIERPOL,Premier Polyfilm,79.30,23.77,830.61,0.19,9.08,51.33,87.92,35.07,30.79
TEJASCARGO,Tejas Cargo,347.50,39.76,830.28,0.00,8.32,-19.92,326.84,31.48,12.13
KECL,Kirl. Electric,124.85,95.09,829.18,0.00,-0.63,83.64,163.57,26.67,14.59
QUICKHEAL,Quick Heal Tech,152.72,,828.64,0.00,-19.94,-513.54,48.73,-25.19,-4.65
543373,Shri Venkatesh,374.30,21.67,827.93,0.27,23.80,118.95,821.71,108.92,19.78
540737,Shree Ganesh Rem,643.00,46.45,825.46,0.00,6.27,-5.00,33.20,35.90,14.61
BAJAJST,Bajaj Steel Inds,395.70,22.30,823.06,0.25,2.32,-87.15,116.76,-23.93,11.73
SALSTEEL,S.A.L Steel,56.71,,820.97,0.00,-1.02,82.91,11.97,-89.76,1.08
SRHHYPOLTD,Sr.Rayala.Hypo,477.85,8.18,820.22,0.63,20.06,1.06,163.14,1.66,13.99
SYSTMTXC,Systematix Corp.,60.07,57.84,820.18,0.17,-11.79,-448.48,23.50,-20.69,8.49
SADHNANIQ,Sadhana Nitro,2.74,,812.33,3.65,-33.62,-920.00,9.11,-81.58,-11.10
PARIN,Parin Enterpris.,728.80,124.57,810.28,0.03,4.32,-32.39,138.98,6.46,10.82
509960,U P Hotels,1500.00,25.12,810.00,0.00,14.37,17.50,50.78,3.23,21.87
FLYSBS,FlySBS Aviation,466.65,13.29,807.48,0.00,36.93,59.18,180.93,64.21,32.47
ASAL,Automotive Stamp,508.75,26.10,806.88,0.00,4.69,84.65,253.32,46.37,25.31
HEXAGON,Hexagon Nutri.,65.51,21.35,805.24,0.00,10.90,30.68,115.04,8.00,22.55
SUPREMEINF,Supreme Infra.,82.53,,804.69,0.00,-60.36,83.78,13.89,-37.32,
DWARKESH,Dwarikesh Sugar,43.31,26.07,802.54,0.23,57.41,23.92,425.43,-7.28,4.62
540980,Yamuna Syndicate,26110.00,15.38,802.53,1.91,33.87,3.08,18.17,18.76,4.13
GANESHBE,Ganesh Benzopl.,111.41,12.01,802.03,0.00,15.29,-49.37,111.47,11.55,14.60
543895,Exhicon Events,510.50,19.63,798.80,0.03,23.13,22.08,100.09,23.75,29.49
AHCL,Anlon Healthcare,15.01,28.69,797.80,0.00,9.79,-41.20,55.42,13.26,22.38
VLSFINANCE,VLS Finance,253.50,36.57,795.45,0.59,-74.54,-87.15,-98.86,-103.08,0.96
EIFFL,Euro India Fresh,320.00,162.29,793.60,0.00,4.65,77.52,60.02,71.58,9.84
FRESHARA,Freshara Agro,337.55,21.90,793.22,0.00,21.31,22.40,179.16,18.92,20.92
ANUHPHR,Anuh Pharma,79.07,21.82,792.47,1.90,11.68,-6.26,202.12,2.01,14.94
544516,Airfloa Rail,330.15,20.21,791.37,0.00,27.07,68.77,229.06,113.54,25.87
543831,Bright Outdoor,362.60,32.90,791.31,0.14,13.97,40.68,90.52,30.19,18.68
SSEGL,Sathlokhar Sys.,304.55,9.59,791.18,0.00,30.26,64.64,277.37,48.91,37.09
GICHSGFIN,GIC Housing Fin,146.87,5.12,790.89,3.06,53.58,23.60,272.70,0.38,7.71
SAHANA,Sahana Systems,893.80,11.64,789.86,0.11,47.10,21.60,216.99,89.00,39.81
506528,Keltech Energies,7872.05,32.05,787.21,0.02,8.44,-11.48,143.13,2.29,20.41
MEIL,Mangal Electrica,284.65,18.22,786.49,0.00,12.75,-8.47,179.42,17.24,14.73
VELJAN,Veljan Denison,1743.80,31.44,784.71,0.49,6.57,13.47,40.83,8.76,14.88
CIFL,Capital India,20.05,,784.07,0.10,-2.98,72.88,125.15,-10.18,0.86
543931,Veefin Solutions,305.25,34.22,779.59,0.00,15.98,,131.35,,9.85
REGAAL,Regaal Resources,75.65,12.87,779.15,0.00,16.54,47.94,244.61,-5.39,12.05
542727,City Pulse Multi,521.35,425.62,778.89,0.00,1.29,377.78,2.71,1255.00,2.59
SAHASRA,Sahasra Electro.,311.00,54.78,777.27,0.32,6.31,384.57,78.12,57.66,6.04
504398,SJ Corp,179.10,,776.49,0.00,-0.61,-654.55,7.72,1.85,0.14
KOTHARIPET,Kothari Petroche,131.82,10.67,775.71,0.76,17.80,3.01,152.86,-0.04,28.60
DECCANCE,Deccan Cements,553.65,43.40,775.53,0.11,4.73,-202.01,213.89,79.86,3.31
RMDRIP,R M Drip & Sprin,18.11,22.02,775.52,0.16,10.20,-0.49,61.12,27.20,37.91
SICALLOG,Sical Logistics,97.07,596.21,774.47,0.00,-8.78,-134.67,105.17,29.65,9.85
VIESL,Vision Infra,314.25,11.73,774.39,0.16,44.40,129.34,325.08,30.32,22.62
HARDWYN,Hardwyn India,15.82,60.79,772.70,0.00,3.42,96.55,46.41,27.85,4.70
VINSYS,Vinsys IT Serv.,522.10,25.89,770.09,0.00,21.40,9.48,148.36,24.08,21.32
530477,Vikram Thermo,245.00,19.96,768.27,0.41,8.52,109.34,37.77,39.32,36.42
MODIS,Modi's Navnirman,392.10,26.37,768.17,0.00,4.41,192.05,51.49,158.22,25.78
ADVENTHTL,Advent Hotels,142.31,15.81,767.66,0.00,3.67,-62.31,115.41,6.80,6.78
OSELDEVICE,OSEL Devices,430.80,26.21,766.59,0.00,14.06,16.78,145.81,47.10,24.40
ZUARIIND,Zuari Industries,257.00,6.60,765.38,0.39,-31.61,-56.79,283.56,4.15,5.45
ELDEHSG,Eldeco Housing,778.30,31.52,765.30,1.16,4.85,49.69,60.11,63.70,7.72
511702,Yogi Ltd,169.95,36.93,764.78,0.00,3.69,92.55,157.32,41.64,12.75
BEEKAY,Beekay Steel Ind,400.40,20.75,763.64,0.25,-20.10,-465.38,338.62,2.46,5.48
ZTECH,Z-Tech (India),524.15,21.28,763.13,0.00,19.14,125.18,58.83,68.13,19.76
SOUTHWEST,South West Pinn.,233.67,19.09,762.97,0.00,9.34,289.17,61.68,53.36,20.02
ECOSMOBLTY,Ecos (India),126.90,13.22,761.40,1.89,15.74,-12.89,206.76,16.66,30.32
MVGJL,Manoj Vaibhav,155.76,6.56,760.85,0.00,28.16,5.31,754.47,7.00,15.63
PVSL,Popular Vehicles,106.01,,754.77,0.00,-4.96,63.34,1754.45,27.84,4.23
533006,Birla Cotsyn,28.51,,753.63,0.00,-1.96,57.02,14.86,,-29.93
RADHIKAJWE,Radhika Jeweltec,63.63,10.04,750.83,0.00,7.53,-32.35,193.36,23.54,25.07
CELLECOR,Cellecor Gadgets,33.70,18.92,749.24,0.00,20.08,23.34,650.32,8.35,22.64
VASCONEQ,Vascon Engineers,32.33,30.12,749.08,0.00,5.72,-83.01,253.08,-34.62,4.68
KELLTONTEC,Kellton Tech,14.09,8.20,748.75,0.00,22.32,-1.46,315.62,6.82,14.96
GLOSTERLTD,Gloster Ltd,683.65,37.46,748.14,2.93,8.21,453.88,378.40,35.95,5.85
512062,Tandhan Industries,149.95,,746.34,0.00,-0.14,-140.00,0.00,,-0.32
PATELRMART,Patel Retail,223.44,19.11,746.30,0.00,9.98,39.00,334.16,52.12,15.33
BIRLAMONEY,Adit.Birla Money,131.99,13.17,745.86,0.00,11.13,-27.63,130.77,16.02,9.91
PRAVEG,Praveg,285.08,,745.22,0.35,-4.93,-242.36,73.60,26.77,1.72
RAJPALAYAM,Rajapalayam Mill,807.75,6.56,744.76,0.06,29.61,639.96,269.34,21.32,1.81
522229,Taneja Aerospace,291.35,43.88,742.96,0.86,5.11,-16.50,11.54,-6.79,15.60
SANDESH,Sandesh,979.00,11.04,741.10,0.51,-34.54,-473.81,210.98,178.78,7.03
LOKESHMACH,Lokesh Mach.,339.00,191.43,738.91,0.00,2.15,1553.85,59.36,53.42,6.37
DENTALKART,Vasa Denticity,425.45,68.45,737.88,0.00,1.36,-68.52,72.41,-0.54,9.21
VALIANTORG,Valiant Organics,262.85,24.46,736.89,0.00,15.12,281.82,217.70,6.82,6.21
BAJAJINDEF,Indef Manufactur,230.25,30.64,736.80,0.87,6.82,-33.66,68.04,28.43,9.45
BAHETI,Baheti Recycling,709.90,27.20,736.06,0.00,17.79,61.87,409.72,53.38,21.66
504132,Permanent Magnet,855.75,46.40,735.95,0.26,3.99,134.18,66.54,46.95,13.83
531859,Oriental Rail,109.50,17.38,734.30,0.09,11.88,121.23,153.48,9.46,12.17
BLAL,BEML Land Assets,175.92,73261.00,732.61,0.00,0.50,219.05,0.98,,-192.83
534535,String Metaverse,6.00,7.14,731.95,0.00,34.70,176.39,359.40,133.60,41.56
506808,Tuticorin Alkali,60.07,19.99,731.87,0.00,8.02,10.77,83.44,3.14,21.99
INDOFARM,Indo Farm Equip.,152.25,29.63,731.59,0.00,8.72,-35.46,133.99,3.09,7.42
PROSTARM,Prostarm Info,123.67,20.96,728.10,0.00,8.76,28.07,102.95,32.04,17.71
544406,Unified Data,361.10,17.80,725.45,3.05,23.48,94.05,138.97,21.47,45.25
NRL,Nupur Recyclers,105.00,51.00,725.22,0.00,3.34,34.47,57.32,54.00,15.12
OCCLLTD,OCCL,144.96,14.65,724.08,1.03,19.35,112.41,149.00,38.63,12.85
530245,Aryaman Fin.Serv,590.20,24.44,722.82,0.00,5.76,-45.16,10.48,-73.43,22.11
20MICRONS,20 Microns,204.23,10.86,720.66,0.61,17.59,14.99,261.06,14.80,17.31
COMSYN,Commerl. Synbags,178.52,26.71,720.14,0.22,7.11,-1.66,100.18,3.26,15.01
MMP,MMP Industries,281.70,18.56,715.59,0.71,17.99,14.36,249.68,11.90,12.49
EMAMIPAP,Emami Paper,118.18,7.57,714.99,1.35,38.61,511.89,560.16,21.84,11.42
AGARIND,Agarwal Indl.,477.70,16.40,714.53,0.69,15.75,-48.43,405.38,-50.77,7.92
XCHANGING,Xchanging Sol.,64.04,12.00,713.43,3.12,16.24,10.85,51.30,1.10,18.02
INNOVANA,Innovana Think.,344.35,18.65,711.43,0.00,1.82,-74.21,32.60,22.60,16.35
PVP,PVP Ventures,27.31,,711.16,0.00,-3.19,-110.74,41.44,117.76,6.22
506166,Apis India,51.54,28.04,709.97,0.00,10.35,27.31,97.89,8.57,14.59
CCCL,C C C L,15.88,,709.45,0.00,-2.00,167.72,103.20,129.54,-1.85
SUBEXLTD,Subex,12.58,22.14,709.11,0.00,9.93,157.10,72.96,3.34,12.76
517166,Spel Semiconduct,153.70,,708.86,0.00,0.77,118.66,2.18,-11.02,0.12
STCINDIA,S T C,117.89,15.88,707.34,0.00,16.55,928.57,0.00,,
508807,IST,606.00,4.60,706.85,0.00,-9.50,-156.65,34.42,21.97,12.74
KANORICHEM,Kanoria Chem.,161.75,17.69,706.85,0.00,31.62,388.83,304.39,-29.44,5.95
523160,Foseco Crucible (India),1261.50,23.99,706.44,0.99,-1.40,322.92,37.35,-11.74,33.05
ADVANCE,Advance Agrolife,109.89,20.02,706.44,0.00,7.46,421.68,123.88,37.90,19.28
VIVIANA,Viviana Power,697.45,14.07,706.15,0.00,43.26,245.25,432.34,208.24,50.69
FOCE,Foce India,599.00,46.99,703.41,0.00,9.16,21.49,86.70,23.63,16.06
KARNIKA,Karnika Industri,112.95,25.05,700.26,0.09,9.14,,73.77,,
HERANBA,Heranba Inds,174.96,,700.08,0.57,-58.30,-39.36,319.48,-4.57,-1.65
GEECEE,GeeCee Vent.,334.15,16.61,698.77,0.00,23.57,505.91,33.18,110.00,6.31
DPSCLTD,India Power Corp,7.17,54.51,698.21,0.70,4.14,321.39,166.08,21.47,3.49
RAMASTEEL,Rama Steel Tubes,4.26,55.40,696.95,0.00,3.79,-37.43,246.15,-16.05,5.57
537254,JTL Defence,661.25,2577.96,696.05,0.00,1.70,182.93,15.24,10060.00,0.68
MAGADSUGAR,Magadh Sugar,493.85,10.98,695.92,2.53,48.55,-32.89,290.67,-18.17,7.75
TVTODAY,T.V. Today Netw.,116.45,26.83,694.84,2.58,9.02,14.71,213.47,-14.33,4.55
GANESHCP,Ganesh Consumer,171.84,16.38,694.46,1.45,9.54,108.75,218.04,-0.94,19.35
MANBA,Manba Finance,138.21,15.31,694.36,0.54,11.13,38.78,93.38,37.30,12.49
DCMSIL,DCM Shriram Intl,79.77,66.28,693.94,0.50,-18.22,-87.99,116.36,-3.22,3.57
544186,Forbes Precision,134.30,25.22,692.91,3.72,11.06,21.27,70.96,7.61,21.05
WELINV,Welspun Investme,1898.00,228.64,692.77,0.00,-0.13,,0.13,116.67,0.58
UNITEDPOLY,United Polyfab,30.17,28.51,692.45,0.00,7.06,81.03,172.03,12.12,17.75
543378,CWD,303.95,62.21,691.78,0.00,6.32,56.12,105.67,293.56,17.98
VISAKAIND,Visaka Industrie,79.85,43.07,689.94,1.50,40.92,42.71,479.43,12.52,7.03
MAANALU,Maan Aluminium,114.86,52.88,688.99,0.00,1.70,-56.85,254.57,3.54,7.73
MUKKA,Mukka Proteins,22.94,13.22,688.20,0.00,21.36,51.73,380.61,-0.25,11.61
HMVL,Hindustan Media,93.40,4.43,688.09,0.00,27.48,-12.59,215.53,18.68,11.50
523850,Axtel Industries,425.35,27.07,687.14,2.82,11.16,134.45,70.57,87.64,29.95
543709,PNGS Gargi FJ,654.55,21.81,685.33,0.00,5.14,25.06,29.59,30.41,33.76
UNIENTER,Uniphos Enter.,98.27,33.00,683.47,3.56,-0.70,55.70,26.14,-64.14,0.80
GTPL,GTPL Hathway,60.68,85.52,682.43,3.30,1.37,-78.03,1015.41,12.36,3.37
RNFI,RNFI Services,268.75,23.52,681.47,0.00,8.36,66.45,239.34,11.59,27.26
DMCC,DMCC Speciality,272.75,24.89,680.24,0.92,7.66,18.39,177.63,41.89,15.34
INNOVISION,Innovision,285.30,18.40,679.39,0.00,11.87,8.15,267.52,6.28,20.28
DBOL,Dhampur Bio,102.09,26.51,677.75,1.47,36.79,2.41,532.89,8.21,4.98
LAXMIINDIA,Laxmi India Fin.,129.12,13.60,676.50,0.00,20.52,40.84,92.84,25.00,12.72
BIGBLOC,BIGBLOC Const.,47.75,,676.02,0.00,-0.83,-12.87,86.93,34.59,1.81
KUANTUM,Kuantum Papers,77.36,16.09,675.07,3.23,14.34,-45.10,300.94,8.51,5.19
CHEVIOT,Cheviot Company,1153.60,13.05,673.92,2.17,-9.05,-197.21,140.61,5.10,10.19
NAHARPOLY,Nahar Poly,273.80,8.54,673.22,0.37,20.50,44.98,167.68,7.05,10.69
INFLUX,Influx Health.,290.15,32.70,671.71,0.00,10.55,37.91,80.07,40.99,39.98
PANACHE,Panache Digilife,418.40,37.31,670.03,0.00,8.51,402.27,94.55,57.53,23.67
AHLWEST,Asian Hotels (W),574.95,8.21,669.89,0.00,10.83,2253.96,121.50,5.86,19.66
524723,Arvaya Healthcare,139.41,,669.47,0.00,-0.63,-200.00,0.00,,-3.75
PROZONER,Prozone Realty,43.80,62.52,668.39,0.00,3.91,120.30,52.57,-0.49,6.10
ADSL,Allied Digital,118.14,18.59,668.30,1.27,-3.39,55.32,267.77,31.03,7.32
MERCURYEV,Mercury EV-Tech,35.11,159.57,667.00,0.00,0.30,-80.65,20.21,-34.13,2.64
JAYAGROGN,Jayant Agro Org.,222.32,13.23,666.96,1.12,18.26,54.01,646.66,2.00,11.58
535667,India Finsec,228.40,43.35,666.74,0.00,5.72,25.69,24.41,35.24,28.63
KSOLVES,Ksolves India,280.90,19.06,666.31,3.92,8.49,28.25,40.13,6.56,127.40
AQYLON,Aqylon Nexus,26.25,,666.04,0.00,-7.99,-3183.33,3.88,179.14,131.18
FABTECH,Fabtech Tech.,149.73,13.69,665.56,0.00,4.21,154.79,74.98,10.25,13.58
CHEMBONDCH,Chembond Chemic.,247.44,17.40,665.53,0.51,9.55,52.24,86.48,32.27,23.64
PCCL,Petro Carbon,269.10,26.17,664.68,0.00,22.47,1788.24,316.25,164.60,14.21
SPECIALITY,Speciality Rest.,137.73,27.26,664.35,0.73,2.85,38.91,116.42,13.02,9.14
ABINFRA,A B Infrabuild,10.32,34.07,659.23,0.05,5.97,-14.16,83.93,16.98,16.06
544434,Neetu Yoshi,169.35,26.27,657.29,0.00,13.47,58.96,54.20,53.19,31.78
EMKAY,Emk.Global Fin.,239.50,42.47,655.75,0.63,5.66,-33.33,148.39,108.88,8.01
533477,Enkei Wheels,364.70,48.42,655.54,0.00,-0.61,89.25,299.06,31.18,7.66
NBIFIN,NBI Indl. Fin.,2216.50,52.69,654.94,0.02,0.26,-93.52,1.33,-78.09,0.56
GGBL,Ganesh Green,262.80,8.67,651.77,0.19,42.34,147.60,724.85,300.98,36.81
PPL,Prakash Pipes,271.35,15.00,649.02,0.88,13.48,31.00,223.15,21.97,12.48
MALLCOM,Mallcom (India),1038.90,21.58,648.27,0.29,6.30,-29.61,146.69,6.63,11.44
500240,Kinetic Engg.,272.15,362.02,648.02,0.00,0.36,35.48,44.73,16.06,3.61
CHEMCON,Chemcon Special.,176.53,27.40,646.64,3.68,6.37,61.27,75.42,37.40,6.42
ONWARDTEC,Onward Technolog,290.65,14.36,646.49,2.75,11.17,-12.25,149.43,12.23,22.94
ZIMLAB,Zim Laboratories,120.40,148.52,646.05,0.00,3.74,-23.36,105.27,-3.18,4.76
ONMOBILE,OnMobile Global,60.74,,646.00,0.00,-36.54,-360.91,127.67,-18.28,-0.12
531771,Shraddha Prime,159.65,11.95,645.00,0.19,23.30,245.89,186.31,287.02,23.58
ORBTEXP,Orbit Exports,243.05,19.76,644.35,0.00,1.00,-84.87,49.28,-2.95,14.62
PARTH,Parth Electrical,470.70,45.18,643.35,0.00,8.13,35.73,117.61,12.26,21.05
NATIONSTD,National Standar,320.20,57.13,640.40,0.00,2.54,156.57,-1.02,,4.79
HALDYNGL,Haldyn Glass,118.96,24.41,639.43,0.59,7.31,62.44,108.24,29.46,13.51
544773,Merritronix,365.65,39.71,639.33,0.00,3.81,,55.95,,41.14
COFFEEDAY,Coffee Day Enter,30.24,,638.83,0.00,132.07,92.03,280.51,4.66,1.27
NAMOEWASTE,Namo eWaste,278.10,44.32,635.95,0.00,7.36,135.90,107.28,29.25,21.33
544504,Goel Construct.,440.00,13.74,635.78,0.00,29.49,36.84,411.92,29.61,34.23
AMANTA,Amanta Healthcar,163.00,38.50,632.92,0.00,5.53,-7.21,76.99,6.84,11.63
HINDCOMPOS,Hind.Composites,428.40,36.20,632.70,0.47,8.68,25.32,20.05,37.14,0.48
522122,Voith Paper,1441.20,14.02,632.69,0.69,9.15,-10.14,53.25,1.37,14.92
532893,VTM,62.68,49.60,630.37,1.36,0.90,-73.38,110.17,1.36,5.09
ZFSTEERING,Z F Steering,694.15,31.21,629.59,0.00,11.42,55.21,143.06,7.62,6.48
KILITCH,Kilitch Drugs,180.01,20.86,629.34,0.00,14.88,39.62,89.60,46.33,14.37
VAKRANGEE,Vakrangee,5.81,55.99,629.33,0.00,1.62,-17.32,56.74,-10.19,7.51
511634,Axentra Corp,317.00,600.47,624.49,0.00,1.27,12800.00,10.34,,6.94
MINDTECK,Mindteck (India),195.04,18.30,623.24,0.51,10.16,49.41,103.91,-0.11,15.08
SHINDL,Sharat Industrie,158.12,39.00,620.06,0.16,0.05,-90.57,117.24,24.84,12.92
PANSARI,Pansari Develop.,355.20,31.16,619.71,0.00,8.25,53.06,13.58,-27.30,12.48
SAURASHCEM,Saurashtra Cem.,55.66,28.51,619.43,0.00,18.83,-20.86,446.65,-6.57,2.50
CEWATER,Concord Enviro,298.35,27.08,617.47,0.00,14.16,-78.51,206.04,-0.46,6.63
GLOTTIS,Glottis,66.73,16.35,616.61,0.00,10.71,-5.72,195.85,-36.23,23.53
SUTLEJTEX,Sutlej Textiles,37.61,,616.16,0.00,-18.18,46.07,693.19,2.14,-2.32
519421,KSE,192.05,7.31,614.56,6.51,-3.73,-110.72,409.16,4.43,33.56
533407,True Green,185.35,19.50,610.86,0.00,28.67,2223.70,190.28,6077.92,13.89
LINC,Linc,102.67,16.68,610.78,1.46,11.66,-7.90,136.66,-9.55,19.21
509525,Empire Inds.,1017.50,11.77,610.50,2.46,18.95,331.53,195.37,4.82,17.98
ATL,Allcargo Termi,22.81,13.61,609.26,0.00,8.77,485.92,208.04,11.89,11.64
SNOWMAN,Snowman Logistic,36.40,144.47,608.20,2.75,5.54,41.28,142.31,3.87,3.77
544267,Subam Papers,220.95,56.32,607.15,0.00,-2.46,-152.83,141.12,4.81,5.02
TANKUP,Tankup Engi.,1144.50,126.78,606.01,0.00,2.74,174.00,35.60,162.73,18.95
SATIA,Satia Industries,60.45,14.78,604.50,0.66,5.80,-83.63,389.56,-1.79,3.94
PYRAMID,Pyramid Technopl,164.21,20.96,604.04,0.30,10.02,51.59,194.79,13.77,12.28
544001,Sunita Tools Ltd,957.55,92.38,601.39,0.00,3.42,103.57,31.18,118.19,10.52
TPLPLASTEH,TPL Plastech,76.90,20.63,599.84,1.30,8.06,18.01,114.07,23.75,22.28
SCPL,Sheetal Cool,570.85,31.35,599.39,0.00,8.17,72.36,133.31,42.50,16.00
507155,Jagatjit Inds.,128.00,59.88,598.82,0.00,-16.69,-146.60,75.67,-34.40,10.48
TREL,TransIndia Real,24.32,16.12,597.53,2.06,9.86,61.63,21.58,7.79,3.81
532467,Haz.Multi Proj.,21.98,13.93,594.84,1.82,32.38,92.97,158.41,-36.50,12.02
TRANSPEK,Transpek Inds.,1064.90,13.03,594.81,1.88,6.58,-65.82,148.22,-10.31,8.31
BIRLACABLE,Birla Cable,197.31,35.47,591.93,0.63,10.81,645.52,214.10,37.04,8.93
PROV,Proventus Agro.,1710.00,41.76,590.53,0.00,7.58,196.84,535.38,85.81,11.48
SARTELE,Sar Televenture,117.00,8.17,586.73,0.00,36.23,25.49,280.35,35.30,8.84
SUNLITE,Sunlite Recycli.,424.50,14.60,586.06,0.00,25.80,257.84,1642.41,116.13,46.52
544361,Covance Softsol,263.30,16.96,583.09,0.00,6.30,428.12,42.69,76.48,31.41
505358,Integra Engg.,169.15,39.21,582.30,0.00,4.51,-11.22,44.30,-3.13,18.52
544584,SK Minerals & Additives,473.75,32.00,579.87,0.00,11.11,72.78,208.00,87.90,26.15
SOFTTECH,Softtech Enginee,418.80,117.35,579.71,0.00,2.72,5925.00,46.59,50.29,6.21
523105,Cropster Agro,6.90,42.06,579.60,0.00,1.47,-54.49,17.68,-68.25,12.45
OMPOWER,Om Power Transmission,169.20,14.48,579.43,0.00,16.65,36.48,174.62,67.20,42.70
504028,GEE,111.00,37.73,576.94,0.00,3.54,135.88,112.16,27.50,11.12
SHALPAINTS,Shalimar Paints,68.90,,576.77,0.00,-7.39,22.37,155.93,-12.32,-7.92
KRONOX,Kronox Lab,154.39,20.71,572.85,0.32,8.00,26.58,26.13,0.00,36.00
544626,Exato Technologies,568.25,35.55,571.96,0.00,4.35,-10.68,60.77,5.01,26.66
540693,Shish Industries,13.47,78.18,568.37,0.00,0.13,-26.05,38.15,7.43,6.74
IWARE,Iware Supplych.,493.90,39.52,568.32,0.00,8.63,,164.23,,27.97
MCLEODRUSS,Mcleod Russel,54.07,25.50,564.79,0.00,-72.67,142.46,130.35,-21.22,-4.68
HTMEDIA,H T Media,24.26,4.27,564.71,0.00,-9.66,69.22,511.04,-0.49,7.42
531889,Nurture Well Industries,24.24,8.41,564.40,0.00,-1.18,-105.39,199.90,-16.81,22.92
RBZJEWEL,RBZ Jewellers Lt,140.91,10.29,563.64,0.00,11.68,36.29,189.48,38.01,21.85
BAFNAPH,Bafna Pharma.,238.15,50.75,563.38,0.00,2.75,-11.29,42.24,8.14,11.87
CHANDAN,Chandan Healthca,230.00,19.23,562.40,0.00,6.92,23.59,75.58,20.64,23.27
544369,Beezaasan Exp.,370.00,42.25,560.62,0.00,5.03,-0.20,111.12,-2.15,12.21
APS,Australian Prem,275.45,9.83,555.31,0.04,28.39,8.94,388.18,43.96,55.94
543916,Hemant Surgical,380.90,30.38,553.74,0.00,12.83,159.19,166.73,189.16,19.64
534733,Aerpace Indus,35.96,,553.27,0.00,-8.92,-192.75,0.00,,-21.52
522134,Artson,149.15,,550.66,0.00,-0.41,-286.36,26.13,-41.60,-14.60
HITECHCORP,Hitech Corp.,320.25,34.00,550.05,0.31,8.89,325.51,166.00,11.19,9.66
504176,High Energy Bat.,612.05,33.68,548.63,0.49,7.59,-14.81,29.50,-18.24,20.37
543926,Bizotic Commer.,567.50,30.48,547.18,0.00,9.71,146.45,177.00,199.54,26.79
517336,Modern Malleable,46.93,28.28,546.85,0.00,8.79,-18.76,53.45,104.24,15.06
KIRANVYPAR,Kiran Vyapar,200.32,535.84,546.56,0.50,-10.46,18.90,10.74,-11.09,1.59
505703,Satani Bearings,273.25,10930.00,546.50,0.00,0.21,520.00,16.43,,1.00
MODINATUR,Modi Naturals,410.10,12.29,545.70,0.00,19.67,96.20,243.08,28.00,22.18
544347,CLN Energy,515.00,26.45,543.49,0.00,11.99,44.63,193.96,34.37,22.38
MUNJALSHOW,Munjal Showa,135.82,23.12,543.21,3.31,-0.05,-100.56,347.07,14.59,4.72
514440,Blue Pearl Agri,9.01,527.10,542.91,0.00,0.21,161.76,12.19,6.18,2.23
502958,Lakshmi Mills,7800.35,,542.90,0.00,1.92,392.42,66.24,-6.11,1.96
KRMAYURVED,KRM Ayurveda,255.30,26.98,542.79,0.00,11.90,148.95,53.33,30.58,35.31
MUFTI,Credo Brands,82.92,11.22,542.25,3.62,15.23,10.12,162.30,5.93,13.80
KANPRPLA,Kanpur Plastipa.,221.25,14.75,541.60,0.54,14.59,21.90,178.72,6.37,17.15
PRIMO,Primo Chemicals,22.34,34.95,541.39,0.00,6.07,1580.49,144.86,-6.79,6.48
ABSMARINE,ABS Marine,220.40,6.76,541.08,0.00,49.46,154.86,183.09,83.46,20.98
NILE,NILE,1802.60,9.05,540.78,0.28,14.19,28.30,225.60,18.75,26.82
VISACHROME,VISA Chrome,36.90,,537.96,0.00,1082.58,42.57,170.98,5.28,-5.58
BESTAGRO,Best Agrolife,15.16,60.62,537.68,1.32,-37.24,-70.12,155.69,-43.25,5.16
SHREERAMA,Sh. Rama Multi.,40.18,21.66,536.27,0.00,4.72,-87.10,62.46,5.58,17.70
KNAGRI,KN Agri Resource,213.64,16.86,534.08,0.00,12.60,-20.45,480.97,-2.97,13.33
MGEL,Mangalam Global,16.20,16.31,533.88,0.06,12.48,160.54,1063.96,98.23,16.96
PENINLAND,Peninsula Land,16.09,,533.75,0.00,-118.32,74.32,40.88,-35.20,5.34
514336,CCME Global,117.90,,533.50,0.00,-0.50,-2400.00,0.04,,-2.92
REPRO,Repro India,371.90,,533.50,0.00,-11.26,-1825.66,139.47,13.33,1.21
SHIVAUM,Shiv Aum Steels,391.25,71.52,532.12,0.00,4.38,154.65,153.00,1.22,8.20
544023,Kalyani Cast-Tec,740.95,29.79,532.04,0.00,7.53,20.87,57.59,-16.57,31.04
OSWALGREEN,Oswal Green Tech,20.71,14.94,531.85,0.00,-83.16,2768.85,10.76,-45.74,1.75
539195,POCL Enterprises,172.30,12.72,530.10,0.41,12.80,21.67,332.29,-10.76,26.40
APTECHT,Aptech,91.35,20.98,529.86,4.93,1.78,-63.97,111.00,-6.48,15.34
SAAKSHI,Saakshi Medtech,299.90,43.08,529.50,0.00,5.66,349.21,57.19,19.22,14.32
SREEL,Sreeleathers,227.97,18.34,527.86,0.44,9.67,82.80,62.69,17.95,8.00
DHUNINV,Dhunseri Invest.,864.70,29.31,527.22,0.35,3.50,91.46,53.21,28.96,3.24
CHEMFAB,Chemfab Alka.,366.10,,526.22,0.34,0.48,142.11,74.78,-19.00,1.55
SAYAJIHOTL,Sayaji Hotels,299.60,,524.84,0.00,6.06,68.46,37.65,-5.04,-0.02
RUSHIL,Rushil Decor,17.76,77.43,521.11,0.56,10.12,-8.58,230.90,0.07,4.51
SCHAND,S Chand & Compan,147.69,6.65,520.94,2.71,169.50,20.45,547.82,16.21,10.20
UNIVPHOTO,Universus Photo,475.75,,520.78,0.00,-13.07,37.88,4.64,3.80,-9.34
PTL,PTL Enterprises,39.26,11.26,519.71,6.37,13.24,51.31,16.07,0.00,7.72
DISHTV,Dish TV India,2.82,,519.24,0.00,-303.95,-244.96,243.07,-29.27,
GLOBAL,Global Education,101.99,21.03,519.14,0.98,7.74,73.93,22.89,53.11,29.20
513511,Panchmahal Steel,271.05,,517.16,1.11,-2.12,-4.43,105.96,16.17,3.11
524480,Riddhi Siddhi Gl,725.00,25.96,516.91,0.41,-32.74,-336.80,9.05,-67.70,2.74
PASUPTAC,Pasupati Acrylon,57.91,7.34,516.15,0.00,26.28,133.19,244.63,45.34,21.15
505978,Triton Valves,1004.50,48.18,514.52,0.25,3.60,634.69,159.33,11.90,11.41
CSM,CSM Technologies,99.62,20.10,514.07,0.00,9.30,119.69,60.43,1.26,29.19
APSISAERO,Apsis Aerocom,425.95,68.36,513.35,0.00,4.24,41.81,16.99,78.47,31.78
540652,Captain Techno.,221.00,44.16,513.16,0.00,5.73,10.62,67.39,31.57,29.73
544462,PropshareTitania,1150000.00,884.71,513.13,6.20,5.98,59900.00,11.80,,5.09
544091,Qualitek Labs,440.00,35.00,512.69,0.00,9.83,,70.27,,11.94
RKSWAMY,R K Swamy,101.37,20.98,511.83,1.97,15.94,29.28,100.88,20.80,12.17
GFLLIMITED,GFL,45.95,11.21,504.76,0.00,25.56,239.75,0.89,5.95,2.07
NAHARINDUS,Nahar Indl. Ent.,116.64,9.70,503.95,0.00,24.97,54.39,339.48,-12.99,6.63
517286,RNIT AI Solution,59.42,41.92,503.83,0.00,4.35,27.19,17.62,41.87,20.15
ENIL,Ent.Network,105.63,258.23,503.54,1.89,8.27,-18.52,142.14,-10.16,-0.75
IRIS,IRIS Regtech Solutions,244.50,4.07,502.89,0.00,4.15,100.63,39.15,31.64,10.61
ELIN,Elin Electronics,101.13,21.58,502.71,0.00,-0.76,-104.41,324.19,2.67,6.85
OSWALAGRO,Oswal Agro Mills,37.42,,502.29,0.00,-45.61,-163.20,0.02,-99.98,2.03
532323,Shiva Cement,16.99,,501.21,0.00,-28.63,46.56,121.36,14.12,-1.43
512453,Sh. Jagdamba Pol,571.80,12.73,500.78,0.13,9.84,-38.81,100.97,-15.51,15.34
KAMATHOTEL,Kamat Hotels,169.11,11.66,498.54,0.00,17.46,41.69,110.12,19.20,15.83
ZEEMEDIA,Zee Media,7.97,74.85,498.47,0.00,-26.53,15.44,157.78,1.27,5.27
GPECO,GP Eco Solutions,421.05,12.42,498.14,0.00,32.94,424.16,292.91,79.56,38.27
SUKHJITS,Sukhjit Starch,159.43,18.44,498.12,0.63,14.59,421.07,401.69,11.66,7.62
THEINVEST,The Invest.Trust,95.21,16.91,497.40,0.00,6.09,6.78,53.12,-43.48,8.54
TERASOFT,Tera Software,393.70,19.86,492.59,0.25,7.22,144.75,74.74,122.71,24.37
PLASTIBLEN,Plastiblends (I),188.85,11.49,490.81,1.32,14.95,67.60,221.61,11.01,11.25
BMWVENTLTD,BMW Ventures,56.52,13.08,490.11,2.65,10.85,-1.00,728.63,24.58,11.95
BLACKROSE,Black Rose Indus,95.98,21.77,489.50,1.09,9.41,57.26,104.04,25.52,18.86
DAVANGERE,Davangere Sugar,3.42,57.47,489.06,0.00,1.95,0.52,83.82,47.29,5.56
ORIENTCER,Orient Ceratech,40.77,24.65,487.77,0.61,5.18,81.12,95.24,10.94,9.16
CSLFINANCE,CSL Finance,213.84,5.65,487.18,1.40,19.42,2.90,68.80,21.73,14.42
FOCUS,Focus Lighting,72.23,93.68,487.15,0.00,2.59,71.52,57.93,43.60,6.56
541358,Unifinz Capital,110.00,5.59,486.95,0.45,19.22,160.43,152.01,234.97,55.21
SRGHFL,SRG Housing,309.50,14.96,486.15,0.00,9.25,49.43,57.23,33.87,11.77
AMCL,ANB Metal,409.50,22.58,484.63,0.00,12.97,199.54,137.39,115.08,29.63
MIRZAINT,Mirza Internatio,35.06,,484.54,0.00,-13.22,-200.45,102.56,-15.90,-1.81
URJA,Urja Global,9.22,361.54,484.47,0.00,0.36,66.67,17.58,2.33,1.27
OMAXAUTO,Omax Autos,226.42,11.96,484.31,1.10,10.60,21.98,121.99,22.43,17.15
532329,Danlaw Tech.,991.55,21.01,482.95,0.00,9.54,46.32,80.03,28.44,27.22
C2C,C2C Advanced,284.35,26.32,482.50,0.00,-5.33,-127.89,79.55,10.66,13.49
BASILIC,Basilic Fly Stud,190.30,9.41,480.79,0.00,15.40,-29.81,113.40,-15.12,22.32
SUPREMEPWR,Supreme Power,192.30,23.51,480.58,0.00,11.03,-3.84,109.42,21.62,21.51
517449,Magna Electrocas,1135.00,26.01,480.34,0.53,2.66,-44.81,47.61,4.61,17.43
544656,HRS Aluglaze,248.90,46.96,479.93,0.00,5.68,311.59,41.20,89.25,18.87
538715,Dhabriya Poly.,443.20,15.92,479.73,0.16,8.32,54.93,69.74,9.88,25.64
544518,L. T. Elevator,250.00,28.15,479.08,0.00,10.57,34.48,64.45,74.33,29.36
INTLCONV,Intl. Conveyors,75.05,7.00,478.68,1.00,3.99,-69.38,97.03,77.71,20.60
538716,Aryaman Capital,398.55,17.18,477.35,0.00,4.32,-18.80,7.69,-70.08,31.88
544524,JD Cables,211.10,15.01,476.05,0.00,19.80,69.09,243.34,70.11,33.63
535693,Brahmaputra Inf.,164.00,7.99,475.90,0.00,14.78,-33.42,93.92,-8.90,18.22
539518,Uday Jewellery,139.70,13.30,475.72,0.00,10.66,488.95,226.35,112.85,22.39
DICIND,DIC India,517.50,22.87,475.01,0.58,4.24,63.71,240.52,14.42,6.42
ANLON,Anlon Tech,632.00,34.19,474.62,0.00,8.45,114.47,64.54,107.06,27.08
531359,Shriram AMC,279.00,,473.76,0.00,-7.94,-53.28,2.06,85.59,-18.75
WSI,W S Inds.,62.31,200.38,472.90,0.00,2.59,273.86,20.83,-47.49,3.06
GUJAPOLLO,Guj Apollo Inds,364.35,79.42,472.56,0.55,1.83,120.89,12.84,-24.25,1.82
ADVANIHOTR,Advani Hotels.,51.12,19.25,472.55,3.72,11.71,3.40,35.51,5.97,10.86
DCI,DC Infotech,287.85,22.14,472.07,0.00,5.79,55.65,239.42,38.62,22.98
IGCL,Indogulf Cropsci,74.55,11.81,471.33,0.00,11.61,21.35,150.82,19.48,12.23
ORIENTBELL,Orient Bell,319.50,39.00,470.00,0.31,6.12,192.15,212.58,11.46,5.58
504731,Azad India,86.21,198.04,469.35,0.00,1.41,683.33,8.76,-2.99,3.20
SHARDUL,Shardul Sec.,53.61,20.24,469.05,0.00,142.67,102.74,189.26,101.02,-5.88
SJLOGISTIC,S J Logistics (I,306.60,6.19,468.89,0.00,43.43,49.50,370.89,33.62,32.38
NILASPACES,Nila Spaces,11.89,16.41,468.33,0.00,9.40,94.92,49.80,25.25,31.32
543363,Prevest Denpro,390.00,21.85,468.12,0.26,6.06,15.43,18.90,1.94,24.67
BLUEWATER,Blue Water,425.00,18.54,467.50,0.00,9.19,111.75,135.38,157.72,31.41
538772,Niyogin Fintech,42.01,,467.35,0.00,1.11,315.15,71.97,3.04,5.57
512229,Veritas (India),174.05,23.69,466.63,0.03,-15.93,-1348.18,531.74,-32.23,1.48
544793,Susan Electrical,229.00,25.53,465.58,0.00,7.93,,153.75,,37.00
HLVLTD,HLV,7.06,91.08,465.44,0.00,8.60,-29.74,63.45,7.07,1.62
GRETEX,Gretex Industrie,300.00,332.27,465.18,0.00,0.10,-92.09,27.60,43.97,3.01
HALEOSLABS,Haleos Labs Limited,1538.40,26.87,465.10,0.10,0.35,-85.19,75.14,-15.68,9.91
KHAICHEM,Khaitan Chemical,47.95,7.98,465.06,0.10,10.91,-49.04,220.94,-5.71,18.50
RAMAPHO,Rama Phosphates,131.10,8.63,463.92,0.57,17.06,6.43,224.80,18.12,15.39
524731,Jenburkt Pharma,1051.15,12.33,463.90,1.71,10.85,61.01,44.63,8.72,27.15
MANAKSTEEL,Manaksia Steels,70.72,12.14,463.46,0.00,18.71,332.10,310.08,63.09,13.42
544332,Fabtech Techn.,376.00,29.28,463.21,0.53,13.29,57.11,143.14,62.47,19.70
539834,Balgopal Commer.,198.75,,462.05,0.00,-11.11,-153.65,0.00,,-16.95
530627,Vipul Organics,242.15,66.77,461.41,0.33,1.98,150.63,52.22,18.44,8.43
544296,Nisus Finance,193.00,6.32,460.85,0.00,46.15,210.17,420.62,1222.29,32.00
522650,Bemco Hydraulics,104.77,32.02,458.20,0.10,5.42,2.65,37.67,-3.63,23.30
VISHAL,Vishal Fabrics,18.44,14.17,456.59,0.00,7.51,53.89,348.15,-11.06,10.11
540492,Starlineps Enter,10.56,76.49,455.10,0.00,-2.07,465.91,27.82,100.14,7.05
544451,Monika Alcobev,212.00,14.15,454.74,0.47,22.17,29.35,184.28,21.36,14.67
532011,Vashu Bhagnani,71.09,143.88,454.65,0.00,-2.32,-393.67,2.31,-48.44,2.72
UNIDT,United Drilling,223.73,24.21,454.24,0.80,4.67,19.74,44.25,42.24,10.45
MANCREDIT,Mangal Credit,215.03,29.65,454.01,0.35,5.48,92.96,21.30,59.31,12.48
AASTHA,Aastha Spintex,102.62,19.28,452.99,0.00,,,,,22.78
DENORA,DE Nora India,852.55,49.97,452.70,0.00,-0.64,-119.16,21.97,9.14,9.62
E2ERAIL,E to E Transportation,262.05,26.92,452.23,0.00,24.11,1.64,268.99,69.24,14.79
531035,Ebix,21.03,,450.66,0.00,82.00,92.94,573.24,-5.08,5.95
THOMASCOTT,Thomas Scott,307.05,22.21,450.45,0.00,6.02,63.22,77.81,63.40,20.54
530521,Virat Industries,308.85,112.42,448.55,0.00,1.05,483.33,5.10,-34.02,7.51
MANORG,Mangalam Organic,523.60,15.75,448.43,0.00,5.98,16.34,153.62,2.56,10.46
TECHD,TechD Cybersec.,598.45,31.88,447.62,0.00,7.67,149.84,33.63,98.76,40.88
UGARSUGAR,Ugar Sugar Works,39.72,32.83,446.85,0.25,45.76,-10.42,389.49,-23.78,9.00
TIRUPATI,Shree Tirupati,440.45,152.28,446.18,0.00,1.06,-85.44,107.04,3.01,6.89
DONEAR,Donear Inds.,85.79,10.26,446.11,0.23,5.15,217.90,238.97,-7.25,13.52
BBTCL,B&B Triplewall,217.09,19.45,445.28,0.00,9.52,710.26,160.70,15.64,14.48
UNIVASTU,Univastu India,123.68,19.09,445.08,0.00,10.34,264.41,109.44,174.22,29.96
VINYLINDIA,Vinyl Chemicals,242.65,35.34,444.95,2.88,4.65,-36.04,179.84,4.03,14.86
ARIES,Aries Agro,341.05,10.35,443.51,0.35,-4.79,-19.78,184.80,44.63,21.20
522017,Fluidomat,899.35,22.10,443.38,0.83,10.27,60.72,29.24,39.57,30.39
517172,Pervasive Comm.,4.92,,443.27,0.00,14.72,2553.33,32.83,151.76,0.03
CYBERTECH,Cybertech Sys.,141.94,13.92,441.87,2.82,9.48,16.03,68.45,17.63,17.29
DIGISPICE,DigiSpice Tech.,18.79,18.10,440.95,0.00,2.76,569.73,107.17,-8.25,12.08
ABCOTS,AB Cotspin,200.38,33.19,440.11,0.00,1.96,4.26,104.21,22.67,9.96
LIBERTSHOE,Liberty Shoes,258.25,39.72,440.06,0.00,5.30,-10.69,212.05,13.00,7.91
SILINV,SIL Investments,414.95,11.63,439.85,0.60,-9.46,-238.29,-5.64,-1072.41,1.75
MAJESAUT,Majestic Auto,422.80,19.58,439.71,5.91,-2.63,66.06,3.47,-76.66,5.24
544610,Workmates Core2,340.00,26.82,439.24,0.59,7.05,-0.42,69.00,21.46,37.23
538786,Citizen Solar,312.25,19.55,438.50,0.00,14.02,,109.77,21854.00,42.55
BANSWRAS,Banswara Syntex,127.94,11.73,437.97,0.78,11.49,178.02,365.65,7.52,8.98
544529,Aptus Pharma,254.50,94.47,436.47,0.00,2.87,60.34,32.20,117.57,29.97
532829,Lehar Footwears,246.75,20.93,436.22,0.20,4.14,-17.86,91.26,-16.62,18.05
514238,MKVentures Cap.,1134.00,41.08,435.85,0.02,0.47,108.87,2.28,-20.83,13.23
500422,Transchem,355.35,101.15,434.95,0.00,2.09,186.30,0.00,-100.00,6.89
ACL,Andhra Cements,47.06,,433.76,0.00,48.52,211.16,154.85,73.07,-6.01
SHAH,Shah Metacorp,4.37,35.63,433.67,0.00,8.14,118.73,62.28,50.22,4.82
TARACHAND,Tara Chand Infra,54.99,15.64,433.46,0.36,8.57,9.03,89.55,9.70,18.25
MAZDA,Mazda,216.39,15.75,433.32,1.66,6.29,13.13,64.19,19.94,15.59
SHERA,Shera Energy,177.15,12.66,432.94,0.00,12.64,88.26,487.67,26.10,19.54
TEJA,Teja Engineering,672.45,69.04,431.53,0.00,3.32,36.63,43.98,48.03,33.10
MAWANASUG,Mawana Sugars,110.11,10.48,430.75,3.63,62.83,-9.55,374.41,9.20,8.35
544189,Sattrix Infor.,379.00,52.20,430.10,0.00,6.07,70.68,32.77,46.03,9.60
KAYA,Kaya Ltd,282.63,,429.25,0.00,-27.77,-182.35,55.80,2.03,-45.56
S&SPOWER,S & S Power Swit,347.30,42.40,428.62,0.00,1.90,1457.14,65.07,17.24,9.29
544657,Pajson Agro,180.00,17.29,428.57,0.00,10.57,8.97,137.35,36.21,31.35
543782,Sealmatic India,393.85,41.41,427.72,0.28,3.82,-59.62,49.43,-13.34,13.03
544346,RDB Real Estate,162.40,,427.25,0.00,-4.97,16.47,179.49,454.67,2.95
LORDSCHLO,Lords Chloro,149.05,14.99,427.09,0.00,4.39,68.85,97.64,22.39,13.65
VRAJ,Vraj Iron,129.21,13.31,426.17,0.00,15.57,55.54,170.21,11.24,10.51
SARVESHWAR,Sarveshwar Foods,3.45,13.38,425.27,0.00,7.35,-14.53,382.62,9.41,10.41
SBGLP,Suratwwala Busi.,24.42,11.17,423.48,0.41,13.28,103.37,58.97,171.50,30.85
544440,Cryogenic OGS,296.55,45.73,423.47,0.00,4.47,35.05,19.76,1.39,26.90
526179,Ludlow Jute,391.60,26.10,421.75,0.00,1.38,-45.24,148.15,56.29,10.30
RAMANEWS,Shree Rama News.,28.57,,421.47,0.00,-37.91,-49.40,7.87,-30.54,0.93
NDLVENTURE,NDL Ventures,125.06,462.75,421.10,0.40,0.15,7.14,0.00,,2.04
523888,Megamont,145.75,67.68,420.95,0.00,3.59,5228.57,286.60,,23.72
DIVINEHIRA,Divine Hira Jew.,107.45,58.99,420.57,0.00,4.00,30.72,383.36,72.04,16.10
CPL,Captain Polyplas,69.84,15.13,420.29,0.00,9.76,90.62,141.47,80.33,17.81
543943,Asarfi Hospital,213.05,24.54,419.22,0.00,4.09,6.79,45.03,28.29,18.77
MONEYBOXX,Moneyboxx Fin.,59.97,312.43,418.65,0.00,0.47,108.88,63.13,21.22,9.05
526873,Rajasthan Securities,54.40,5.16,418.19,0.00,61.14,9025.37,61.21,,137.57
544541,Systematic Inds.,187.00,19.87,417.59,0.00,11.73,4.17,298.83,6.03,17.45
ESSARSHPNG,Essar Shipping,20.17,,417.47,0.00,-35.57,-95.73,0.04,100.03,
541741,FratelliVineyard,96.00,,417.33,0.00,-7.05,35.62,35.30,10.59,-4.87
GANESHIN,Ganesh Infra.,97.50,5.47,416.53,0.00,24.46,110.50,229.58,44.72,18.87
EMAMIREAL,Emami Realty Ltd,79.92,,415.85,0.00,-65.85,17.36,73.09,435.07,-6.90
511644,Omega Interactiv,52.60,46.04,415.76,0.00,1.80,480.65,70.99,,24.64
IL&FSENGG,IL&FS Engg.,31.56,118.23,413.82,0.00,10.09,154.23,29.81,-70.79,
517246,B C C Fuba India,208.70,70.07,412.02,0.00,1.95,103.12,22.79,79.17,19.20
DJML,DJ Mediaprint,114.39,41.10,410.99,0.13,5.35,134.65,46.42,95.86,16.16
PPAP,PPAP Automotive,290.38,217.44,410.97,0.86,45.45,31.40,174.58,18.58,3.53
NAHARCAP,Nahar Capital,245.33,6.51,410.83,0.61,18.19,-14.24,7.83,135.14,5.03
SINGERIND,Singer India,65.82,30.68,409.53,0.61,5.90,42.72,166.32,36.70,10.93
544191,Purple Finance,69.48,,409.50,0.00,0.38,107.85,16.12,160.84,1.46
3IINFOLTD,3i Infotech,19.74,10.86,409.42,0.00,6.52,-15.22,177.94,4.33,12.99
544141,Pune e,257.95,20.90,408.87,0.00,9.51,72.83,27.48,20.42,15.06
513472,Simplex Castings,99.65,18.65,408.53,0.00,6.18,83.33,54.76,-18.39,24.28
NEPTUNE,Neptune Pet.,180.00,13.44,407.76,0.00,15.79,29.32,645.47,6.32,31.57
SURAJLTD,Suraj,221.30,45.41,406.40,0.68,3.24,109.03,39.03,-22.47,7.10
KOTHARIPRO,Kothari Products,68.08,18.96,406.35,0.00,-1.95,-118.99,316.59,42.08,2.63
TOLINS,Tolins Tyres,102.70,11.37,405.76,0.00,8.94,-3.66,77.99,12.17,13.01
544080,Sayaji (Indore),1330.00,45.58,405.20,0.06,0.18,-72.01,29.60,0.30,11.27
AFIL,Akme Fintrade,9.21,9.57,405.01,0.00,12.27,62.52,42.60,45.54,13.87
FOODSIN,Foods & Inns,55.05,14.62,404.79,0.54,19.49,-16.42,288.89,-27.29,8.85
544670,Bai-Kakaji Poly.,189.05,16.98,404.65,0.00,13.32,,192.04,,21.18
539922,Rotographics (I),306.75,453.28,403.42,0.00,0.07,-68.18,8.45,943.21,12.35
GINNIFILA,Ginni Filaments,47.06,8.97,403.07,0.00,7.13,-28.11,90.10,0.11,21.55
500012,Andhra Petrochem,47.31,,402.00,0.00,1.38,137.38,79.32,-44.71,-1.62
PATILAUTOM,Patil Automation,184.20,22.61,401.94,0.00,11.54,,95.31,,
VISHNUINFR,Vishnusurya Pro.,155.00,11.29,401.85,0.65,8.01,7.23,127.38,35.93,19.92
CHAVDA,Chavda Infra Ltd,123.05,23.64,401.83,0.00,7.34,-31.72,167.61,49.76,13.47
BATLIBOI,Batliboi,84.93,564.87,401.06,0.71,4.71,-7.89,125.63,5.54,1.79
HARRMALAYA,Harri. Malayalam,216.96,13.75,400.51,0.00,9.11,75.53,147.13,7.62,15.28
ECOLINE,Ecoline Exim,195.00,19.81,400.05,0.00,7.28,8.82,139.18,0.69,17.08
SHIVALIK,Shivalik Rasayan,253.76,32.92,399.68,0.20,7.18,9.69,102.82,48.18,4.63
MEGATHERM,Megatherm Indu.,212.00,16.46,399.42,0.00,11.64,2.08,187.18,8.47,18.10
ALBERTDAVD,Albert David,698.35,,398.76,0.72,-21.43,-107.45,85.86,14.65,0.82
AUTOIND,Autoline Industr,87.87,20.25,398.71,0.00,30.41,119.97,289.31,48.37,13.06
RUBFILA,Rubfila Intl.,73.08,14.90,396.59,2.74,6.42,-22.74,160.60,8.90,12.29
EUROBOND,Euro Panel,161.61,14.56,395.94,0.00,8.81,41.19,141.04,19.92,16.95
RADIANTCMS,Radiant Cash,36.93,11.43,394.07,6.77,2.96,-40.02,100.78,-3.38,9.96
539594,Mishtann Foods,3.65,1.49,393.33,0.00,0.04,-99.95,30.84,-90.70,22.50
500166,Goodricke Group,182.00,21.72,393.12,1.10,-29.21,30.04,103.85,-21.23,5.11
TEAMTECH,Teamtech Formwork,131.10,33.91,392.99,0.00,7.33,,31.74,,41.17
ASAHISONG,Asahi Songwon,332.95,20.91,392.46,0.45,10.82,42.28,144.05,-5.70,8.49
COMMITTED,Committed Cargo,339.00,33.54,392.38,0.15,5.03,34.11,129.57,20.27,16.48
SIGMA,Sigma Solve,38.07,16.38,391.26,0.13,5.37,-21.26,24.64,4.67,48.33
GSMFOILS,GSM Foils,277.50,16.56,391.07,0.00,7.62,98.96,96.89,86.33,35.36
MARKOLINES,Markolines Pavem,175.85,14.82,390.45,0.85,11.36,-7.57,92.73,-19.06,15.70
ATMASTCO,Atmastco Ltd,157.50,15.61,389.57,0.00,13.99,42.90,141.96,2.20,20.41
531191,Filtron Engineer,61.33,93.87,389.55,0.00,2.87,28800.00,65.12,,11.31
GOKUL,Gokul Refoils,39.28,21.04,388.85,0.00,5.85,-11.90,1055.78,22.76,8.42
CONNPLEX,Connplex Cinemas,203.55,14.91,388.78,0.00,13.03,38.91,83.46,51.97,43.57
544832,Sotefin Bharat,213.95,22.41,388.54,0.00,4.94,,31.47,,31.20
544611,Mahamaya Lifesc.,166.00,23.52,388.52,0.00,8.15,,165.90,,20.00
MOLDTECH,Mold-Tek Technol,134.68,38.45,387.95,0.74,2.28,246.15,55.49,85.71,10.61
INSPIRISYS,Inspirisys Sol.,97.88,9.11,387.77,0.00,8.77,23.87,141.77,17.81,27.42
521113,Suditi Industrie,78.01,36.93,386.98,0.00,3.89,-2.75,31.00,-14.20,19.98
514316,Raghuvir Synth,99.80,,386.73,0.00,-3.67,-189.08,24.18,-73.14,1.30
ATALREAL,Atal Realtech,31.44,59.58,386.70,0.00,3.08,528.57,60.20,37.79,10.66
MBLINFRA,MBL Infrast,25.24,,384.98,0.00,-5.19,56.93,37.55,35.61,2.69
MEGASTAR,Megastar Foods,340.80,42.02,384.89,0.00,2.17,60.74,146.06,21.91,11.64
GVKPIL,GVK Power Infra.,2.43,,383.75,0.00,-3.01,97.36,0.00,-100.00,-12.29
SINCLAIR,Sinclairs Hotels,74.77,42.35,383.27,1.07,-0.86,-122.75,16.76,16.63,10.16
544531,True Colors,155.25,12.28,382.76,0.00,16.44,-24.13,150.43,6.86,25.22
VGINFOTECH,Virtual Galaxy,153.70,8.29,382.23,0.65,14.49,195.71,54.66,189.21,33.74
AVG,AVG Logistics,203.64,38.68,380.97,0.59,10.64,-187.45,155.55,5.50,9.20
ZODIAC,Zodiac Energy,251.25,18.07,380.71,0.30,10.63,12.61,211.12,23.22,15.86
ABMKNO,ABM Knowledge,190.11,40.32,380.26,0.66,0.80,-52.29,25.53,4.72,6.54
540175,Regency Fincorp,42.69,21.95,379.28,0.00,7.03,122.47,16.14,107.99,10.51
MENNPIS,Menon Pistons,73.97,14.62,377.25,1.35,4.44,4.94,73.22,31.31,21.51
LANCER,Lancer Containe.,10.14,66.96,376.99,0.00,10.90,133.60,138.87,17.97,1.95
KRITINUT,Kriti Nutrients,75.21,11.31,376.83,0.40,6.19,25.05,255.23,27.58,19.97
MADHUSUDAN,Madhusudan Masa,233.00,20.59,375.95,0.00,5.81,56.18,89.54,38.86,16.25
524634,Alufluoride,480.35,14.99,375.66,0.83,4.67,211.33,51.60,-4.46,24.19
AEPL,Artemis Electri.,14.96,42.39,375.55,0.03,3.10,-18.64,40.75,8.70,12.97
XTGLOBAL,XT Global Infot.,27.99,32.56,375.41,0.18,3.74,408.47,89.52,2.84,8.48
MAXVOLT,Maxvolt Energy,344.25,15.40,375.37,0.00,11.46,114.61,166.72,148.13,27.12
544740,TIPCO Engineering,180.05,14.77,373.92,0.00,16.73,156.99,94.97,65.51,36.23
HCL-INSYS,HCL Infosystems,11.34,,373.32,0.00,-13.17,-41.07,5.28,13.55,-53.05
ORIENTPPR,Orient Paper,17.58,,373.02,0.00,-10.94,39.46,231.47,5.56,-4.24
AKIKO,Akiko,346.30,24.33,372.95,0.00,5.52,2.60,57.72,48.11,37.12
HERCULES,Hercules Investments,116.50,48.29,372.80,2.15,-0.08,,0.29,81.25,1.05
531676,Emrock Corporation,235.25,307.58,372.17,0.00,0.41,156.25,0.94,88.00,8.48
544695,Msafe Equipments,181.95,16.56,371.18,0.00,11.92,91.95,54.49,38.86,34.11
JKIPL,Jinkushal Indus.,96.69,30.70,371.15,0.00,11.68,898.04,192.00,146.00,9.75
500298,Naperol Invest.,642.00,34.51,368.96,1.40,11.22,14.37,19.53,20.78,1.07
544166,Emmforce Auto.,179.70,44.65,368.38,0.00,4.19,-10.47,59.07,12.54,11.68
NIMBSPROJ,Nimbus Projects,190.00,,367.06,0.00,-31.17,86.00,218.23,26192.77,-13.46
MANAKSIA,Manaksia,55.82,6.99,365.81,0.00,12.49,-9.03,236.68,-11.87,10.63
MANOMAY,Manomay Tex Indi,202.68,18.63,365.81,0.00,5.00,50.15,203.97,13.86,11.41
KESORAMIND,Kesoram Inds.,11.72,,364.15,0.00,31.07,23.71,66.62,-0.98,-8.48
544354,Solarium Green,174.05,19.86,363.24,0.00,11.25,-16.09,251.22,69.65,12.93
531279,Trishakti Indus,220.45,32.87,363.23,0.00,4.30,372.53,14.38,252.45,14.17
512600,Astal Lab,82.55,24.58,361.56,0.00,7.68,180.29,134.05,471.15,9.13
544383,Paradeep Pari.,227.05,11.74,361.42,0.00,14.38,-24.32,208.00,4.89,22.05
504959,Stovec Inds.,1728.00,60.39,361.15,0.69,1.66,-35.66,46.69,-4.83,7.52
539479,GTV Engineering,70.93,25.34,360.33,0.19,3.11,-27.67,31.96,42.74,30.36
AVANA,Avana Electrosystems,159.00,30.72,360.06,0.00,6.12,,48.11,,38.13
KOTYARK,Kotyark Indust.,31.82,19.17,359.79,2.43,9.38,543.45,63.66,220.54,15.31
DREAMFOLKS,Dreamfolks Servi,67.03,30.89,357.07,0.00,-13.01,-187.62,52.64,-83.24,5.71
523558,Swiss Military,15.12,44.91,357.04,0.00,1.60,-38.70,62.43,7.94,8.18
544295,PropsharePlatina,1062000.00,15.03,356.94,10.81,4.40,5.52,7.71,1.05,
ARHAM,Arham Tech,162.65,29.08,354.77,0.00,6.31,35.99,72.94,94.77,19.80
504240,Delton Cables,410.00,24.35,354.24,0.49,1.26,-73.14,320.31,58.39,14.81
UYFINCORP,U. Y. Fincorp,18.57,7.32,353.27,0.00,17.44,1500.00,70.39,359.76,18.49
538987,Talbros Engg.,694.35,12.09,352.49,0.36,9.55,79.51,143.97,15.03,16.79
MUTHOOTCAP,Muthoot Cap.Serv,213.77,13.99,351.60,0.00,8.12,273.88,155.53,7.11,8.87
543172,Cospower Engine.,1910.00,26.94,350.77,0.00,10.76,568.32,74.62,261.36,38.25
CLAYCRAFT,Clay Craft India,170.20,13.02,350.11,0.00,,,,,19.96
VPRPL,Vishnu Prakash R,28.00,,349.00,0.00,-130.79,-905.36,101.62,-74.91,-6.76
TRANSWORLD,Transworld Shipp,158.86,,348.86,0.94,-29.52,-494.17,132.42,-12.82,-4.56
SHEMAROO,Shemaroo Entert.,121.38,,348.73,0.00,-8.07,82.43,131.68,-5.62,-39.34
539546,Agribio Spirits,320.25,86.49,348.57,0.08,0.90,36.36,12.95,174.95,5.52
513544,Mardia Samyoung,43.80,156.07,348.04,0.00,1.15,2400.00,61.12,,7.02
531364,Ekansh Concept,229.95,,347.86,0.00,-1.72,-201.78,3.40,-55.26,1.48
513496,Sizemasters Tech,347.00,85.26,347.00,0.00,0.93,24.64,9.68,75.68,24.23
DCMSRIND,DCM Shriram Inds,39.86,8.36,346.75,1.00,15.91,-19.32,273.54,11.29,11.03
531628,Tejassvi Aaharam,59.60,,346.65,0.00,-0.40,-110.53,14.18,46.04,-78.79
DBEIL,Deepak Builders,7.42,8.72,345.63,1.35,14.51,29.55,236.25,5.32,13.55
526071,Stellant Secu.,623.95,9.42,345.42,0.00,17.07,904.12,11.79,408.19,71.73
BEDMUTHA,Bedmutha Indus.,106.89,53.06,344.87,0.00,14.63,606.76,435.63,54.63,13.99
544684,Digilogic Systems,119.10,33.80,344.81,0.00,8.53,,59.25,,18.72
533285,RDB Infrastruc.,15.39,27.49,344.21,0.00,4.33,273.28,21.91,7.72,7.27
GOACARBON,Goa Carbon,375.65,,343.72,0.00,-6.58,17.23,65.70,-67.03,-4.48
HIGREEN,Hi-Green Carbon,137.50,65.08,343.61,0.00,-1.30,-85.22,69.67,14.80,10.41
KAVDEFENCE,Kavveri Defence,57.06,276.67,343.07,0.00,0.28,-92.41,0.92,-88.78,1.14
524622,iStreet Network,48.49,69.12,342.82,0.21,0.39,11.43,41.49,586.92,23.57
GRCL,Gayatri Rubbers,596.00,61.18,341.98,0.00,2.95,86.71,24.48,33.99,39.54
502865,Forbes & Co,265.00,97.67,341.85,0.00,-1.97,-125.79,17.19,-80.62,5.11
SHETHJI,Shreeji Global,150.00,17.14,341.40,0.00,8.81,54.29,472.92,58.13,25.62
PAKKA,Pakka,71.49,18.78,340.78,0.00,3.84,-69.45,101.54,10.18,4.42
521167,Maxgrow India,85.24,1.05,340.49,0.00,111.48,101245.45,6106.12,,
524828,BDH Industries,589.80,31.43,339.72,0.76,2.88,15.66,29.03,62.91,20.50
SHANKARA,Shankara Building,140.07,72.73,339.66,2.14,7.35,-74.17,340.50,-79.23,2.92
CPEDU,Career Point Edu,186.47,15.15,339.24,1.34,5.53,48.66,10.51,-4.97,46.71
ESFL,Essen Speciality,136.55,,339.18,0.73,-8.80,-107.93,32.12,-28.16,-1.25
KRITI,Kriti Industries,64.25,95.91,338.57,0.00,4.01,257.10,141.78,3.11,7.21
BRANDMAN,Brandman Retail,182.75,13.33,337.31,0.00,5.64,37.90,67.10,137.69,36.81
VARDHACRLC,Vardhman Acrylic,41.95,12.37,337.13,3.58,15.59,695.41,83.50,15.80,11.77
SHEETAL,Sheetal Univer.,294.25,29.29,337.09,0.17,9.98,25.22,127.69,169.33,22.49
TREJHARA,Trejhara Solutio,138.75,37.87,334.62,0.00,3.22,258.14,41.87,6.70,4.28
COASTCORP,Coastal Corporat,49.93,12.54,334.42,0.44,9.90,1061.17,324.67,106.69,9.63
VALIANTLAB,Valiant Laborato,61.50,,334.02,0.00,1.76,151.43,91.98,59.16,0.75
TAURIAN,Taurian MPS,376.00,20.61,334.01,0.00,12.54,122.74,67.06,54.80,29.74
SOMATEX,Soma Textiles,101.06,,333.83,0.49,4.88,965.71,50.82,1213.18,-0.66
526159,Nikhil Adhesives,72.58,18.91,333.45,0.30,6.28,50.24,165.96,11.30,15.06
NDL,Nandan Denim,2.31,10.05,332.98,0.00,9.51,-10.37,539.98,-48.51,7.32
526721,Nicco Parks,71.09,,332.70,1.76,-0.72,-124.74,15.35,-12.73,13.52
APEXECO,Apex Ecotech,252.00,19.52,332.27,0.00,14.45,106.13,116.08,135.70,41.17
543464,Maruti Interior,55.00,31.85,332.20,0.00,7.47,133.86,20.02,-21.46,21.17
538476,Capital Trade Lk,25.80,176.70,332.20,0.00,-4.23,-418.05,13.28,97.33,6.96
TIGERLOGS,Tiger Logistics,31.40,15.43,331.98,0.00,2.22,-65.53,162.55,41.97,17.62
540956,Bhatia Communic.,23.60,19.81,331.94,0.17,4.55,55.29,170.09,63.91,21.28
513252,Jay Ushin,857.05,18.62,330.82,0.47,5.40,83.67,267.56,16.89,12.38
CLEDUCATE,CL Educate,60.90,,330.22,0.00,-10.39,-61.88,117.64,20.71,5.30
FROG,Frog Innovations,211.40,,328.82,0.00,-0.55,-100.66,51.14,-63.37,-1.91
PURPLEUTED,Purple United,341.35,21.60,328.03,0.00,10.14,41.23,109.90,51.31,22.86
MEDICAMEQ,Medicamen Biotec,241.85,34.03,328.02,0.41,4.45,59.50,60.65,104.83,5.43
ALPINETEX,Alpine Texworld,85.54,15.25,327.16,0.00,,,,,17.86
YAAP,Yaap Digital,156.00,17.69,326.55,0.00,19.00,84.08,135.66,28.14,30.86
532090,Atvo Enterprises,30.50,1631.50,326.30,0.00,0.05,-16.67,0.87,8.75,2.48
INFINIUM,Infinium Pharma,209.00,26.81,325.69,0.00,7.68,75.13,105.58,45.17,13.10
PSRAJ,P S Raj Steels,86.30,37.91,325.28,0.00,4.62,30.51,135.78,7.29,16.13
HPTL,HP Telecom,271.85,12.71,323.90,0.00,17.65,140.46,1412.60,40.89,19.89
544205,National Perox.,562.85,28.18,323.47,0.00,7.93,222.19,85.68,16.26,4.42
AARTISURF,Aarti Surfactant,381.60,26.20,323.25,0.26,4.19,-56.89,256.28,26.84,8.53
ASHIMASYN,Ashima,16.85,,322.95,0.00,1.93,457.35,8.33,200.72,0.43
HINDMOTORS,Hindustan Motors,15.47,38.75,322.80,0.00,-4.29,671.83,0.00,,20.28
DEVX,Dev Accele.,33.90,36.87,320.80,0.00,7.96,317.31,59.26,-9.39,12.04
PRIMECAB,Prime Cable Ind.,175.00,23.37,320.67,0.00,6.76,66.94,144.17,69.73,27.78
BELLACASA,Bella Casa Fashi,239.50,15.93,320.63,0.84,4.57,5.30,110.65,27.07,15.22
531652,UVS Hospitality,84.06,19.92,320.54,0.00,2.35,-39.74,37.25,23.51,9.49
HOACFOODS,Hoac Foods,738.00,72.80,320.33,0.00,2.33,48.41,28.77,86.21,32.12
RBMINFRA,RBM Infracon,300.25,7.05,319.26,0.00,18.36,-6.18,208.22,-4.65,28.20
512527,Super Sales Ind.,1037.85,28.76,318.62,0.24,9.00,411.36,112.30,13.63,2.73
538537,Pipan Oils,181.55,,318.22,0.00,-1.90,-1280.00,0.00,,-38.74
RUCHIRA,Ruchira Papers,106.47,7.20,317.76,4.70,9.53,-48.21,182.01,12.57,11.06
TRACXN,Tracxn Technolo.,29.70,,317.55,0.00,-2.63,69.39,20.49,-3.07,-6.81
KCPSUGIND,KCP Sugar &Inds.,27.85,28.37,315.78,0.36,-15.20,31.59,68.80,7.52,4.13
CGRAPHICS,Creative Graphic,130.00,16.83,315.72,0.00,6.57,-43.46,170.09,23.23,15.75
VGL,Varvee Global,61.20,25.33,315.36,0.00,-28.59,-222.32,23.38,211.73,18.90
MEDICO,Medico Remedies,37.99,24.03,315.26,0.00,5.86,35.02,56.81,37.55,23.12
512026,Vega Jewellers,61.95,7.93,315.21,0.00,16.52,,307.03,,
544797,Leapfrog Engg.,22.23,16.10,315.20,0.00,13.49,13.65,113.97,10.28,37.85
MODIRUBBER,Modi Rubber,125.86,492.42,315.15,0.00,-13.88,-1276.27,12.03,70.88,0.63
HILINFRA,Highway Infra,43.87,9.81,314.64,0.00,8.69,-25.82,274.63,107.90,18.76
SYSTANGO,Systango Tech,214.40,9.87,314.50,3.26,13.57,-3.28,44.89,17.02,32.99
544248,Mach Travel Solutions,149.20,18.92,313.87,0.67,8.86,57.37,122.11,4.87,18.24
526827,Spice IslandsInd,502.90,55.38,313.47,0.32,3.09,98.08,10.91,3108.82,62.36
543616,Trident Lifeline,262.55,16.45,313.30,0.00,11.44,51.93,75.66,52.48,20.56
540717,Polo Queen Ind.,9.33,121.89,313.25,0.00,0.34,-46.03,21.31,49.75,2.48
OMFREIGHT,Om Freight Forwa,92.98,20.36,313.11,0.00,4.05,-42.96,149.54,21.20,10.05
SUNDRMBRAK,Sundaram Brake,795.00,122.19,312.80,0.08,7.47,465.91,90.43,-6.73,4.85
514324,Omnitex Industri,740.00,214.34,310.80,1.08,-0.04,99.85,3.79,2607.14,1.06
544335,B.R.Goyal Infra.,130.45,6.95,310.79,0.00,28.59,50.55,482.99,62.71,21.74
500143,P. H. Capital,1034.90,95.83,310.48,0.02,-1.60,76.15,22.16,-33.73,8.47
530219,Nutricircle,279.30,1033.40,310.02,0.00,0.02,-97.44,4.87,289.60,4.23
523449,Sharp India,119.30,,309.46,0.00,-5.69,-24.51,0.00,,-6733.33
544453,Monarch Surve.,218.60,8.31,309.45,0.73,24.25,-10.02,99.79,-13.92,28.52
535916,Alacrity Sec.,66.10,31.57,308.42,0.00,7.39,92.45,111.18,57.41,9.20
DHARIWAL,Dhariwalcorp,32.80,35.90,308.37,0.00,5.50,532.18,117.74,3.97,22.12
ENCOMPAS,Encompass Design,217.10,23.65,307.92,0.00,7.97,-16.19,39.96,1.73,25.62
FELIX,Felix Industries,178.95,16.97,307.91,0.00,4.34,25.85,37.43,188.14,19.28
SAHYADRI,Sahyadri Industr,281.25,10.45,307.86,0.53,10.55,147.07,194.52,28.46,9.72
TAKE,Take Solutions,20.79,72.19,307.55,0.00,4.36,1353.33,54.19,,18.51
GOLDTECH,Aion-Tech Soluti,58.72,,306.88,0.00,-2.69,-54.79,41.72,44.86,-1.71
GENUSPAPER,Genus Paper & Bo,11.92,21.02,306.49,0.00,3.80,21.41,226.09,0.67,6.17
544501,Sugs Lloyd,132.00,10.68,306.42,0.00,16.88,58.95,177.69,57.47,29.04
NATHBIOGEN,Nath Bio-Genes,161.13,8.45,306.21,1.24,-0.01,-101.06,51.59,-0.73,7.10
531281,Marble City,119.95,42.92,306.05,0.00,2.43,-63.60,34.42,35.73,13.77
HPAL,HP Adhesives,33.29,40.89,305.85,1.20,-2.39,-158.01,57.70,-11.83,5.61
OILCOUNTUB,Oil Country,58.70,,305.18,0.00,-13.64,-29.41,29.86,-13.02,-25.38
MOS,MOS Utility,11.85,16.95,305.07,0.00,4.91,11.50,153.35,-12.46,19.50
APOLSINHOT,Apollo Sindoori,1173.00,25.96,305.03,0.21,2.71,-7.41,182.35,32.08,10.93
RPPINFRA,RPP Infra Proj.,61.50,32.83,304.95,0.81,-13.13,-232.90,451.62,30.57,4.94
FORCAS,Forcas Studio,172.55,22.24,303.34,0.00,7.92,38.46,113.97,31.51,20.22
VERTOZ,Vertoz,35.58,11.63,303.25,0.28,6.25,-2.33,73.69,13.06,14.16
ASCOM,Ascom Leasing &,258.75,57.62,303.10,0.00,2.58,2.79,6.61,-3.36,13.21
540199,Corporate Merch,47.73,124.03,302.63,0.00,0.33,-84.36,0.00,,2.68
APCL,Anjani Portland,102.97,,302.47,0.00,1.65,93.15,124.04,-10.68,0.12
SCANSTL,Scan Steels,49.79,15.27,302.46,0.00,6.91,93.02,281.66,16.78,7.05
544823,Devson Catalyst,222.50,24.68,302.33,0.00,,,,,57.05
526739,Narmada Gelatine,499.45,10.62,302.15,2.20,9.58,78.73,61.70,23.97,27.87
530197,Fundviser Capit.,380.00,159.68,300.20,0.00,0.70,62.07,13.30,-49.98,9.64
PRITIKAUTO,Pritika Auto,18.01,14.24,299.89,0.00,4.77,39.17,138.46,36.20,11.87
ADISOFT,Adisoft Technol.,183.50,13.06,299.44,0.00,17.59,84.00,117.46,46.40,38.00
517258,Prec. Electronic,215.80,489.97,298.88,0.00,2.03,-19.44,22.77,26.08,7.43
524444,Evexia Lifecare,1.59,184.26,298.50,0.00,0.78,151.61,36.79,55.82,
EPWINDIA,EPW India,260.00,28.95,298.47,0.00,6.21,135.23,63.43,93.33,45.45
532102,SBEC Sugar,62.55,15.97,298.08,0.00,90.59,95.45,158.89,-24.00,21.87
SPENCERS,Spencer's Retail,33.06,,297.98,0.00,-65.58,4.14,436.15,5.90,-8.41
IITL,Indl. Inv. Trust,132.02,,297.67,0.00,-25.47,-238.33,-41.18,-666.85,-3.50
539927,Likhami Consult.,299.00,1293.52,297.51,0.00,0.23,9.52,0.34,3.03,0.89
CINELINE,Cineline India,86.71,24.80,297.12,0.00,3.32,-75.24,62.23,13.12,10.86
POLYSIL,Polysil Irrigati,112.00,105.64,296.86,0.00,2.94,-61.47,15.22,-40.08,8.63
544551,Bhavik Enterpris,145.50,21.84,296.21,0.00,9.30,1181.40,334.16,22.18,14.27
ASHWINI,Ashwini Contain.,197.20,19.28,295.80,0.00,9.91,81.50,54.91,20.36,24.08
544219,VVIP Infratech,118.15,9.81,295.02,0.00,17.30,-36.60,153.25,-23.28,18.88
MAHEPC,Mahindra EPC,105.38,26.63,294.55,0.00,-2.14,-318.37,54.16,-12.70,10.33
544213,Aelea Commoditi.,143.85,13.74,293.01,0.00,12.61,583.14,207.81,120.14,20.91
SAWALIYA,Sawaliya Food,295.05,36.58,292.64,0.00,5.28,,21.40,,24.98
EXXARO,Exxaro Tiles,6.54,103.40,292.61,0.00,0.20,-94.30,99.90,5.18,4.31
504084,Kaycee Inds.,919.90,58.62,291.93,0.22,0.86,-54.01,16.80,9.23,21.86
500270,Baroda Rayon,127.40,14.38,291.89,0.00,4.84,-69.35,13.71,-75.84,3.69
HALDER,Halder Venture,234.54,10.15,291.72,0.43,19.14,290.47,299.91,104.03,13.48
505750,Josts Engg. Co.,246.60,74.40,291.65,0.51,27.41,-155.74,51.64,-13.05,6.61
ICELCO,IC Electricals,159.60,20.85,291.46,0.00,,,,,21.98
SHREEKARNI,Shree Karni,403.00,19.12,291.32,0.00,9.18,-11.43,96.24,6.73,12.81
BTTL,Bhilwara Tech,49.87,,291.11,0.00,-10.29,-594.71,7.76,413.91,-6.24
512595,Manbro Indust.,50.17,97.34,291.04,0.00,2.01,,22.83,,
VARDMNPOLY,Vardhman Polytex,6.01,37.80,290.29,0.00,0.88,-11.11,64.85,-20.14,
524790,Everest Organics,290.35,52.18,289.59,0.00,2.63,-9.62,48.75,19.11,11.99
543939,Kaka Industries,212.00,15.43,289.59,0.00,9.92,56.22,138.34,35.19,19.36
RHL,Robust Hotels,167.34,11.71,289.36,0.00,7.75,-24.61,40.29,1.69,5.62
544330,Parmeshwar Metal,189.00,8.90,289.28,0.40,23.46,250.15,1127.70,50.08,43.50
GCHOTELS,Grand Continent,116.00,23.29,289.07,0.00,10.09,129.02,84.83,108.02,11.92
509470,Bombay Oxygen,19247.00,,288.71,0.13,-31.41,-155.37,-35.55,-150.00,-0.81
544765,Vegorama Punjabi,173.70,23.87,288.53,0.00,5.65,82.11,72.58,33.71,65.66
NILAINFRA,Nila Infrastruct,7.32,12.70,288.33,0.00,5.85,9.14,81.04,-28.55,22.32
541701,Supershakti Met.,250.00,10.12,288.13,0.20,17.07,137.09,376.32,-3.44,11.34
NURECA,Nureca,301.64,66.32,287.82,0.00,3.07,279.01,40.34,18.02,3.30
503635,Shree Salasar,412.75,15.77,287.77,0.00,5.07,1117.50,29.68,81.09,20.28
DYNPRO,Dynemic Products,231.33,14.42,287.51,0.00,6.08,54.31,104.22,10.77,11.29
537669,Laxmipati Engg,500.00,,287.50,0.00,24.16,-30.42,43.55,64.34,21.84
MASON,Mason Infratech,120.00,13.14,287.28,0.00,14.07,13.65,79.40,5.68,17.27
ATLANTAA,Atlantaa,35.18,,286.72,0.00,21.61,131.62,30.52,21.21,1.95
530145,Kisan Mouldings,23.99,,286.59,0.00,-3.31,-762.00,80.56,-3.29,-3.14
532344,Madala Holdings,194.00,105.69,286.42,0.00,-7.21,-441.71,3.59,10.80,4.37
533608,RDB Rasayans,160.95,8.40,285.12,0.00,6.06,-17.66,29.96,2.22,19.85
530215,Kings Infra,116.20,17.41,284.75,0.00,5.13,81.91,46.57,46.26,19.75
APRAMEYA,Aprameya Enginee,149.00,56.29,283.70,0.00,-1.72,-109.64,12.61,-90.03,12.64
RMC,RMC Switchgears,268.05,12.60,283.65,0.00,9.27,-5.89,142.94,-13.71,22.01
ACSTECH,ACS Tech,40.82,35.61,283.44,0.00,2.23,16.67,121.22,196.24,10.28
AARON,Aaron Industries,135.25,41.66,283.30,0.44,2.32,-15.64,27.33,13.36,18.53
508875,Nitin Castings,550.85,25.54,283.21,0.54,1.75,-28.57,34.63,-10.24,15.52
526073,Galaxy Bearings,888.75,85.38,282.62,0.00,1.08,-73.91,20.83,-30.45,5.20
ANNAPURNA,Annapurna Swadi.,129.50,9.26,282.57,0.00,15.97,100.19,270.59,32.51,12.63
OLIL,OneClick Logisti,420.00,99.26,281.90,0.00,1.91,0.47,92.43,105.86,8.61
SHRADHA,Shradha Realty,34.79,10.49,281.79,1.44,12.46,108.04,41.25,-4.84,10.71
AXITA,Axita Cotton,7.36,148.24,281.65,0.00,-2.34,-25.81,61.03,-56.36,6.32
544794,Horizon Reclaim,144.30,26.82,281.61,0.00,,,,,36.47
ARIHANTACA,Arihant Academy,465.00,30.91,281.57,0.22,3.32,249.47,15.68,75.59,42.67
539112,SAB Industries,185.00,,281.39,0.00,-10.67,5.24,12.64,-8.14,0.84
WTICAB,Wise Travel,118.15,9.55,281.34,0.00,17.17,31.67,446.96,46.57,16.31
RVHL,Ravinder Heights,45.87,5.75,281.30,0.00,-2.94,-223.08,0.01,-92.86,21.99
543746,Logica Infoway,158.05,19.84,281.29,0.00,7.76,6.74,729.02,22.18,13.56
PODDARMENT,Poddar Pigments,263.98,18.98,280.08,1.52,4.74,-7.78,100.45,15.23,5.79
544409,Astonea Labs,266.05,61.87,279.65,0.00,3.10,,81.29,,10.33
PELATRO,Pelatro,263.00,65.27,278.71,0.38,6.11,65.58,39.10,58.75,7.70
YASHOPTICS,Yash Optics,112.15,30.69,277.75,0.00,5.93,17.66,30.61,29.10,12.84
NDGL,Naga Dhunseri,2774.50,,277.45,0.09,-40.53,-448.20,37.51,-32.84,0.14
EMPOWER,Empower India,2.38,15.38,276.98,0.00,13.94,15588.89,44.30,175.33,5.29
JAINAM,Jainam Ferro,235.00,40.83,275.21,0.00,1.23,-47.21,97.40,-9.12,7.04
ALLETEC,All E Tech,136.15,10.29,274.94,1.10,5.85,-37.74,34.75,-0.52,22.22
MERCANTILE,Mercantile Vent.,24.52,39.77,274.42,0.00,1.95,-61.39,23.67,22.90,0.82
TCL,Thaai,112.50,21.48,273.84,0.00,6.70,15.85,83.33,21.21,13.08
543737,Aveer Foods,610.85,68.94,273.69,0.04,0.37,-29.51,35.23,31.02,15.14
ELGIRUBCO,Elgi Rubber Co,54.58,,273.45,0.00,-204.05,-179.70,86.34,-11.19,-12.92
SAHAJSOLAR,Sahaj Solar,124.35,9.24,273.22,0.40,25.22,7.01,308.07,32.98,21.62
REMSONSIND,Remsons Ind,78.31,14.70,273.14,0.38,4.45,11.16,130.40,22.81,15.47
PHANTOMFX,Phantom Digital,171.35,8.36,272.84,0.00,20.69,150.18,84.98,139.11,17.61
540097,Gamco Ltd,50.49,,272.81,0.20,32.70,125.21,110.79,112.81,-9.04
PONNIERODE,Ponni Sug.Erode,316.00,9.08,271.71,1.58,-1.23,83.79,91.87,52.18,7.27
540404,Prime Fresh,195.70,20.56,271.63,0.00,3.24,47.67,79.91,49.98,21.39
KRISHCA,Krishca Strapp.,170.00,23.32,270.77,0.00,5.43,-13.81,141.10,64.80,12.88
532039,Zenotech Lab.,44.29,,270.30,0.00,-3.15,-347.58,9.89,-18.47,4.59
ACTIVEINFR,Active Infra.,180.00,26.42,270.27,0.56,4.39,8.51,57.54,2.59,9.53
519606,Integ. Proteins,143.85,1170.43,269.20,0.00,0.19,-9.52,5.69,-73.52,1.26
PUSHPA,Pushpa Jewellers,111.00,10.02,268.87,0.00,14.86,22.40,247.41,81.11,30.37
DCMNVL,DCM Nouvelle,143.53,71.30,268.08,0.00,3.97,-19.20,263.04,-6.50,4.27
534796,CDG Petchem,289.80,60.69,267.64,0.00,5.32,1239.29,52.22,894.67,28.84
544272,Shiv Texchem,115.00,3.42,266.48,0.00,34.87,26.85,1273.08,8.72,15.30
500069,Quest Capital,266.30,11.32,266.30,0.94,0.53,-96.90,0.99,-95.53,2.58
FCSSOFT,FCS Software,1.55,75.71,264.98,0.00,5.40,55400.00,26.77,203.86,2.40
AVONMORE,Avonmore Capital,9.39,19.23,264.97,0.00,-7.13,-270.30,61.79,7.54,5.87
SKP,SKP Bearing,159.00,299.93,263.94,0.70,-0.95,,37.99,,11.38
STARTECK,Starteck Fin.,266.20,11.17,263.81,0.09,5.23,127.39,8.31,-2.12,9.10
BPL,BPL,53.78,,263.39,0.00,-10.99,-123.05,19.62,4.70,-1.78
544682,GRE Renew,184.30,21.80,263.33,0.00,8.14,140.12,74.38,78.63,34.81
CORDSCABLE,Cords Cable,203.66,12.76,263.29,0.49,8.28,84.41,266.90,14.43,17.73
544535,BharatRohan Air.,132.15,24.84,263.28,0.00,5.96,-4.37,52.49,273.59,21.28
542012,A-1,5.72,43.93,263.12,0.66,4.36,419.05,145.27,32.52,11.66
ZEELEARN,Zee Learn,8.02,11.47,262.84,0.00,45.42,-4.21,176.77,11.40,12.97
540728,Sayaji Industr,103.85,191.63,262.53,0.00,10.63,241.60,267.59,8.53,8.18
SAVY,Savy Infra,126.10,6.24,262.39,0.00,23.75,78.30,422.57,127.84,42.76
512399,Sera Investments,40.00,4.93,261.97,0.00,32.10,1386.11,41.91,1754.42,21.12
531253,India Gelatine,369.35,10.44,261.95,1.62,4.48,-21.54,38.98,-26.67,17.65
SUMIT,Sumit Woods,54.72,43.21,261.88,0.00,1.31,-74.10,28.35,-13.88,6.55
VOLERCAR,Voler Car,235.00,75.47,261.87,0.00,0.70,-22.22,13.95,25.90,12.05
544669,Admach Systems,386.65,26.16,261.87,0.00,5.54,30.97,40.46,26.99,25.04
505712,Him Teknoforg.,252.95,20.72,261.32,0.20,3.79,-8.23,119.54,12.13,9.08
SAPPL,Sh. Ajit Pulp,293.55,8.69,261.12,0.00,9.61,111.67,174.54,12.56,14.31
522273,Ahm. Steelcraft,173.00,14.01,261.09,0.00,3.21,-8.02,52.02,-20.34,22.23
523586,Indian Toners,50.20,9.51,260.83,2.39,7.62,13.90,45.74,12.38,16.24
512103,Nidhi Granites,325.85,33.94,260.68,0.00,1.94,320.45,16.66,58.97,51.01
532320,Vaarad Ventures,10.42,,260.40,0.00,-0.04,-233.33,0.00,-100.00,-0.85
UFO,UFO Moviez,67.02,10.45,260.20,0.00,4.48,730.99,133.22,43.19,12.18
542770,Alphalogic Tech.,41.52,52.10,259.96,0.00,1.66,-4.67,12.76,-12.84,12.54
SUBAHOTELS,Suba Hotels,107.05,14.41,259.52,0.00,12.77,7.95,70.56,41.60,16.90
UCL,Ushanti Colour,186.45,,258.92,0.00,-0.90,467.31,83.82,264.75,1.29
IVC,IL&FS Inv.Manag.,8.23,66.96,258.45,6.08,3.96,-81.92,35.21,364.51,4.07
543806,ITCONS E-Soluti.,286.25,49.02,257.86,0.05,2.47,26.02,47.55,23.67,13.09
507265,Emerald Leisures,171.55,,257.64,0.00,-0.60,74.79,5.18,29.18,9.30
522091,United Van Der,37.35,49.34,257.53,1.07,0.36,-63.27,5.94,-32.88,12.83
SAKUMA,Sakuma Exports,1.64,27.04,257.11,0.00,6.52,44.89,714.68,-2.32,1.74
LEMERITE,Le Merite Export,20.50,22.12,256.59,0.00,0.87,-65.96,75.31,-40.28,9.95
TRF,TRF,232.96,48.90,256.26,0.00,1.88,-46.44,26.03,11.14,9.42
TECHERA,Techera Enginee.,155.00,113.81,256.07,0.00,1.69,-86.14,24.20,-24.21,7.59
DPWIRES,D P Wires,165.18,14.56,256.04,0.00,9.39,132.43,129.26,-6.21,9.15
539337,Waaree Tech.,237.40,,255.64,0.00,-2.46,18.81,3.03,-34.70,-32.23
BIMETAL,Bimetal Bearings,667.40,22.15,255.61,2.02,3.80,43.94,94.28,47.06,6.85
KMSUGAR,KM Sugar Mills,27.66,5.07,254.47,0.00,9.24,-16.46,105.99,-30.84,12.95
512361,Cupid Breweries,27.84,,254.30,0.00,-0.85,-123.68,0.00,,
543531,Tierra Agrotech,38.76,,254.24,0.00,-1.27,74.70,21.67,345.88,-6.53
UCAL,Ucal,114.90,,254.04,0.00,-13.15,100.58,233.47,17.38,3.32
CMNL,Chaman Metallics,105.00,,253.42,0.00,-1.62,-78.12,344.75,326.41,5.37
AHLEAST,Asian Hotels (E),146.23,,252.86,0.68,7.50,-25.45,34.33,-1.83,5.58
TRANSTEEL,Transteel Seatin,112.65,11.34,252.79,0.00,12.24,52.43,61.32,12.95,21.02
MAHICKRA,Mahickra Chem.,257.95,48.87,252.17,0.08,4.25,257.14,57.28,32.10,12.71
505285,Tulive Developer,1170.00,,252.06,0.00,-0.42,-27.27,0.00,,-2.53
CKKRETAIL,C K K Retail,130.00,23.31,251.78,0.00,0.86,-91.83,110.76,-21.72,17.11
526443,Artificial Elect,90.95,6.85,251.65,0.00,11.93,2149.06,46.01,1019.46,
544668,Nanta Tech,489.80,30.76,251.28,0.00,5.98,123.97,48.58,52.19,32.27
540796,Ratnabhumi Dev.,183.30,80.75,251.12,0.00,0.30,-88.05,14.68,-56.45,11.00
500213,Intl. Travel Hse,314.10,11.64,251.11,1.75,5.64,-17.90,55.27,-3.05,17.93
RNBDENIMS,R&B Denims,9.27,13.20,250.22,0.00,1.12,-85.28,137.65,37.94,11.38
JAINIK,Jainik Power,174.00,17.81,249.65,0.00,7.85,64.57,208.91,9.73,29.88
544687,Hannah Joseph,109.95,22.34,249.57,1.82,6.06,94.23,49.51,33.81,17.77
518075,Suraj Products,218.65,13.22,249.26,0.96,7.01,64.94,98.90,8.87,14.73
523100,Cosmo Ferrites,207.10,,249.14,0.00,0.26,116.77,27.19,39.58,4.55
GEEKAYWIRE,Geekay Wires,23.79,8.26,248.65,1.37,6.75,-8.41,109.41,-11.79,16.79
532070,Gujjubhai Industries,118.65,47.37,248.23,0.00,1.78,8.28,39.61,43.88,21.35
AMBALALSA,Ambalal Sarabhai,32.39,13.45,248.22,0.00,6.50,13.44,65.49,1.05,11.69
DIAMINESQ,Diamines & Chem.,246.90,,248.22,0.41,-2.42,-292.06,9.29,-48.19,-8.35
SURANAT&P,Surana Telecom,18.25,9.99,247.76,0.00,15.32,-10.06,23.86,400.21,13.35
LOTUSEYE,Lotus Eye Hospit,119.06,3095.00,247.60,0.00,-0.32,-224.00,13.61,18.25,1.16
EQUIPPP,Equippp Social,24.01,136.76,247.53,0.00,0.97,-38.22,12.37,116.64,10.72
543391,Suyog Gurbaxani,99.50,41.58,247.38,0.00,-0.42,-104.85,22.60,-25.17,9.65
500449,Hind.Organ.Chem.,36.74,,246.78,0.00,15.69,169.38,136.36,-0.19,-0.02
DYNAMIC,Dynamic Services,140.60,5.71,246.54,0.00,32.91,198.44,345.09,71.34,16.73
532016,Espire Hospi,164.80,30.29,245.92,0.00,4.22,-6.01,42.67,5.02,12.25
SPUNWEB,Spunweb Nonwoven,102.00,10.66,245.85,0.00,12.33,67.76,188.08,52.29,26.87
509162,Indag Rubber,93.45,24.07,245.31,2.57,1.83,150.47,60.79,10.39,5.07
544090,Sayaji Hot. Pune,805.00,12.64,245.25,0.00,3.63,-0.55,21.52,7.60,28.40
INM,Interiors & More,175.00,21.20,244.84,0.29,9.03,40.44,58.60,54.37,15.97
NIPPOBATRY,Indo National,326.30,,244.73,1.53,-21.00,-26237.50,107.12,10.31,-5.47
526407,Hampton Sky,8.91,,244.32,0.00,-2.11,-122.33,-0.66,-107.95,6.07
540082,Riddhi Steel,196.40,21.33,244.23,0.00,5.37,27.25,211.08,-10.76,14.74
SIMCA,Simca Advertis.,203.40,14.64,243.50,0.00,9.04,1164.71,78.51,107.37,97.50
VIKASLIFE,Vikas Lifecare,1.31,13.22,243.35,0.00,41.59,1533.45,168.62,24.72,2.16
DSFCL,DCM Shriram Fine Chemicals,27.93,,242.97,1.43,-3.83,-186.65,93.08,-17.69,0.74
SRD,Shankar Lal Ram.,37.92,17.98,242.56,0.13,4.80,90.48,139.30,30.49,14.01
513043,Remi Edelstahl,191.40,88.12,241.44,0.00,1.11,164.29,47.44,16.50,6.29
539132,Wardwizard Foods,9.38,184.12,241.20,0.00,2.99,339.71,40.45,3.35,4.33
SETCO,Setco Automotive,18.00,,240.78,72.22,-57.19,-76.62,196.55,9.26,21.06
SAHLIBHFI,Shalibhadra Fin.,77.93,12.36,240.71,0.51,5.13,15.80,10.97,16.08,14.65
MAGSON,Magson Retail,180.00,283.09,240.63,0.00,0.64,100.00,70.62,100.40,3.31
517514,D & H India,234.75,28.67,240.27,0.00,2.32,14.85,72.24,22.13,14.39
IPSL,Integrated Perso,235.00,21.90,240.01,0.04,6.09,48.90,220.37,26.36,15.93
FINBUD,Finbud Financial,125.60,20.54,239.26,0.00,6.35,,177.12,,17.82
544431,ACE Alpha Tech,136.25,15.76,239.23,0.00,7.68,49.90,15.25,102.52,39.92
CUDML,Cash UR Drive,135.40,8.13,238.92,0.00,18.52,94.54,108.79,43.71,40.31
542332,Hi-Klass Trading,79.00,,238.72,0.00,-2.32,-217.81,0.64,1500.00,-1.46
INNOMET,Innomet Advanced,184.15,151.78,238.29,0.00,-0.44,-375.00,30.33,69.63,5.68
543997,Organic Recyclin,229.00,9.50,238.14,0.00,12.98,46.01,74.50,141.73,15.86
AGARWALTUF,Agarwal Toughene,134.45,11.00,237.64,0.00,9.34,-12.14,49.04,48.52,22.97
544752,Propshare Celestia,1018500.00,,237.31,1.62,2.33,,3.79,,
COOLCAPS,Cool Caps,20.15,28.32,237.01,0.00,3.20,-53.49,263.62,85.27,11.26
CPS,C P S Shapers,1039.50,1821.54,236.80,0.00,2.16,232.31,19.52,8.99,4.37
ELGNZ,Eleganz Interior,104.75,10.51,236.73,0.00,20.40,82.63,289.22,44.17,19.29
SILGO,Silgo Retail,74.06,41.03,236.32,0.00,1.91,9.77,13.38,-19.06,8.17
UNITEDTEA,United Nilgiri,469.80,10.81,234.74,0.64,3.66,-4.44,16.31,-13.79,11.20
GLOBECIVIL,Globe Civil,39.25,10.06,234.40,0.00,5.74,-8.31,130.44,31.62,16.09
CHEMBOND,Chembond Materi.,174.25,15.50,234.34,1.15,5.73,43.61,72.42,25.55,10.76
BIRLAPREC,Birla Precision,34.19,20.12,233.82,0.15,2.64,-21.89,63.91,21.73,9.56
BAGDIGITAL,B.A.G. Converge.,109.85,21.64,233.09,0.00,4.74,-10.06,21.34,-2.38,32.96
542862,Shahlon Silk,26.10,53.71,233.08,0.27,0.87,171.88,82.19,30.50,9.07
JAYSREETEA,Jay Shree Tea,80.68,,233.00,0.62,-34.16,-329.15,177.68,10.00,0.51
BCONCEPTS,Brand Concepts,186.53,168.71,232.82,0.00,0.77,-50.64,90.42,25.03,7.19
544755,Recode Studios,218.70,20.75,232.79,0.00,7.34,307.78,43.01,47.80,73.89
PROPEQUITY,P.E. Analytics,221.90,14.82,232.60,0.00,8.43,29.30,25.15,16.49,21.29
540829,Chandrima Mercan,6.98,38.82,232.55,0.00,-2.20,-122.22,3.97,-54.68,4.73
MARALOVER,Maral Overseas,56.00,60.22,232.46,0.00,13.31,5886.96,258.22,-6.00,7.50
VETO,Veto Switchgears,121.50,9.24,232.25,0.82,8.80,16.45,138.86,55.71,11.74
OPTIVALUE,Optivalue Tek,99.15,16.87,232.12,0.00,6.54,12.37,60.25,80.12,27.18
GJL,Grover Jewells,160.00,10.96,232.12,0.00,17.04,,535.65,,45.97
526703,Ecoplast,486.15,19.25,231.14,0.00,4.54,13.22,57.37,5.40,14.40
GENCON,Generic Engineer,40.52,27.13,230.91,0.00,1.89,-69.57,111.22,4.14,7.10
MANAKALUCO,Manaksia Alumi.,35.23,30.54,230.88,0.20,3.24,62.00,155.66,13.56,10.15
STARPAPER,Star Paper Mills,147.75,7.04,230.64,2.37,-1.29,-125.75,112.59,-1.31,5.03
531041,Competent Auto,374.95,9.25,230.59,0.27,8.39,24.47,556.95,9.49,8.58
543284,EKI Energy,83.09,,230.05,2.41,-7.79,-29.33,19.75,12.34,-3.84
AARVI,Aarvi Encon,154.89,12.83,229.92,1.29,4.58,46.78,172.25,19.25,14.44
543241,Veer Global Inf.,134.90,172.87,229.92,0.00,0.58,23.40,2.09,-49.52,9.47
CSSL,Clear Secured,95.00,7.56,228.45,0.00,13.32,,462.63,,19.86
532425,Genus Prime,29.17,49.56,227.46,0.00,3.99,19900.00,1.16,5700.00,3.81
EFACTOR,E Factor Experie,173.20,11.56,227.44,0.69,14.61,-26.66,138.84,-9.50,24.71
DAICHI,Dai-ichi Karkari,304.80,,227.08,0.49,0.09,-98.55,41.25,-41.12,-1.01
531069,Vijay Solvex,709.00,11.76,227.06,0.00,6.78,142.14,685.44,43.87,8.58
RCOM,Reliance Communi,0.82,,226.77,0.00,-3097.00,-302.18,81.00,-6.90,
GOLDKART,Goldkart Jewels,135.00,63.83,226.60,0.00,0.68,-54.05,70.86,48.09,9.20
544460,Patel Chem,91.05,18.04,226.44,0.00,6.42,20.22,76.11,38.51,21.77
526081,SC Agrotech,29.75,67.69,226.09,0.00,0.38,150.67,43.35,,7.17
LYKALABS,Lyka Labs,62.53,,226.06,0.00,-8.07,-529.94,28.03,-16.15,-5.98
SINTERCOM,Sintercom India,82.04,157.93,225.84,0.00,0.53,960.00,27.52,14.14,5.29
NITIRAJ,Nitiraj Engineer,220.22,212.97,225.75,0.68,-0.64,-966.67,8.18,-63.82,1.79
530585,Swastika Investm,112.27,16.58,225.65,0.53,3.76,14.29,28.97,10.03,20.39
WORTHPERI,Worth Peripheral,142.83,15.26,224.97,0.70,4.56,-28.89,76.13,6.98,12.90
ALMONDZ,Almondz Global,12.86,7.83,224.92,0.00,5.18,-15.77,55.79,5.76,11.74
SHIVASHRIT,Shivashrit Foods,123.00,15.99,224.71,0.00,6.54,12.18,52.33,-2.91,19.15
538890,M K Exim India,55.62,11.21,224.52,0.00,6.18,77.59,26.34,-0.11,24.67
PAVNAIND,Pavna Industries,16.09,36.80,224.50,0.00,2.31,43.53,54.45,-17.79,5.93
544343,CapitalNumbers,91.90,8.80,224.48,1.09,10.70,-11.64,52.38,5.73,19.63
SHIVAMAUTO,Shivam Autotech,17.06,,224.33,0.00,-26.72,-71.75,109.43,1.47,-0.47
526519,Alpine Housing,129.28,37.01,223.94,0.00,2.62,10.83,20.94,35.62,9.18
526961,Last Mile Enter.,6.29,18.71,223.78,0.32,3.22,-45.86,191.45,-30.60,5.48
PIGL,Power & Instrum.,105.29,15.39,222.89,0.19,3.93,29.51,58.53,6.24,15.47
544442,Chemkart India,184.00,11.32,222.62,0.00,9.51,6.85,111.60,23.79,27.66
ROSSELLIND,Rossell India,58.94,13.82,222.18,0.68,-23.79,-7.94,16.58,82.60,9.08
RADIOCITY,Music Broadcast,6.40,,221.24,0.00,9.22,524.88,44.54,-9.69,-8.28
A2ZINFRA,A2Z Infra Engg.,12.46,30.43,221.19,0.00,6.65,-83.07,92.24,1.74,16.34
BALAJEE,Shree TirupatiBa,27.07,20.06,220.81,0.00,3.70,-35.34,129.56,-6.82,6.89
GULFPETRO,GP Petroleums,43.28,5.07,220.66,1.16,21.19,229.04,230.33,45.60,10.90
531739,Gennex Lab.,9.08,11.65,220.60,0.00,4.46,65.23,60.96,51.15,10.85
526169,Multibase India,174.55,21.12,220.28,30.36,1.99,-51.11,17.76,11.35,16.66
AERONEU,Aeroflex Neu,85.38,126.73,220.25,0.00,-0.87,-361.11,34.06,0.50,4.56
508941,Panasonic Carbon,458.65,10.37,220.15,2.62,4.56,-6.56,10.18,-19.78,16.79
AAREYDRUGS,Aarey Drugs,77.50,55.35,219.75,0.00,1.56,231.91,189.47,75.27,5.58
ACETEC,Acetech E-Commerce,134.00,21.36,219.54,0.00,4.52,100.89,42.33,6.81,33.55
KALYANIFRG,Kalyani Forge,601.90,23.51,219.09,0.66,5.88,163.68,56.98,-3.34,12.16
SILKFLEX,Silkflex Polymer,188.50,18.02,218.79,0.00,4.66,235.25,39.07,199.85,22.46
544549,Earkart,159.00,44.36,218.69,0.00,3.08,,31.75,,17.48
VMSTMT,VMS TMT,44.05,10.40,218.63,0.00,2.29,-36.74,241.11,12.05,12.95
TECHLABS,Trident Techlabs,126.45,36.00,218.52,0.79,-5.31,-166.04,33.74,-39.21,16.37
531525,Ace Soft. Exp.,144.75,49.80,217.61,0.00,-0.34,-119.38,14.67,7.24,5.83
AFFORDABLE,Affordable Robo.,183.49,31.20,217.46,0.00,4.78,107.83,50.93,-39.67,8.80
MAHESHWARI,Maheshwari Logi.,73.15,12.86,216.50,0.00,5.26,-39.46,293.92,13.47,12.17
535621,S V Global Mill,119.60,,216.27,0.00,-15.68,-2202.44,0.64,-63.01,-34.11
544112,Jasch Gauging,477.05,14.67,216.20,2.10,2.98,-26.96,13.89,-1.77,21.21
ALANKIT,Alankit,7.96,11.30,215.84,0.00,2.39,-66.59,100.92,-1.07,7.44
BALAJIPHOS,Balaji Phos.,90.75,21.11,215.78,0.00,2.18,-39.11,85.77,33.85,15.19
SATKARTAR,Sat Kartar Life,136.60,12.50,215.76,0.51,9.47,58.10,105.49,21.07,37.42
GRAVISSHO,Graviss Hospital,30.55,,215.44,0.00,-0.14,34.78,20.04,3.09,1.11
RFBL,RFBL Flexi Pack,92.40,26.11,215.43,0.00,6.89,56.59,133.82,46.03,34.31
543376,Samor Reality,95.00,,214.70,0.00,-6.57,-1328.26,0.00,,-2.81
542628,Northern Spirits,133.25,7.88,213.88,0.23,4.98,138.28,615.92,32.04,15.71
QMSMEDI,QMS Medical,110.60,21.11,213.87,0.45,2.02,-48.50,44.42,-0.36,13.18
INTENTECH,Intense Tech.,90.45,13.94,213.70,1.11,-22.39,240.44,28.13,-20.36,7.55
PRATHAM,Pratham EPC,117.30,34.68,213.63,0.00,1.02,-80.50,72.25,26.91,10.41
SSFL,Srivari Spices &,249.00,13.20,213.40,0.20,9.04,87.94,95.65,61.90,29.16
ASMS,Avio Smart Market,7.00,35.89,213.20,0.00,2.09,2188.89,34.39,285.97,15.52
BASML,Bannari Amm Spg.,26.66,37.64,213.07,0.94,1.38,-54.90,220.71,-2.13,6.80
544567,Infinity Infoway,390.00,30.34,212.67,0.00,4.21,89.64,15.62,136.67,35.12
514010,Rudra Ecovation,17.81,,212.52,0.00,-1.39,-1444.44,8.24,16.06,-2.65
MADHAVBAUG,Vaidya Sane,202.00,23.62,212.37,0.00,4.16,-0.24,56.96,18.37,15.14
SONAMLTD,Sonam,53.01,23.58,212.21,0.00,3.00,127.27,66.57,75.65,14.14
500220,Jasch Industries,311.75,15.99,211.93,0.00,6.38,149.22,77.96,56.58,19.22
KATARIA,Kataria Indust.,98.30,17.46,211.65,0.00,7.75,37.66,160.89,-23.14,12.92
MADHAVIPL,Madhav Infra,7.85,7.72,211.62,0.00,11.50,-4.85,254.06,-17.60,15.63
NOVAAGRI,Nova Agritech,22.81,16.44,211.04,0.00,0.22,-96.21,55.91,-31.26,8.09
TAMBOLIIN,Tamboli Industri,212.65,20.58,210.95,0.47,4.10,63.35,22.75,14.90,11.82
543897,Sancode Tech.,407.25,448.83,210.95,0.00,0.59,-64.00,8.30,3.11,6.56
507998,Simm. Marshall,188.30,14.26,210.90,0.00,4.43,51.71,66.03,22.46,19.72
VSTL,Vibhor Steel,111.14,21.66,210.75,0.00,2.57,-23.65,335.13,16.24,7.92
RVTH,Revathi Equip,685.05,15.48,210.10,0.00,14.10,53.10,64.14,-0.56,14.37
EXIMROUTES,Exim Routes,112.00,20.63,210.02,0.00,7.17,40.31,114.03,55.02,24.96
502015,Asi Industries,23.31,9.25,209.96,1.72,5.54,-37.68,48.66,1.78,9.02
PKTEA,The Peria Karamalai Tea,677.15,,209.64,0.15,-9.81,-190.80,12.10,21.36,0.27
504903,Rathi Steel,24.23,16.27,209.26,0.00,7.45,96.05,244.44,63.43,10.98
544435,Adcounty Media.,93.00,10.43,209.26,0.00,6.38,61.11,30.22,33.25,37.04
MARC,Marc Technocrats,120.85,19.85,209.23,0.00,4.81,,37.53,,29.22
FIDEL,Fidel Softech,152.00,16.02,209.01,1.48,4.35,42.16,37.27,155.10,25.91
505216,Alfred Herbert,2713.50,5.87,208.94,0.18,3.05,7525.00,4.96,608.57,11.70
PILITA,Pil Italica Life,8.88,66.46,208.68,0.00,0.19,-87.74,16.71,-30.49,7.67
543982,Quest Flow,203.35,,208.59,0.00,-5.40,-290.81,36.14,-3.86,3.38
GLOBALVECT,Global Vectra,148.95,,208.53,0.00,-5.59,-156.61,127.51,-5.51,-2.11
544151,Chatha Foods,86.14,31.09,208.33,0.00,3.50,23.67,81.71,-1.94,9.50
CCHHL,Country Club Hos,12.74,26.29,208.25,0.00,-16.84,-4.19,18.33,42.87,2.51
ZODIACLOTH,Zodiac Cloth. Co,75.84,,208.24,0.00,-5.27,-65.72,44.63,-6.90,-8.03
541353,Innovators,110.15,15.32,207.83,0.00,8.33,8.60,143.91,34.09,11.94
SSDL,Saraswati Saree,52.47,8.88,207.78,4.33,3.34,-52.49,133.53,-2.07,16.58
524506,Coral Labs.,581.95,12.86,207.76,0.26,5.22,54.73,26.48,-5.87,10.99
531173,Syschem (India),42.04,18.95,207.10,0.00,1.74,278.26,219.35,84.53,15.93
531412,Radix Industries,138.00,70.44,207.10,0.36,0.36,-42.86,3.37,-58.08,19.59
IWP,Indian Wood Prod,32.36,45.40,207.02,0.46,0.12,-85.88,68.50,25.80,3.00
SAKHTISUG,Sakthi Sugars,17.28,7.30,205.37,0.00,86.50,16.73,301.92,-6.19,14.14
SIKKO,Sikko Industries,4.70,40.18,205.30,0.00,-2.00,-127.27,10.99,-41.70,7.76
GIRIRAJ,Giriraj Civil,85.75,13.59,205.12,0.00,8.48,-43.35,162.38,-27.19,15.07
531550,Jhaveri Credits,184.65,75.09,205.00,0.00,2.88,-65.22,47.80,-8.52,2.63
530977,Shri Keshav,116.55,,204.11,0.00,-9.76,-121.32,47.26,22.98,6.25
GOYALSALT,Goyal Salt,114.00,17.98,204.06,0.00,4.97,26.79,111.41,80.54,19.64
501151,Kartik Invest.,8359.00,39.99,203.96,0.00,0.01,200.00,0.00,,94.69
TEAMGTY,Team India Guar.,226.72,283.08,203.82,0.00,-0.69,-195.83,1.56,59.18,2.89
FWSTC,Flywings Simula.,200.00,18.25,203.54,0.00,7.49,-17.97,14.33,7.83,20.10
KORE,Jay Jalaram Tech,167.50,23.16,203.09,0.00,5.11,49.85,494.85,45.93,12.08
MACOBSTECH,Macobs Technolo.,207.10,69.95,202.86,0.00,1.73,92.21,22.21,214.59,10.98
KOTARISUG,Kothari Sugars,24.45,,202.67,0.00,0.63,191.30,41.96,16.39,-5.52
544623,Mother Nutri,161.50,17.39,202.44,0.00,6.31,453.51,73.03,50.14,21.17
504258,Lak. Electrical,822.85,168.68,202.42,0.36,1.19,-55.93,68.47,17.85,0.82
526747,PG Foils,171.30,,202.05,0.00,-9.73,-101.45,91.29,-18.32,0.87
JMA,Jullundur Motor,88.35,6.79,201.80,2.26,9.69,-2.94,172.63,8.57,15.26
RRIL,RRIL,16.63,23.25,201.58,0.00,2.94,46.27,27.40,-10.19,9.79
530163,Kerala Ayurveda,155.00,,201.42,0.00,-7.39,50.06,34.74,10.92,-9.77
SMARTLINK,Smartlink Hold.,201.90,15.33,201.40,0.99,6.87,78.91,99.35,51.84,9.01
SHIVATEX,Shiva Texyarn,154.92,20.66,200.82,0.39,0.32,-94.84,82.87,-9.51,10.81
544510,Nilachal Carbo,80.50,19.04,200.66,0.00,2.87,,95.62,,14.54
504646,Bhagwati Auto,696.40,13.84,200.56,0.50,4.22,54.01,52.24,28.32,31.61
538970,Wardwizard Inno.,6.66,102.74,200.34,1.50,0.62,-90.45,118.49,8.68,7.04
SICAGEN,Sicagen India,50.63,10.95,200.34,1.98,4.46,12.34,277.91,10.49,5.95
544809,Adon Agro,86.99,8.64,200.23,0.00,20.39,166.19,191.12,109.38,83.99
NECLIFE,Nectar Lifesci.,10.30,,200.09,0.00,-67.92,-33727.27,1.29,12800.00,-4.88
542679,Dhanashree Elect,140.45,54.01,199.30,0.07,1.19,-19.05,48.30,15.86,10.00
SPCENET,Spacenet Enterpr,3.51,12.40,199.28,0.28,4.48,1.75,45.26,16.86,9.93
536565,Novelix Pharma.,69.99,77.84,199.26,0.00,0.91,405.56,25.19,20.76,9.98
CURRENT,Current Infra.,104.00,14.17,199.14,0.00,10.16,84.73,115.90,153.61,26.98
JAYBEE,Jay Bee Laminati,88.00,10.88,198.59,0.00,14.58,32.91,329.24,53.65,16.49
544694,Accretion Nutraveda,273.75,39.09,198.20,0.00,2.69,56.40,19.54,80.09,27.56
540078,Mitsu Chem Plast,145.95,12.58,198.17,0.14,7.72,118.08,86.47,-4.42,16.29
544735,Novus Loyalty,127.00,21.28,197.49,0.00,3.90,,56.01,,33.39
CPCAP,CP Capital,108.49,4.64,197.38,2.77,9.14,6.28,18.47,15.37,9.83
532362,Nagpur Power,149.95,,196.43,0.00,-1.99,-202.58,32.47,86.61,0.91
VIKASECO,Vikas Ecotech,1.11,62.53,196.33,0.00,-0.44,-110.23,116.19,13.23,2.34
DHARARAIL,Dhara Rail Pro.,130.00,12.70,196.09,0.00,8.38,180.27,28.37,5.27,35.50
GOLDSTAR,Goldstar Power,6.85,6.67,196.05,0.00,17.59,,431.93,,
503804,Sh. Dinesh Mills,350.00,20.88,196.02,0.43,-0.57,-73.49,18.85,-9.07,5.76
512345,Lexora Global,196.00,1400.00,196.00,0.00,0.00,100.00,12.75,,6.21
ASPINWALL,Aspinwall & Co,250.40,26.00,195.77,2.60,6.01,165.93,130.30,46.06,6.50
539598,AMPL Capital,31.81,7.82,195.51,0.00,0.01,-99.70,3.05,0.99,21.64
506180,Emergent Indust.,427.70,153.91,195.46,0.00,1.33,223.15,180.97,284.55,11.36
SPEB,SPEB Adhesives,87.00,28.45,195.44,0.00,3.21,-1.23,25.80,11.83,22.91
526717,HCP Plastene,183.05,8.38,195.40,0.55,8.32,65.64,142.79,16.77,19.42
516108,S I Paper Mills,104.20,18.19,195.38,0.00,4.57,302.21,113.99,21.09,9.06
ESSENTIA,Integra Essentia,1.11,608.88,194.84,0.00,-2.54,-4980.00,134.15,34.23,1.86
UHTL,United Heat,102.00,38.69,193.84,0.00,4.17,86.16,51.44,33.92,11.84
DRCSYSTEMS,DRC Systems,13.41,9.63,193.21,0.00,5.82,17.01,27.20,60.66,25.15
512634,Savera Industrie,161.90,17.40,193.15,1.85,0.70,-81.63,27.58,26.34,15.04
SHREEDHAR,Shreedhar Spinners,90.05,31.29,193.05,0.00,,,,,12.07
VIPCLOTHNG,VIP Clothing,21.37,19.63,192.61,0.00,4.42,82.64,71.54,10.21,8.02
522292,Candour Techtex,78.88,,192.56,0.00,-0.63,-325.00,6.64,-85.70,6.53
506640,ZR2 Bioenergy,120.65,192.06,192.06,0.08,0.20,81.82,0.00,,0.70
513353,Cochin Minerals,244.85,12.13,191.72,3.27,3.31,12.86,85.54,13.43,13.63
SHREYANIND,Shreyans Inds.,138.65,30.71,191.61,1.08,-10.48,-156.77,167.70,-6.35,2.44
531694,Rainbow Foundat.,38.50,25.10,191.03,0.00,3.91,29.04,43.26,31.33,7.81
DUGLOBAL,DU Digital,26.55,33.16,191.01,0.00,0.04,60.66,23.90,6.18,8.14
544665,Global Ocean,132.10,18.63,190.79,0.00,5.70,42.14,100.57,-0.89,38.96
526723,NTC Industries,131.20,9.74,190.49,0.00,5.71,3.07,31.55,33.69,11.14
524174,Kesar Petroprod.,17.05,19.67,190.40,0.00,-5.06,-355.56,46.47,13.37,7.46
AKSHARCHEM,AksharChem (I),236.58,,190.05,0.32,4.84,248.20,105.79,16.59,0.19
LANCORHOL,Lancor Holdings,25.81,4.67,189.83,0.77,43.05,143333.33,17.86,-65.39,20.52
511571,Crescentis Capital,111.45,,189.62,0.00,-7.35,-94.44,-7.44,-99.46,-4.87
506863,Swadeshi Inds,81.91,111.44,189.44,0.00,0.73,82.50,32.82,395.77,13.95
532275,Landmarc Leisur.,1.93,,189.14,0.00,0.04,-92.45,0.00,-100.00,-1.55
TAINWALCHM,Tainwala Chem.,201.87,17.51,188.95,1.49,0.71,29.09,1.33,-74.95,8.18
NEAGI,Neelamalai Agro,3035.10,6.48,188.80,0.66,6.62,58.37,6.98,53.07,9.63
BROOKS,Brooks Lab.,64.06,7.68,188.70,0.00,1.52,204.11,20.21,-13.34,21.46
544568,DSM Fresh,84.66,12.94,188.68,0.00,7.34,11.23,124.97,95.85,23.27
GLOBALPET,Global Pet Indus,160.00,35.58,188.60,0.00,5.35,42.67,33.29,22.93,13.71
RACE,Race Eco,109.25,27.89,188.53,0.00,1.96,25.68,182.48,-5.91,10.99
539115,Alan Scott Ente.,329.45,,188.37,0.00,-1.85,-45.45,8.03,-1.35,-14.14
524636,Oxygenta Pharma,50.91,,188.28,0.00,-1.70,10.05,49.61,0.28,-33.44
AIRAN,Airan,15.03,15.43,187.91,0.00,0.38,114.20,30.97,13.40,10.16
GILLANDERS,Gillanders Arbut,87.98,25.31,187.77,0.00,-3.89,-282.63,103.39,-0.53,5.65
SURYALA,Suryalata Spg.,440.00,5.29,187.75,0.45,10.81,29.93,104.52,-14.10,14.05
PLAZACABLE,Plaza Wires,42.90,25.71,187.70,0.00,3.91,113.66,111.53,51.80,8.44
EMAPARTNER,EMA Partners,80.55,15.21,187.25,0.00,5.20,-10.34,46.84,34.71,10.35
GICL,Globe Intl. Car.,16.72,19.10,187.19,0.00,1.53,-7.58,54.65,13.59,15.88
SADHAV,Sadhav Shipping,116.00,12.71,187.14,0.00,3.15,,34.34,,8.89
504273,Modulex Const.,17.80,,186.84,0.00,-2.81,-51.98,0.00,,-3.96
538713,Atishay,169.25,33.28,186.71,0.59,0.12,-92.73,13.52,10.82,16.98
512109,Aviva Industries,57.43,99.28,186.64,0.00,0.93,4750.00,64.98,216500.00,6.46
544811,Kratikal Tech,168.00,30.37,186.49,0.00,0.73,,6.48,,72.58
BHARATGEAR,Bharat Gears,121.41,11.40,186.43,0.00,5.07,196.49,210.29,20.26,18.10
ANYA,Anya Polytech &,15.50,22.14,186.00,0.00,2.37,1312.50,79.72,31.68,10.18
526604,Lippi Systems,265.25,49.25,185.68,0.00,-0.52,-225.00,0.00,,20.80
NIKITA,Nikita Greentech Recycling,75.05,16.62,185.13,0.00,4.82,-62.64,171.72,-13.47,9.29
504093,Panasonic Energy,246.00,34.42,184.50,3.83,1.73,47.86,71.66,13.01,9.21
MURUDCERA,Murudesh.Ceramic,30.40,16.35,184.06,1.64,1.46,-57.80,62.64,-5.66,5.21
540401,Maximus Interna.,13.50,19.83,183.65,0.00,2.20,7.84,56.00,24.78,12.61
ABANSENT,ABans Enterprise,26.20,46.15,182.74,0.00,-7.95,-285.75,6510.40,229.83,4.98
531569,Sanjiv.Parant.,148.65,27.30,182.61,0.34,0.55,-74.89,13.21,-27.34,18.00
511066,Sakthi Finance,28.22,10.59,182.60,2.83,5.62,22.44,49.28,-6.49,10.87
ACCPL,Accretion Pha.,164.20,18.87,182.52,0.00,4.92,13.63,45.89,18.24,28.89
QUINT,Quint Digital,38.64,,182.41,0.00,-1.94,-58.14,34.13,351.46,-0.91
514470,Winsome Textile,91.59,6.83,181.53,0.00,7.83,12.82,243.97,8.61,14.43
530741,Ovobel Foods,191.05,7.45,181.51,0.00,14.19,142.56,65.02,35.83,28.21
514318,Jattashankar Ind,412.60,175.85,181.13,0.00,0.57,283.87,73.40,,6.54
RANASUG,Rana Sugars,11.78,69.05,180.90,0.00,27.75,-76.36,437.84,-7.79,3.53
OWAIS,Owais Metal,99.30,109.42,180.55,0.00,-23.56,-193.42,0.30,-99.72,4.30
ESCONET,Esconet,136.50,29.24,180.13,0.00,4.72,-9.23,209.07,69.45,11.95
541144,Active Clothing,115.95,17.90,179.86,0.00,1.62,-0.61,72.72,6.39,10.61
517417,Patels Airtemp,328.30,17.49,179.59,0.91,4.15,-7.57,89.52,-13.97,9.51
AVATAR,AVATAR Industries,172.30,485.11,179.49,0.00,0.12,500.00,102.87,,1.36
540062,Golden Crest,342.00,996.56,179.38,0.00,0.12,500.00,0.16,166.67,2.20
SHUBHSHREE,Shubhshree Bio.,342.00,17.03,179.28,0.00,6.86,59.85,105.78,24.01,32.58
509953,Trade-Wings,595.00,74.69,178.50,0.00,2.96,-12.68,68.49,7.88,49.96
512149,Avance Tech.,0.90,13.47,178.37,0.00,10.37,862.50,30.94,-35.96,2.68
544340,Rikhav Securitie,46.56,9.36,178.29,0.00,1.18,104.39,1596.05,609.13,13.12
PRAMARA,Pramara Promotio,127.80,17.75,178.21,0.00,3.91,5.96,59.27,6.49,14.95
MUNISH,Munish Forge,74.00,16.92,178.12,0.00,3.41,-57.05,100.10,10.61,11.98
544444,GLEN Industries,74.00,10.79,178.05,0.00,8.20,-15.64,107.57,24.33,13.76
WATERBASE,Waterbase,42.93,,177.85,0.00,-3.33,38.67,79.32,3.85,-7.35
541083,Inflame Applian.,237.20,30.64,177.69,0.00,2.28,-1.30,75.66,42.78,12.21
543346,Aashka Hospitals,75.88,62.52,177.56,0.00,2.56,197.67,12.57,22.28,4.05
VIJIFIN,Viji Finance,9.27,42.98,177.52,0.00,1.14,445.45,0.89,56.14,10.16
DUCOL,Ducol Organics,108.90,24.47,177.44,0.00,4.43,109.95,71.55,84.55,10.26
517096,Aplab,84.50,70.38,177.37,0.00,-0.72,-110.23,14.35,-40.03,14.86
538882,Emerald Finance,51.31,11.01,177.23,0.29,4.88,44.51,9.44,40.69,21.20
AUSOMENT,Ausom Enter.,130.00,9.09,177.06,0.77,0.83,-92.48,1440.43,-5.65,16.38
506134,Gourmet Gateway,11.69,,176.88,0.00,0.31,-183.33,48.97,16.40,6.01
TIPSFILMS,Tips Films,409.15,,176.87,0.00,-3.47,89.39,2.36,-96.09,-6.69
511557,Pro Fin Capital,2.97,,176.00,0.00,-6.02,-145.71,16.98,89.72,-0.08
544641,K. V. Toys India,280.00,20.23,175.84,0.00,4.68,61.62,93.99,70.12,25.16
RAPPID,Rappid Valves,337.85,27.07,175.41,0.00,3.10,-14.84,24.41,-24.92,16.22
VIRINCHI,Virinchi,15.53,,175.03,0.00,-15.68,-233.56,65.97,-4.31,1.31
SUPREME,Supreme Holdings,45.27,448.59,174.95,0.00,-0.09,95.27,2.25,1223.53,0.11
BMLL,Bio Medica Lab,138.70,17.82,174.42,0.00,,,,,64.16
COMFINTE,Comfort Intech,5.44,,174.05,1.29,-5.80,2.04,25.21,2.15,2.68
507621,Milkfood,67.85,3.92,173.67,0.92,51.41,2024.38,178.93,13.23,22.53
533167,Coromandel Engg.,49.69,1019.65,173.34,0.00,0.82,-70.61,14.89,110.91,10.40
542694,Parshva Enterpr.,170.00,597.34,173.23,0.00,0.07,250.00,6.41,-6.56,3.41
AVPINFRA,AVP Infracon,69.35,4.11,173.23,0.00,18.95,-6.83,227.64,28.93,22.91
VASWANI,Vaswani Industri,52.52,40.81,173.03,0.00,5.39,22.78,143.89,24.69,8.76
KHADIM,Khadim India,94.13,41.39,173.00,0.00,0.77,-86.10,83.56,-10.92,6.87
HVAX,HVAX Technolog.,623.00,12.10,173.00,0.00,9.38,29.92,99.57,17.61,19.66
MASTER,Master Component,432.00,23.23,172.80,0.17,4.20,72.84,37.61,52.45,26.62
538714,Sangam Finserv,37.01,52.92,172.51,0.00,-5.48,-220.47,-1.03,-213.19,4.73
505299,KPT Industries,506.95,13.65,172.36,0.59,2.83,-5.32,50.07,26.15,20.66
539255,Star Delta Trans,574.00,14.42,172.21,0.00,4.42,46.36,46.44,23.41,18.09
DENEERS,De Neers Tools,194.65,6.82,172.20,0.00,16.49,135.87,105.68,40.46,25.76
519216,Ajanta Soya,21.30,20.46,171.43,0.00,-1.19,-123.71,336.92,-13.25,9.57
544594,Game Changers,95.75,9.39,171.32,0.00,9.93,44.12,81.52,34.83,39.76
526241,Amrapali Inds.,33.31,13.60,171.25,0.00,8.80,771.29,18015.20,453.79,20.56
540874,7Seas Enter.,74.00,76.70,171.03,0.00,0.59,11.32,5.15,13.94,9.16
542013,Dolfin Rubbers,170.50,30.87,171.01,0.00,1.63,5.84,48.60,23.32,14.93
530495,Stratmont Indus.,60.00,65.26,170.99,0.17,0.00,-100.00,63.62,115.88,11.18
SUPERHOUSE,Superhouse Ltd,154.97,46.43,170.85,0.52,-1.29,-244.94,154.95,-11.98,4.15
VIPULLTD,Vipul Ltd,12.12,,170.84,0.00,1.21,-67.56,9.19,-18.38,-0.44
543499,Achyut Healthcar,7.07,533.25,170.64,0.00,0.06,-50.00,4.39,377.17,1.23
NIRAJ,Niraj Cement,28.58,7.90,170.61,0.00,5.23,-30.64,134.63,-19.19,11.05
ONDOOR,On Door Concepts,243.50,15.81,170.46,0.00,6.86,45.65,184.06,21.36,10.10
INDOUS,Indo US Bio-Tech,84.98,12.99,170.40,0.29,1.97,-46.47,26.02,-22.05,14.50
LLOYDS,Lloyds Luxuries,70.50,,170.15,0.00,0.36,107.53,33.22,36.43,-5.75
HBESD,HB Estate Devel.,74.01,14.52,169.93,0.00,3.55,-22.49,32.97,-0.78,7.53
RBS,Ramdevbaba Sol.,74.25,14.85,169.75,0.00,5.19,-30.69,437.66,-16.95,5.39
BYKE,The Byke Hospi.,32.44,25.31,169.59,0.00,1.68,118.18,27.81,3.92,5.72
ARVEE,Arvee Laborat.,153.66,66.93,169.33,0.00,0.52,642.86,10.80,67.44,7.92
524592,Jaysynth Orgo,12.50,11.43,168.63,0.40,5.30,63.58,66.93,13.04,13.45
DELPHIFX,Delphi World,6.87,54.35,168.50,0.00,-1.86,-172.47,68.52,445.11,8.95
EMMBI,Emmbi Industries,87.53,18.86,168.41,0.34,2.31,41.72,115.37,7.30,8.75
REXPIPES,Rex Pipes&Cables,178.00,36.10,168.21,0.00,2.70,-23.51,59.82,-0.15,13.63
544707,Fractal Industries,213.85,12.59,167.85,0.00,6.46,53.81,42.39,-5.15,27.51
TRIGYN,Trigyn Techno.,54.50,79.52,167.78,0.00,0.63,-77.35,251.95,5.13,2.29
537839,HBG Hotels,81.71,60.75,167.66,0.31,1.24,51.22,10.02,15.17,0.73
526614,Expo Engineering,73.53,96.33,167.62,0.00,-0.66,-142.04,17.28,-56.62,9.08
513369,Krishanveer Forg,153.10,18.03,167.49,1.63,5.75,104.83,24.35,22.86,26.21
505690,Brady & Morris,744.25,30.06,167.46,0.00,1.37,107.58,17.46,-34.58,14.38
524238,Guj. Inject(Ker),11.40,55.67,167.00,0.00,1.25,1685.71,12.45,414.46,22.89
539227,Loyal Equipments,154.65,24.79,166.87,0.65,2.87,-28.43,30.49,5.36,15.62
UMIYA-MRO,Umiya Buildcon,89.29,18.56,166.83,0.00,0.24,-77.14,16.33,27.28,12.83
SPCL,Shivalic Power,69.15,14.17,166.76,0.00,7.96,10.91,101.18,28.32,12.79
544165,Shivam Chemicals,98.05,27.49,166.56,0.00,4.22,163.87,152.56,17.61,16.83
519295,Bambino Agro Ind,207.35,16.61,166.09,0.77,0.41,-60.58,98.61,6.79,12.31
DCM,DCM,88.90,57.46,166.05,0.00,-1.51,-260.64,18.87,13.47,14.59
544774,SMR Jewels,89.00,6.71,166.02,0.00,14.07,91.95,233.47,21.94,71.92
BEACON,Beacon Trust.,91.85,23.77,165.93,0.00,2.42,113.56,14.92,18.51,19.76
523676,Golkunda Diamond,238.35,12.12,165.89,0.63,3.84,66.96,68.52,10.86,20.06
MODTHREAD,Modern Threads,47.66,12.71,165.74,0.00,4.41,46.03,78.14,15.92,12.81
524218,Resonance Speci.,143.50,16.12,165.60,0.70,4.60,49.84,24.48,1.16,20.00
SHBAJRG,Sh. Bajrang All.,183.93,3.74,165.54,0.00,19.40,71.23,47.29,-41.20,1.12
540168,Supra Pacific,33.67,21.00,165.46,0.59,2.80,288.89,23.49,59.25,11.99
544542,Justo Realfin,88.00,8.54,165.42,0.00,13.60,66.13,55.15,30.78,26.93
ETML,Emerald Tyre,84.90,16.01,165.36,1.18,2.77,-31.60,112.94,11.90,12.26
ARCHIDPLY,Archidply Inds.,82.94,18.55,164.76,0.00,3.15,3250.00,179.13,10.70,10.20
TTL,T T,6.37,,164.54,0.78,0.69,116.79,57.09,-8.64,5.82
NAGAFERT,Nagarjuna Fert.,2.75,,164.47,0.00,1.51,114.05,-1.93,,
530139,Kreon Finnancial,81.30,22.64,164.40,0.00,0.36,145.57,10.13,40.50,18.45
ROYALARC,Royal Arc Ele.,148.00,16.35,164.28,0.34,5.73,-8.17,63.22,12.83,17.99
544555,Ameenji Rubber,145.00,25.80,163.56,0.00,1.96,,80.55,,19.61
SDREAMS,S D Retail,87.15,15.35,163.17,0.00,9.65,15.84,117.68,16.10,12.21
AKANKSHA,Akanksha Power,83.15,28.07,162.81,0.00,2.41,56.96,43.80,66.86,11.00
RUDRA,Rudra Global,16.22,12.04,162.76,0.00,1.03,-8.77,178.26,6.61,11.89
523248,Machino Plastics,264.90,123.22,162.65,0.00,0.25,-92.86,143.41,33.83,6.72
544738,Speciality Medi.,185.00,12.47,162.54,0.00,8.18,205.22,44.78,45.39,25.31
531399,G G Automotive,162.00,14.55,161.84,0.00,1.73,-19.91,21.10,-37.50,20.43
544544,Telge Projects,164.75,21.14,161.29,0.00,2.99,139.83,17.05,100.82,23.85
SRTL,Shree Ram Twist.,40.28,11.36,161.02,0.00,3.43,233.01,47.90,-53.25,13.96
BHADORA,Bhadora Indust.,86.50,16.19,160.89,0.00,6.38,-5.78,78.01,21.25,23.65
506128,Parnax Lab,140.05,12.57,160.86,0.00,2.19,-20.23,69.63,41.99,13.89
540198,Osiajee Texfab,296.95,28.89,160.35,0.00,2.56,-29.28,2.78,-42.80,27.49
539167,VIRAT LEASING,61.75,,160.31,0.00,0.11,-8.33,0.12,-45.45,-4.39
513502,Baroda Extrusion,8.24,21.85,160.17,0.00,3.08,71.11,55.94,21.98,55.94
METROGLOBL,Metroglobal,129.79,9.97,160.09,1.54,8.45,-79.10,36.75,-15.63,7.18
SANGINITA,Sanginita Chemi.,61.63,,159.63,0.00,-6.33,-12560.00,42.97,-13.80,-11.04
LAGNAM,Lagnam Spintex,90.31,11.09,159.57,0.00,8.35,-2.22,179.65,10.31,10.07
RPPL,Rajshree Polypac,21.47,9.24,159.40,0.00,6.38,74.79,91.62,1.74,11.25
NECCLTD,North Eastn.Car.,15.25,20.56,159.36,0.00,0.70,-60.23,96.23,9.23,5.91
542803,Vaxfab Enterp.,62.40,,158.93,0.00,-3.24,-150.55,15.66,-65.79,
NRVANDANA,N R Vandana,68.10,15.17,158.64,0.00,4.74,10.23,173.57,20.73,17.67
531997,IKOMA Technologies,68.32,689.17,158.51,0.00,-0.08,94.07,0.00,-100.00,3.06
538546,Bansal Roofing,120.20,15.03,158.46,0.83,3.49,87.63,45.33,53.87,34.35
543937,Alphalogic Indu,155.10,29.32,158.03,0.00,2.81,157.80,20.17,-11.81,28.55
543351,Naapbooks,132.80,18.95,157.27,0.00,5.01,54.15,7.83,-6.79,27.25
PRAENG,Prajay Engineers,22.42,,156.81,0.00,-8.06,42.55,7.09,-54.43,-2.62
RAJINDLTD,Rajputana Indu.,70.45,11.91,156.50,0.00,3.69,32.26,204.08,22.12,19.73
538540,Raama Finance,19.25,48.22,156.24,0.00,2.63,26200.00,9.63,32000.00,22.94
INCREDIBLE,Incredible Indus,33.39,13.55,156.14,0.00,4.52,-22.60,219.43,-4.69,10.65
IVP,IVP,151.02,8.21,156.00,0.99,8.86,131.33,164.44,10.10,14.14
AMJLAND,AMJ Land Holdin.,37.99,10.53,155.76,0.53,5.42,-50.29,15.36,-39.88,10.06
544468,B. D. Industries,109.35,16.25,155.39,0.00,5.09,,52.82,,23.14
531726,Panch.Organics,117.95,14.35,155.36,2.71,1.70,-46.37,31.07,9.52,10.29
INFOLLION,Infollion Resea.,159.90,12.40,155.21,0.00,5.34,-17.21,49.23,16.91,28.13
MKPL,M K Proteins,4.13,22.70,155.03,0.00,1.14,-59.29,145.94,6.37,10.13
NATCAPSUQ,Natural Capsules,148.86,,154.98,0.00,-4.98,-1058.33,58.45,29.98,-4.58
543993,ARCL Organics,193.65,28.90,154.92,0.00,2.79,-50.18,65.31,-9.59,17.05
531065,Oswal Overseas,119.75,,154.74,0.00,-2.86,-36.19,2.21,-92.30,-38.58
544724,Elfin Agro India,79.50,26.76,154.43,0.00,1.79,,59.83,,24.80
KANCHI,Kanchi Karpooram,355.40,29.92,154.38,0.28,0.65,-15.58,39.23,16.37,3.91
531306,DHP India,514.05,13.94,154.22,0.78,4.10,-93.67,25.16,27.91,6.49
531658,Abate As Indust,9.78,12.53,154.14,0.00,2.93,146.22,33.94,140.88,6.70
MRIL,Mahendra Realtor,69.60,8.67,153.84,0.00,15.22,65.61,95.65,20.09,20.93
523638,IP Rings,121.35,60.32,153.82,0.00,1.13,417.65,86.54,2.77,8.26
524582,Tirupati Starch,159.90,23.30,153.33,0.00,2.45,60.13,89.86,-7.84,10.26
SHRITECH,Shri Techtex,61.40,7.94,153.19,0.00,13.25,88.48,47.14,10.29,22.83
SURANI,Surani Steel Tub,98.40,209.58,152.99,0.00,-0.07,-104.21,41.34,-63.80,0.76
TUNWAL,Tunwal E-Motors,26.50,12.01,152.88,0.38,4.23,-34.72,132.45,27.15,13.28
BAIDFIN,Baid Finserv,9.86,10.20,152.72,1.01,1.66,-54.40,25.01,13.07,10.93
USHAFIN,Usha Financial,35.10,6.79,152.60,0.00,6.55,568.37,17.63,4.07,13.46
PRITIKA,Pritika Engineer,57.80,23.27,152.39,0.00,1.40,-8.50,45.92,60.84,11.53
QUESTLAB,Quest Laborato.,92.95,10.14,152.32,0.00,2.87,47.94,32.40,-30.25,18.41
AARTECH,Aartech Solonics,47.93,43.51,152.28,0.26,0.73,116.00,17.46,72.36,15.86
544482,Star Imaging,87.30,7.89,152.08,0.00,9.23,-4.94,43.34,5.94,26.04
530233,Auro Labs.,243.90,40.11,152.01,0.00,0.97,174.36,9.83,32.84,9.52
513528,Glittek Granites,58.45,,151.73,0.00,0.26,-99.00,0.00,-100.00,-3.38
BRNL,Bharat Road,18.06,,151.61,0.00,-110.19,-1227.16,48.90,3.47,-6.48
CENTEXT,Century Extrus.,18.95,13.07,151.60,0.00,2.95,27.34,142.22,18.72,19.29
536493,JK Agri Genetics,326.65,,151.47,0.00,-9.10,-574.07,22.96,-16.78,5.25
531537,Mizzen Ventures,68.85,149.94,151.44,0.00,0.35,-56.25,1.17,225.00,3.64
526971,Dhoot Indl.Fin,239.40,8.41,151.25,0.63,4.16,126.82,4.17,19.83,5.00
HECPROJECT,HEC Infra Proj.,139.46,12.00,151.15,0.00,6.10,7.58,50.73,9.10,21.43
530313,Kimia Bioscien.,31.90,20.31,150.93,0.00,0.37,-81.41,27.20,-28.87,25.09
IBLFL,IBL Finance,61.00,61.83,150.86,0.00,1.20,20.00,8.99,26.98,8.46
TICL,Twamev Constr.,9.72,21.74,150.66,0.00,1.61,-98.30,22.51,-54.74,1.17
FILATFASH,Filatex Fash.,0.18,53.58,150.01,0.00,0.33,-81.77,22.08,-66.46,0.17
544511,Karbonsteel Eng.,106.00,14.26,149.90,0.00,3.47,-60.21,161.17,-3.55,19.29
PML,Paul Merchants,485.60,16.40,149.76,0.00,2.29,225.07,482.12,-17.23,2.54
540254,Marg Techno-Proj,19.17,151.23,149.72,0.00,0.60,215.79,2.50,41.24,8.80
KAMOPAINTS,Kamdhenu Venture,4.55,748.50,149.70,0.00,-2.67,-241.27,75.00,-9.38,2.20
517372,Gujarat Intrux,435.10,14.50,149.47,5.75,1.98,-23.26,18.91,11.89,21.27
544616,Gallard Steel,157.00,16.39,149.15,0.00,4.81,53.67,36.48,13.61,23.33
RELIABLE,Reliable Data,143.88,21.36,148.48,0.03,1.28,-64.86,55.03,3.81,12.16
INDTERRAIN,Indian Terrain,29.26,,148.25,0.00,-0.90,58.53,106.53,18.99,7.63
MHLXMIRU,Mahalaxmi Rubtec,139.58,6.81,148.24,0.00,5.43,17.79,29.56,29.20,32.40
539275,MANGALAM SEEDS,135.00,18.10,148.23,0.00,1.29,-63.02,15.87,-26.56,10.02
531310,Available Fin.,145.00,1.38,147.95,0.00,19.91,-37.90,0.16,14.29,0.02
504840,Kaira Can,1600.05,82.43,147.55,0.75,0.50,-73.54,64.20,5.66,3.68
ROCKINGDCE,Rockingdeals Cir,177.65,14.55,147.43,0.00,4.87,127.57,64.79,90.17,20.44
INDBANK,Indbank Merchant,33.21,20.30,147.39,0.00,2.38,11.21,6.90,3.14,10.34
INDOWIND,Indowind Energy,9.14,,147.16,0.00,-7.51,-30.69,5.27,-20.51,2.22
505302,Lakshmi Engg.,2200.25,89.18,147.14,0.45,0.51,131.82,3.96,24.53,11.47
503663,Tilak Ventures,1.10,15.29,147.08,0.00,3.85,151.63,14.02,120.09,7.35
531971,Popees Baby Care India,172.50,1634.00,147.06,0.00,0.22,466.67,2.60,,1.72
DEVIT,Dev Information,26.07,128.89,146.94,0.77,8.96,645.08,53.87,4.50,3.46
AMBAAUTO,Amba Auto Sales,79.90,10.44,146.41,0.00,7.95,,127.73,,32.46
538837,Jeevan Scienti.,72.77,127.06,146.12,0.00,1.84,223.85,21.29,111.63,5.01
ENFUSE,Enfuse Solutions,165.00,,145.99,0.00,-6.90,-850.00,24.53,10.55,-22.06
530457,GTT Data,38.19,,145.87,0.00,-9.44,-152.00,28.97,477.09,-16.49
NEOCHEM,Neochem Bio,85.20,11.71,145.87,0.00,6.86,31.35,64.87,37.35,28.05
531390,Upsurge Invest.,66.47,45.11,145.71,0.75,-6.23,-2109.68,2.43,-93.36,5.25
KRITIKA,Kritika Wires,5.47,19.29,145.66,0.00,2.05,-39.71,146.70,-38.66,8.90
532992,CHL,26.55,346.52,145.54,0.00,8.86,832.23,35.00,-0.60,6.37
DURLAX,Durlax Top,50.20,11.49,145.24,0.00,9.60,134.15,116.37,84.07,16.96
ENVIRO,Envirotech Sys.,77.25,11.99,145.15,0.00,6.13,-45.37,31.54,0.73,22.66
MCL,M Tek Copper,53.37,32.26,144.86,0.00,2.91,69.19,84.06,102.07,12.62
LAL,Lorenzini Appar.,8.38,33.28,144.75,0.00,0.87,113.24,25.76,85.06,11.06
513456,Kanishk Steel,50.82,27.90,144.53,0.00,1.25,183.23,114.17,15.83,9.10
543976,Shradha AI Tech,23.68,13.68,144.34,2.53,2.93,31.98,5.33,73.62,18.40
539196,Amba Enterprises,113.40,17.57,143.57,0.66,2.15,13.76,100.55,20.09,22.10
HPIL,Hindprakash Indu,125.66,52.20,143.56,0.00,2.07,392.86,30.80,-20.17,8.50
538451,Worth Investment,3.87,40.99,143.47,0.00,1.30,6600.00,8.26,560.80,5.21
539620,Kanoria Energy,16.82,38.77,143.46,0.30,-4.83,2200.00,115.91,16.33,6.82
500388,Sh. Krishna Pap.,106.00,38.95,143.33,0.00,17.28,12.79,60.65,14.69,10.13
544637,Methodhub Software,76.00,4.50,143.29,0.00,11.59,106.96,185.48,191.09,36.86
AVIANSH,Avi Ansh,102.50,110.20,143.26,0.00,0.67,-15.19,78.22,15.11,5.14
531841,Indus Finance,154.55,59.38,143.11,0.39,1.46,1092.31,5.69,457.84,14.97
531260,Refex Renewables,317.95,,143.01,0.00,-10.09,-111.02,19.35,-3.59,3.19
BNALTD,B & A,461.10,,142.94,0.00,-20.50,-86.05,43.72,1.63,3.75
AVIENCE,Avience Biomedi.,259.75,16.28,142.47,0.00,4.22,-1.17,25.69,4.99,26.64
ISHANCH,Ishan Dyes,52.14,,142.37,0.00,1.46,225.86,31.76,89.84,0.96
543312,Focus Business,195.00,163.33,142.10,0.03,0.27,-53.45,11.52,-12.99,15.01
KDL,Kore Digital,118.15,3.87,142.06,0.00,11.91,-51.61,150.42,-36.24,38.10
523289,Rama Vision,136.15,21.94,141.95,0.00,1.36,151.85,42.26,42.63,19.80
538817,Captain Pipes,9.23,20.32,141.81,0.00,2.30,-56.11,19.39,-14.62,14.85
544387,Desco Infra.,184.55,8.65,141.66,0.00,10.21,75.73,76.57,108.01,30.15
544441,Meta Infotech,75.00,13.02,141.61,0.00,0.44,-85.62,59.89,72.00,23.16
RUCHINFRA,Ruchi Infrastr.,5.99,14.14,141.38,0.00,0.47,-51.04,14.92,4.78,4.89
504908,Duncan Engg.,382.05,29.82,141.36,0.79,1.18,-5.60,24.82,20.84,10.75
KEYFINSERV,Keynote Finan.,253.89,20.45,141.33,0.39,-9.48,-29.00,0.07,103.89,6.90
ALPA,Alpa Laboratorie,67.17,9.42,141.33,0.00,1.38,165.09,31.40,-21.34,9.42
523874,East India Drums,95.49,30.21,141.08,1.57,0.74,-15.91,59.83,-8.89,21.16
503816,Swadeshi Polytex,36.12,14087.00,140.87,0.00,0.92,284.00,0.00,-100.00,1.33
526415,OK Play India,3.87,34.17,140.45,0.00,3.58,257.95,65.86,15.10,4.90
RAJPUTANA,Rajputana Bio.,199.45,15.48,140.28,0.00,4.46,220.66,62.67,175.11,22.05
DGCONTENT,Digicontent,24.10,37.49,140.23,0.00,0.90,-85.53,118.35,3.34,23.95
THAKDEV,Thakkers Develp.,155.70,27.42,140.13,0.00,-2.10,-154.97,4.78,-22.65,4.55
512099,Eyantra Ventures,698.25,,140.13,0.00,6.78,398.08,25.29,224.23,-8.42
WIPL,W I Plywoods,165.06,311.31,140.09,0.73,-0.91,-218.18,28.50,-1.93,4.04
531289,National Fitting,154.10,15.36,139.97,0.65,1.72,-51.55,23.54,0.21,14.56
539963,Zeal Aqua,11.08,13.88,139.68,0.00,2.04,-62.36,136.86,33.42,13.26
531832,Nag. Agri Tech.,45.54,104.18,139.60,0.00,1.15,2480.00,22.46,,
BI,Bilcare,59.27,25.28,139.55,0.00,7.85,301.31,187.66,-3.28,5.56
DTIL,Dhunseri Tea,132.36,,139.08,1.51,-30.90,34.92,43.97,-35.75,1.80
BALPHARMA,Bal Pharma,87.34,22.14,139.05,1.37,3.60,-33.89,84.08,2.69,9.69
523732,Ecoboard Inds.,52.54,,138.74,0.00,-2.99,-48.18,7.89,335.91,-44.27
SHEEL,Sheel Bio.,68.00,11.77,138.40,0.00,0.19,105.03,21.85,93.71,15.73
501848,Garware Offshore Services,45.00,,138.35,0.00,-5.58,-118.60,12.48,39.13,-5.87
EMMIL,Energy-Mission,121.75,11.56,137.90,0.00,5.51,-11.27,85.00,8.56,16.32
544177,Aztec Fluids,101.20,18.57,137.63,0.49,3.18,6.71,47.61,12.42,16.98
505827,SNL Bearings,381.20,12.90,137.61,3.93,2.57,-8.21,15.22,10.21,20.09
544746,Safety Controls,69.40,9.54,137.60,0.00,6.89,18.38,73.20,27.46,29.46
530589,Prima Plastics,125.00,6.92,137.51,1.60,9.23,18.62,46.70,-19.23,14.27
IPHL,Indian Phosphate,55.00,6.27,137.44,0.00,13.40,150.09,580.25,28.49,16.74
504746,Indian Link Ch.,513.50,,137.36,0.00,-0.05,-266.67,0.00,,-1.60
SHIGAN,Shigan Quantum,67.40,19.97,137.01,0.30,4.28,1.18,120.06,14.33,11.18
531287,National Plastic,223.90,14.59,136.09,0.67,1.49,-30.05,89.59,17.68,16.81
SATTVAENGG,Sattva Eng.,77.75,10.47,135.82,0.00,8.60,16.97,78.23,8.05,22.76
ONELIFECAP,Onelife Capital,36.33,25.32,135.73,0.00,12.70,224.13,3.90,217.07,11.41
SADBHAV,Sadbhav Engg.,7.90,12.90,135.54,0.00,122.30,62.11,270.94,-6.50,13.44
BARFLEX,Barflex Polyfilm,54.60,28.27,135.13,0.00,0.84,-79.16,65.22,34.14,7.34
BALAXI,Balaxi Pharma,24.47,95.13,135.09,0.00,0.61,-92.94,70.71,-7.29,3.11
505737,Intl. Combustion,564.90,,135.01,0.71,1.08,-76.58,86.00,-0.96,0.48
AERON,Aeron Composites,79.20,15.21,134.80,0.00,1.48,-75.83,103.01,-5.14,9.77
509486,Caprihans India,76.50,,134.79,0.00,6.31,155.62,181.81,-2.46,2.16
SAMPANN,Sampann Utpadan,27.57,19.85,134.57,0.00,1.20,-37.50,38.75,19.67,8.18
POSITRON,Positron Energy,177.00,6.71,134.53,0.00,15.04,15.34,285.27,6.83,29.76
500360,Rapicut Carbides,250.30,65.25,134.41,0.00,0.65,96.97,49.31,370.52,11.29
SECMARK,Secmark Consult.,128.18,52.11,133.91,0.00,4.49,14.25,14.30,14.40,11.68
SPECTSTM,Spectrum Talent,57.90,10.91,133.71,0.00,8.48,,742.36,,7.57
533007,LGB Forge,5.61,,133.63,0.00,-0.51,-15.00,25.66,7.23,2.12
SIDDHIKA,Siddhika Coatins,216.25,13.89,133.62,1.85,5.06,35.29,27.65,13.51,31.93
INDIANCARD,Indian CardCloth,223.97,29.24,133.06,0.00,-3.38,-131.44,11.24,9.98,2.01
503127,Raja Bahadur Int,5319.05,101.51,132.98,0.00,0.78,-21.21,7.31,2.96,7.12
MAGNUM,Magnum Ventures,19.42,,132.85,0.00,5.32,-15.42,128.71,8.26,2.55
501391,W H Brady,520.00,26.79,132.60,0.00,-0.20,-59.31,21.24,-30.29,8.53
CROWN,Crown Lifters,114.38,14.68,132.57,0.00,2.94,4.63,13.02,29.29,13.41
NARMADA,Narmada Agrobase,34.92,34.32,132.47,0.00,0.80,2.56,34.00,16.04,8.95
543753,Dharni Capital,65.00,28.35,132.41,0.00,2.35,17.50,5.10,41.67,22.39
540192,LKP Securities,16.00,12.99,132.38,1.25,2.26,-15.99,27.79,24.34,13.53
523309,Shri Gang Indus,62.30,7.11,132.32,0.00,1.96,240.00,80.15,38.60,30.71
543874,Maiden Forgings,93.10,26.36,132.31,0.00,2.93,46.50,122.17,17.67,9.26
514428,Hind.Adhesive,257.65,8.28,131.92,0.00,0.93,-49.39,57.64,-9.61,13.42
SHAHALLOYS,Shah Alloys,66.56,,131.79,0.00,-8.41,3.56,2.25,-92.59,0.47
507645,Polson,10977.50,27.79,131.73,0.00,1.08,-22.86,23.93,-3.66,6.10
544812,Atharva Poly-Plast,78.00,24.84,131.43,0.00,,,,,36.04
JOCIL,Jocil,147.90,15.82,131.34,0.34,2.62,482.22,265.26,48.90,5.62
544571,NSB BPO,65.70,10.25,131.22,0.00,7.01,20.03,88.48,29.95,8.15
SIGIND,Signet Industrie,44.57,6.76,131.20,1.12,6.85,-7.56,390.61,7.07,13.70
CORALFINAC,Coral India Fin.,32.50,8.86,130.98,1.23,2.69,14.47,3.05,0.00,8.06
SALONA,Salona Cotspin,248.80,83.93,130.93,0.40,-1.37,53.08,110.46,-25.26,8.33
WINSOL,Winsol Engineers,113.50,9.13,130.92,0.00,7.36,43.75,70.37,2.31,24.61
RAPIDFLEET,Rapid Fleet,176.00,10.48,130.85,0.00,8.35,155.96,129.29,47.91,19.22
540686,Smruthi Organic,114.00,34.80,130.49,1.32,1.07,-51.57,29.09,-23.63,7.99
EEPL,Eppeltone Ene.,100.60,10.53,130.37,0.00,6.12,-11.69,88.47,19.28,18.54
544105,Harshdeep Horti.,81.00,10.41,130.36,0.00,6.82,24.45,36.07,14.69,29.46
ALPHAGEO,Alphageo (India),204.65,,130.25,3.91,-2.99,18.25,49.29,-30.14,-6.96
537326,Chemtech Indust.,70.47,25.88,129.93,0.00,0.60,-66.29,10.07,-18.53,7.77
540395,Chemcrux Enterp.,87.70,34.82,129.87,1.14,1.85,780.95,24.28,54.45,7.40
503639,Apollo Ingredie.,124.72,182.69,129.71,0.00,0.07,-56.25,1.01,46.38,22.86
532384,Tyche Industries,126.50,18.68,129.66,2.37,1.15,22.34,16.20,30.96,6.83
526731,Bright Brothers,228.20,21.90,129.62,1.10,2.12,15.22,91.60,7.15,11.74
517477,Elnet Technolog,323.85,6.45,129.54,0.59,5.02,6.13,6.16,17.78,15.41
SURANASOL,Surana Solar,26.26,104.21,129.22,0.00,0.20,128.17,13.61,440.08,3.15
531127,Mena Mani Inds.,11.09,536.96,128.87,0.00,0.05,110.20,4.29,-53.82,1.22
AIROLAM,Airo Lam,85.88,23.38,128.84,0.00,0.25,-88.57,57.92,3.12,9.75
PRAXIS,Praxis Home,6.93,,128.77,0.00,-115.30,0.63,24.74,-9.04,-26.18
VALUE360,Value 360 Commu.,80.00,12.98,128.72,0.00,4.99,131.34,35.84,16.97,38.64
508905,Nexome Cap. Mkt.,119.85,10.58,128.66,1.25,9.45,3412.90,21.91,122.21,10.40
BSL,BSL,124.74,53.94,128.38,0.64,-0.99,-453.57,147.81,-4.95,6.01
LAHOTIOV,Lahoti Overseas,43.95,8.93,128.21,0.46,1.45,-66.12,88.46,-28.45,7.95
513693,KIC Metaliks,36.11,122.08,128.18,0.00,1.43,132.50,247.03,37.97,4.02
523116,Sanco Trans,711.75,18.30,128.12,0.63,2.45,619.57,35.48,25.50,7.38
542579,Ashapuri Gold,3.84,6.90,127.99,0.00,1.35,68.75,70.61,-15.67,15.97
RICHA,Richa Info,93.00,17.11,127.99,0.00,1.91,-60.29,56.88,-51.40,8.77
523373,Mini Diamonds(I),5.42,91.90,127.74,0.00,-6.18,-107.97,149.98,54.89,2.62
TARMAT,Tarmat,50.95,20.46,127.70,0.00,2.96,419.30,42.46,12.36,3.57
URAVIDEF,Uravi Defence &,111.94,234.45,127.61,0.00,1.50,-59.85,9.86,8.23,3.69
504076,Jyoti,55.19,7.08,127.45,0.00,3.04,-63.00,83.31,-22.93,12.45
526025,Globus Power,12.87,,127.35,0.00,-0.02,0.00,0.00,,-6.32
544807,Crazy Snacks,53.01,20.05,126.89,0.00,1.28,,25.99,,16.20
544770,Yaashvi Jewellers,72.00,6.94,126.87,0.00,3.54,,62.65,,45.55
GENXAI,GenXAI Analytics,70.70,9.31,126.86,0.00,7.95,16.55,46.03,151.12,59.33
500319,Indian Sucrose,72.97,2.93,126.80,0.00,26.09,6.36,308.22,-1.36,17.48
BTML,Bodhi Tree,6.96,19.82,126.46,0.00,2.09,-15.77,34.96,-13.06,16.54
MUKTAARTS,Mukta Arts,55.89,,126.23,0.00,-0.70,124.32,45.39,19.10,11.17
512437,Apollo Finvest,338.00,22.02,126.16,0.00,1.07,2.88,5.79,-27.81,11.57
PROFX,Pro FX,72.00,8.31,126.03,0.00,6.12,253.76,49.70,4.26,31.88
512493,Garnet Intl.,64.13,26.51,125.92,0.00,0.54,42.11,0.42,-76.27,11.24
524202,Lactose (India),100.00,20.77,125.89,0.00,1.88,193.75,45.77,64.82,11.29
TEXMOPIPES,Texmo Pipes,43.04,8.94,125.66,0.00,1.82,-73.74,97.44,-1.17,9.19
539661,Ace Men,97.21,784.62,125.54,0.00,0.12,,8.51,,
MITCON,Mitcon Consult.,72.02,15.51,125.45,0.00,5.64,179.29,45.23,18.62,8.83
ESPRIT,Esprit Stones,57.00,,125.09,0.00,-1.16,-113.47,73.34,-54.33,-0.25
VIJAYPD,Vijaypd Ceutical,63.95,24.63,124.89,0.00,2.64,50.57,47.62,-4.59,11.59
SONAL,Sonal Mercantile,84.69,4.86,124.82,0.00,7.03,-25.45,13.37,56.19,6.09
532230,Bengal Tea & Fab,138.50,27.78,124.73,1.08,-11.40,-95.54,3.65,-3.69,4.76
509026,VJTF Eduservices,70.85,,124.70,0.00,-2.85,6.56,-0.74,77.91,-1.07
526861,Rishi Laser,124.70,30.53,124.58,0.00,-0.26,-106.56,40.76,7.92,9.59
JEYYAM,Jeyyam Global,26.20,9.06,124.44,0.00,2.82,-77.51,270.55,-30.09,10.84
ISFT,Intrasoft Tech.,76.24,9.36,124.36,0.00,3.15,34.04,136.05,4.62,6.29
530077,Puretrop Fruits,154.70,16.98,123.29,0.00,3.74,139.44,40.67,49.25,8.02
524502,Raaj Medisafe,75.01,68.07,123.20,0.00,-3.23,-192.82,25.08,2.79,11.92
523054,Binayaka Tex Pr,1729.90,31.49,122.82,0.00,-0.95,-121.47,62.61,7.52,8.10
MAHAPEXLTD,Maha Rashtra Apx,43.53,,122.68,0.00,-4.96,-135.99,0.06,-80.00,-1.47
534060,PMC Fincorp,1.72,19.92,122.48,0.58,-0.41,-148.24,3.78,14.55,6.07
MDL,Marvel Decor,69.00,27.69,122.41,0.00,2.28,43.21,31.51,-2.14,7.86
531862,Bharat Agri Fert,23.15,,122.36,0.00,1.23,-71.19,6.20,-12.18,1.50
544708,Yashhtej Industries,52.99,9.76,122.30,0.00,5.28,19.19,78.23,-52.55,15.05
535566,KIFS Financial,113.00,15.30,122.27,1.33,1.87,-40.63,11.98,81.52,8.18
544667,Dachepalli Pub.,81.60,7.30,122.20,0.00,6.31,42.12,45.18,159.36,23.84
521097,Amarjothi Spg.,180.80,12.82,122.04,1.22,5.55,14.67,94.48,66.28,8.64
530621,Akar Auto Indust,112.90,102.35,121.80,0.53,-0.49,-140.32,79.29,-15.61,12.41
ALUWIND,Aluwind Infra,49.00,11.57,121.75,0.00,5.45,-7.00,73.12,14.66,17.63
539335,Callista Indus.,160.85,,121.39,0.00,0.56,191.80,0.00,,0.00
MEGAFLEX,Mega Flex Plast.,100.00,16.69,121.31,0.00,5.62,74.53,48.70,13.18,16.23
NAVKARURB,Navkar Urban.,1.08,41.22,121.19,0.46,-0.13,95.09,14.41,314.08,2.72
538565,Vistar Amar,210.25,12.95,121.10,0.00,2.25,293.97,53.93,1486.18,25.53
534920,iSERA Lifesciences,143.90,465.42,121.01,0.00,0.55,139.13,1.16,,5.95
500028,ATV Projects,22.75,16.88,120.84,0.00,2.06,-19.84,20.10,13.05,2.87
MANILAM,Manilam Industries,55.30,58.65,120.82,0.00,-1.15,,44.02,,8.48
AESTHETIK,Aesthetik Engi.,70.00,16.91,120.54,0.00,3.62,-26.72,80.50,99.11,17.64
USK,Udayshivakumar,21.75,72.53,120.40,0.00,13.35,313.60,48.05,-57.29,3.72
DBSTOCKBRO,DB Intl.Stock,34.38,38.69,120.33,0.00,0.23,-82.84,6.08,-21.85,7.28
SHYAMDHANI,Shyam Dhani Ind.,58.25,14.09,120.32,0.00,4.34,12.73,81.99,25.81,16.98
PREMCO,Premco Global,363.90,17.76,120.26,1.65,-1.05,-137.63,21.41,-24.45,8.99
XELPMOC,Xelpmoc Design,81.19,,120.16,0.00,-1.78,-5.33,1.08,52.11,-10.56
531234,Scoobee Garments,71.00,,120.13,0.00,-1.52,-202.01,5.95,-72.58,-6.12
544627,Purple Wave Info,129.80,8.94,120.01,0.00,6.60,45.05,68.43,-1.30,36.40
530317,Godavari Drugs,118.40,31.56,119.91,0.00,1.29,35.96,33.16,30.04,6.69
505893,Hindustan Hardy,797.55,14.28,119.63,0.35,1.88,-28.79,29.62,18.01,27.78
AARNAV,Aarnav Fashions,28.32,12.79,119.62,0.00,3.23,229.59,132.70,45.11,7.63
WEIZMANIND,Weizmann,77.19,19.74,119.60,0.65,0.36,104.15,32.36,-10.73,14.27
531237,Dhruva Cap.Serv.,165.85,46.40,119.25,0.00,-0.81,-54.55,0.86,75.51,12.97
ENSER,Enser,13.65,13.37,118.97,0.00,4.80,44.97,50.03,59.84,24.08
GSLSU,Global Surfaces,28.01,,118.71,0.00,-23.38,-112.57,45.39,-21.02,-1.62
530055,Harmony Capital,97.84,70.21,118.65,0.00,1.38,13900.00,4.41,,32.18
REPL,Rudrabhish. Ent.,65.43,,118.58,0.00,-13.38,-872.83,20.88,-43.08,-4.66
DOLLEX,Dollex Agrotech,29.65,14.07,118.45,0.00,4.64,2629.41,108.59,-8.49,5.52
AVROIND,Avro India,8.82,28.11,118.34,0.00,0.86,36.51,24.03,23.29,6.67
538732,Vibrant Glo. Cap,51.64,7.08,118.29,1.26,7.52,186.40,45.09,-45.05,10.91
STRIDERS,Striders Impex,63.25,20.99,117.75,0.00,4.16,-0.48,49.16,35.91,16.78
BCPL,BCPL Railway,70.39,18.28,117.72,1.42,2.66,-53.33,57.92,-25.47,9.30
544554,KVS Castings,62.69,16.68,117.56,0.00,3.36,-15.79,27.49,2.04,15.79
513418,Smiths & Founder,11.51,170.14,117.40,0.00,0.26,0.00,3.22,-0.31,4.86
LATTEYS,Latteys Industri,20.40,32.40,117.29,0.00,1.38,181.63,38.91,59.21,16.32
544643,Prodocs Solution,166.05,12.38,117.07,0.00,6.63,,30.81,,
SAMBHAAV,Sambhaav Media,6.11,486.54,116.77,0.00,0.56,14200.00,12.51,14.98,2.26
506530,Kemp & Co.,1081.00,,116.75,0.00,-1.01,-172.97,0.83,9.21,-1.46
544553,M P K Steels,114.65,19.26,116.72,0.00,4.40,55.48,166.27,68.29,18.96
520075,Samkrg Pistons,118.85,11.97,116.71,0.42,2.45,1389.47,83.97,25.78,10.11
LAMBODHARA,Lambodhara Text.,112.27,10.59,116.51,0.45,3.13,1322.73,57.23,5.26,12.31
540809,MRC Agrotech,37.18,88.24,116.48,0.00,1.02,73.68,68.35,220.59,3.83
514272,Bhilwara Spinner,128.55,13.45,116.38,0.00,1.91,189.25,33.84,1167.42,5.85
GANGESSECU,Ganges Securitie,116.24,43.23,116.28,0.00,-2.71,26.95,3.00,50.00,0.76
531673,Anka India,22.55,,116.23,0.00,-0.51,-2450.00,2.65,-50.74,0.42
544747,Emiac Technologies,94.70,32.03,115.94,0.00,-0.93,,18.19,,99.84
532262,TCI Industries,1288.00,236.57,115.92,0.00,0.30,134.88,1.77,60.91,4.33
URBAN,Urban Enviro,133.75,7.78,115.83,0.00,5.79,120.15,95.48,38.16,33.15
PIONRINV,Pioneer Invest,94.14,7.28,115.76,0.00,1.69,-40.49,3.90,-60.65,10.95
544506,Sharvaya Metals,115.10,9.89,115.45,0.00,2.28,-71.92,139.86,96.43,28.47
PAR,Par Drugs & Che.,93.79,8.80,115.41,0.00,0.85,-48.48,19.61,-12.18,16.53
AAATECH,AAA Technologies,89.66,55.83,115.01,1.67,-0.35,-135.00,3.38,-68.02,8.93
READYMIX,Readymix Cons.,104.95,15.38,115.01,0.00,6.71,-39.77,62.96,13.18,15.99
SOMICONVEY,Somi Conv.Belt.,97.31,22.79,114.63,0.00,0.59,-34.44,17.29,-28.82,9.46
544671,Apollo Techno,83.70,10.37,114.58,0.00,6.84,-15.74,61.99,24.23,19.27
540455,Escorp Asset Mgt,102.90,38.39,114.39,0.00,0.12,-93.30,0.46,-77.56,5.36
539528,Aayush Wellness,23.45,28.39,114.14,0.11,0.62,-43.64,48.40,116.55,36.06
543991,Techknowgreen,154.45,11.71,114.03,0.00,6.77,75.39,24.24,24.76,28.10
544106,Mayank Cattle Fo,211.00,18.93,113.94,0.00,3.49,18.31,217.78,2.91,15.85
544810,Sampark India,92.83,10.81,113.80,0.00,6.57,83.52,127.29,35.50,23.08
VLEGOV,VL E-Governance,10.49,,113.77,0.00,-0.59,41.00,1.19,-76.06,-2.46
511260,Iconik Sports,33.55,26.16,113.54,0.00,1.14,-64.04,18.35,44.37,10.46
506579,AG Ventures,113.55,22.83,113.44,0.00,0.56,-103.41,25.22,-9.38,2.31
544675,Gabion Technol.,83.50,14.03,113.35,0.00,5.52,60.00,73.29,37.17,19.85
SHYAMCENT,Shyam Century,5.34,,113.30,0.00,0.20,104.57,0.14,-99.37,-7.40
540252,Viram Suvarn,9.98,14.94,113.23,0.50,1.39,43.30,5.32,-18.78,22.33
VISHWARAJ,Vishwaraj Sugar,5.19,,113.05,0.00,10.93,430.58,111.03,-33.39,-3.28
TBI,TBI Corn,62.25,6.16,113.04,0.00,8.11,32.52,166.64,41.68,18.26
ANIKINDS,Anik Industries,40.70,,112.94,0.00,-2.19,-609.30,8.04,-83.50,0.30
GTL,GTL,7.17,,112.78,0.00,609.05,-104.17,58.25,-16.67,
532806,AI Champ.Inds.,36.66,63.34,112.74,0.00,21.94,223.12,69.06,114.47,9.19
THACKER,Thacker & Co.,1036.10,5.87,112.70,0.00,4.38,-24.09,1.26,-33.33,2.30
516003,Duroply Indust.,103.80,36.80,112.61,0.00,-2.45,-267.57,111.59,4.93,7.81
KCK,KCK Industries,17.70,268.05,112.58,0.00,0.40,-21.57,21.37,3.24,1.83
543229,Samrat Forgings,225.00,25.63,112.50,0.00,1.04,42.47,50.82,-1.44,10.58
STEELCITY,Steel City Sec.,74.36,7.86,112.34,5.38,3.36,14.68,16.57,20.42,14.46
JAYESH,Jayesh Logistics,129.00,11.12,112.12,0.00,5.31,-18.06,69.97,4.32,21.78
VITAL,Vital Chemtech,46.80,108.83,112.09,0.00,0.84,-28.21,35.14,0.20,3.44
KREBSBIO,Krebs Biochem,51.90,,111.90,0.00,-2.34,71.70,6.81,11.64,-15.37
532056,Trustedgecapital,121.25,203.44,111.89,0.00,0.64,320.69,2.24,729.63,0.91
SRIVASAVI,Srivasavi Adhes.,78.30,20.14,110.98,0.00,2.92,17.27,54.87,9.74,14.63
530427,Choksi Asia,194.55,20.81,110.91,0.00,0.75,5.63,11.86,-2.39,18.49
540788,Aspira Pathlab,107.65,2216.00,110.80,0.00,-0.69,-195.83,6.52,12.80,2.84
HOLMARC,Holmarc Opto,110.00,27.10,110.55,0.36,3.83,56.00,26.04,29.17,18.12
500058,Bihar Sponge,12.25,9.76,110.50,0.00,1.25,-62.80,16.92,-82.82,39.01
OBCL,OBCL,52.39,,110.45,0.00,-4.43,-288.60,93.71,19.57,-2.08
CUBEXTUB,Cubex Tubings,76.99,14.80,110.24,0.00,1.37,-40.43,89.40,6.14,11.49
SHRIKRISH,Shri Krishna,39.32,24.14,110.10,0.00,1.14,-54.22,6.16,-40.54,6.70
544498,Oval Projects,53.00,8.02,110.08,0.00,7.67,,91.13,,19.91
524640,Archit Organosys,53.58,13.69,109.95,0.93,2.02,0.00,36.50,-15.47,13.41
GVPTECH,GVP Infotech,6.75,,109.93,2.22,-2.02,4.27,0.43,-71.71,-70.43
531918,Hind.Appliances,109.50,,109.78,0.00,-0.14,-800.00,0.00,,-0.22
GREENCHEF,Greenchef Appli.,47.10,,109.61,0.00,-4.24,-471.93,207.45,2.65,-1.94
530185,Surat Trade,4.92,9.95,109.26,0.00,-0.44,89.00,45.99,519.81,6.32
KKJEWELS,Kabra Jewels,104.05,4.40,109.10,0.00,6.56,126.99,98.40,26.38,20.43
BEARDSELL,Beardsell,27.64,9.54,109.00,0.36,4.38,134.22,71.78,-4.83,16.72
542721,Anand Rayons,50.75,15.03,108.96,0.00,2.55,13.33,118.10,37.57,10.41
HILTON,Hilton Met.Forg.,21.14,31.54,108.80,0.00,0.14,-96.91,50.84,13.05,5.64
CANARYS,Canarys Automa.,18.50,7.84,108.68,0.00,5.74,89.46,96.94,88.23,22.55
SMARTEN,Smarten Power,57.20,12.35,108.68,0.00,2.92,-56.93,127.40,36.18,17.79
MOBILISE,Mobilise App,114.00,19.40,108.44,0.00,1.31,-23.39,5.20,-4.06,39.37
517236,Calcom Vision,77.50,68.60,108.39,0.00,-0.25,-107.55,68.04,12.91,6.61
531911,Galaxy Agrico,68.18,,108.34,0.00,-1.17,-5400.00,0.00,-100.00,-3.50
544514,Jay Ambe Super.,122.00,22.25,108.34,0.00,3.36,127.03,40.93,40.51,24.49
SURYALAXMI,Suryalak. Cott.,57.51,36.66,108.15,0.00,0.83,-61.24,240.51,-2.38,6.36
519471,Ambar Protein,188.00,15.38,108.10,0.00,2.46,-0.81,146.80,14.86,17.78
ZENITHEXPO,Zenith Exports,200.17,47.20,108.09,0.00,-0.12,74.47,13.10,-37.29,4.47
NORBTEAEXP,Norben Tea,69.40,,107.88,0.00,-0.79,23.30,1.43,32.41,2.96
524572,Pharmaids Pharma,30.59,,107.88,0.00,-1.09,56.88,7.18,50.52,-18.52
CLASSICEIL,Classic Electrod,60.00,8.50,107.79,0.00,6.20,12.93,120.81,20.51,19.34
PARTYCRUS,Party Cruisers,90.00,8.72,107.47,0.00,2.82,33.02,33.33,11.58,39.65
544710,Accord Transformer,52.21,23.87,107.41,0.00,3.25,-40.37,42.35,-26.39,14.50
531813,Ganga Papers,99.50,67.09,107.35,0.00,0.76,24.59,76.12,18.62,7.51
RSDFIN,RSD Finance,82.81,8.34,107.21,0.00,-3.30,-783.72,5.58,-84.80,8.02
KCEIL,Kay Cee,87.60,5.70,107.08,0.00,9.61,-20.32,80.98,-29.47,22.30
531888,Rexnord Electr.,80.70,19.63,107.01,0.00,4.77,256.62,33.92,7.55,8.34
LOVABLE,Lovable Lingerie,71.96,13.33,106.50,0.00,2.93,23.75,6.28,-21.89,0.57
530045,Titan Securities,42.48,8.53,106.28,0.00,2.79,97.87,2.81,5.64,1.14
MOTOGENFIN,Motor & Gen Fin,27.44,,106.27,0.00,145.48,-15800.00,1.74,0.00,-0.02
JETFREIGHT,Jet Freight,22.88,15.61,106.17,0.00,3.08,1711.76,128.01,12.87,28.51
543805,Resgen,50.60,10.40,106.13,0.00,6.16,48.79,33.20,-15.89,18.80
522165,Indsil Hydro,38.12,7.06,105.94,1.31,1.09,104.29,37.79,17.73,7.97
532373,WEP Solutions,28.73,51.36,105.81,1.74,1.19,32.22,17.68,-2.54,6.06
LANDSMILL,Landsmill Green,0.75,112.55,105.80,0.00,0.29,115.18,0.00,-100.00,0.59
505693,La Tim Metal & I,8.09,13.43,105.68,0.00,2.42,143.21,123.45,76.53,14.73
530601,Jagsonpal Services,58.00,,105.59,0.00,-1.20,-57.89,0.00,,-35.47
COMPUSOFT,Compucom Soft.,13.33,148.55,105.47,1.50,1.09,-434.12,7.93,-17.48,1.85
BIOPOL,Biopol Chemicals,97.45,11.74,105.30,0.00,6.04,101.33,49.49,46.20,34.12
539219,Mauria Udyog,7.89,4.39,105.09,0.00,2.17,-9.58,70.54,-27.29,21.77
SOTAC,Sotac Pharma.,95.10,18.21,105.09,0.11,3.32,-45.66,60.06,27.41,12.55
HINDCON,Hindcon Chemical,20.51,32.50,104.99,0.00,0.76,50.91,20.60,33.42,7.85
530315,Hind.Tin Works,100.60,12.59,104.62,0.80,1.42,-58.72,96.45,-4.46,7.27
GROBTEA,Grob Tea Co,899.80,17.01,104.59,0.33,-19.01,3.13,9.76,-39.53,7.35
CLSL,Crop Life Scienc,61.00,15.04,104.55,0.00,3.76,22.96,86.90,-7.81,11.56
531119,Ceenik Exports,260.00,,104.52,4.81,-4.89,-44.25,0.00,,-18.75
MOXSH,Moxsh Overseas,111.00,48.20,104.11,0.00,4.19,3909.09,9.39,137.12,23.68
NEPHROCARE,Nephro Care,62.95,30.80,103.78,0.00,1.00,,26.75,,8.70
PRLIND,Premier Roadline,45.30,7.57,103.57,0.00,6.04,-39.20,189.79,8.16,14.83
523537,APM Industries,47.89,,103.50,0.00,-3.52,-610.45,63.14,11.42,1.08
543262,MRP Agro,90.00,25.75,103.50,0.00,0.63,-72.12,13.74,-41.16,13.69
544073,Manoj Ceramic,74.95,8.73,103.48,0.00,6.33,-5.38,119.99,22.14,12.94
531994,Auto Pins (I),180.95,382.48,103.27,0.00,0.03,-78.57,10.65,-21.05,6.77
KHFM,KHFM Hospitality,44.70,32.84,103.13,0.00,1.03,-33.55,46.82,-1.93,8.20
RTL,Rama Telecom,78.00,35.38,102.95,0.00,0.48,-86.70,27.75,18.69,11.91
531923,Dhampur.Spl.Sug.,117.65,18.15,102.72,0.00,0.59,148.28,17.31,33.77,19.67
SIL,Standard Inds.,15.89,,102.22,5.03,-7.21,-62.02,9.72,9.95,-12.79
531959,Newtime Infra.,1.94,,101.82,0.00,-3.62,-1267.74,0.95,0.00,-2.58
AARADHYA,Aaradhya Dis.,72.00,16.77,101.79,0.00,6.21,68.75,60.27,22.48,16.90
VIGOR,Vigor Plast,98.00,10.37,101.45,0.00,2.30,39.39,17.49,53.96,35.21
SYLVANPLY,Sylvan Plyboard,52.35,14.11,101.43,0.00,3.41,-2.85,132.43,-1.63,9.87
543799,S. V. J. Enterp.,181.90,138.82,101.34,0.00,0.62,244.44,4.03,80.72,6.28
VAISHALI,Vaishali Pharma,7.76,24.34,101.24,0.00,0.41,,26.93,,
539401,Patdiam Jeweller,234.00,8.49,101.02,0.00,2.71,-0.37,67.68,-2.08,23.68
544391,Retaggio Indust.,51.00,11.29,101.02,0.00,4.68,427.27,51.44,348.87,20.83
AAKAAR,Aakaar Medical,71.20,15.20,100.91,0.00,7.42,33.21,41.64,22.90,18.46
538926,Naturite Agro,190.35,,100.81,0.00,-1.67,-149.25,8.05,65.98,2.08
544503,Rachit Prints,204.00,21.99,100.70,0.00,2.10,-9.87,27.04,28.33,20.79
511700,Std. Capital Mkt,0.41,1.25,100.64,0.00,77.04,6.90,175.26,236.59,16.80
504080,JSL Industries,857.00,30.58,100.60,0.00,1.19,726.32,17.29,28.07,9.93
544381,Super Iron,42.99,6.04,100.57,0.00,16.31,338.44,179.89,36.17,8.97
522251,Cenlub Industrie,215.65,12.68,100.56,0.00,3.37,27.65,23.09,11.65,13.57
ARTNIRMAN,Art Nirman Ltd,40.19,192.88,100.30,0.00,0.09,-88.31,22.48,152.02,5.85
538964,Mercury Labs,835.00,19.57,100.20,0.42,1.23,10.81,20.44,-1.06,12.06
526211,Suraj Industries,54.00,,100.04,0.00,-0.27,84.80,15.29,233.12,1.25
SEMAC,Semac Construct,319.90,13.91,99.72,0.00,4.53,392.71,74.87,2.14,10.00
DTL,Diensten Tech,120.65,,99.66,0.00,-1.75,,111.44,,
514030,Deepak Spinners,138.35,27.63,99.46,0.00,2.47,480.00,120.76,-0.61,2.89
RAJSREESUG,Rajshree Sugars,29.97,,99.31,0.00,-23.33,-64.99,153.23,8.73,2.82
BANKA,Banka Bioloo,90.77,160.25,99.23,0.00,1.60,215.82,17.67,19.07,4.98
531540,Maruti Infra.,10.57,83.27,99.09,0.00,0.42,-76.67,14.30,-36.56,6.88
SPCON,Srinibas Pradhan,126.00,12.06,99.05,0.00,4.10,32.26,44.63,-17.76,28.57
526638,Texel Industries,70.27,21.96,99.02,0.00,-1.63,-146.57,23.64,-37.94,10.42
524687,Basant Agro Tech,10.92,14.12,98.97,0.46,2.21,92.17,162.86,22.89,7.03
BAGFILMS,BAG Films,4.54,26.45,98.93,0.00,2.34,-70.28,42.93,2.48,5.55
LOYALTEX,Loyal Textile,205.05,,98.83,0.00,-24.12,72.05,81.84,-41.53,-4.10
530881,Arunjyoti Bio,5.30,,98.78,0.00,0.61,-70.24,8.20,-5.86,-0.42
544751,Mehul Telecom,93.99,9.86,98.23,0.00,5.19,83.39,106.34,64.46,57.22
509051,Indian Infotech,0.58,71.00,97.98,0.00,-3.26,41.47,35.92,773.97,0.65
530449,Rungta Irrigatn.,49.15,17.84,97.92,0.00,2.34,283.61,52.67,-18.33,7.62
521005,Titan Intech,1.04,17.54,97.89,0.00,0.51,-1.92,9.19,59.00,5.87
DUCON,Ducon Tech,3.01,8.91,97.80,0.00,1.85,-48.75,100.86,-15.49,9.33
523120,Thrive Future Habitats,86.38,,97.78,0.00,-0.68,-261.11,0.47,-28.79,-3.66
CHETANA,Chetana Educa.,47.80,7.05,97.51,0.00,4.05,27.91,50.71,14.29,18.84
EMKAYTOOLS,Emkay Taps & Cut,91.35,12.02,97.48,0.00,5.78,170.15,0.46,-98.88,3.48
MGSL,Matrix Geo Sol.,66.85,9.69,97.48,0.00,6.05,116.07,26.04,96.97,30.04
DRONE,Drone Destinatio,39.90,83.21,97.36,0.00,-0.34,95.66,20.22,82.82,6.16
541347,Parvati Sweetner,6.52,,97.24,0.00,-2.48,-234.78,15.06,31.99,-9.97
KONSTELEC,Konstelec Engg.,64.35,13.33,97.17,0.00,5.75,452.88,105.57,-3.38,11.01
532160,Guj. State Fin.,10.90,,97.13,0.00,-32.38,-1.83,4.08,1532.00,
DCG,DCG Cables,53.45,11.20,97.01,0.00,2.80,-15.41,90.66,33.36,13.45
537536,Denis Chem Lab,69.79,11.52,96.85,2.15,0.40,-43.66,46.75,12.98,14.01
514302,Vippy Spinpro,164.95,8.08,96.83,0.00,3.38,32.55,88.69,26.63,11.87
523186,B & A Packaging,195.00,13.64,96.72,0.51,1.06,-20.90,33.20,14.05,11.04
LAKSHYA,Lakshya Powertec,95.75,9.52,96.55,0.00,3.28,-61.00,91.23,-2.32,13.48
GLOBE,Globe Enterprises,2.14,8.79,96.39,0.00,1.27,2016.67,178.10,36.98,10.86
BHANDARI,Bhandari Hosiery,2.89,12.38,96.22,0.69,1.89,-28.68,90.05,0.92,7.74
PATINTLOG,Patel Integrated,13.82,10.02,96.17,2.17,2.99,60.75,96.63,11.54,8.06
544680,Narmadesh Brass,309.75,27.06,96.05,0.00,-0.76,,61.95,,10.67
RELCHEMQ,Rel. Chemotex,127.29,18.25,96.02,0.39,1.75,-4.89,88.18,7.27,7.34
VR,V R Infraspace,108.00,24.46,95.90,0.00,4.27,151.82,55.67,200.76,19.20
531802,Prerna Infra.,26.52,29.57,95.81,0.00,1.39,1350.00,0.14,-96.78,3.84
509472,Cravatex,370.85,14.24,95.68,3.51,1.60,11.11,39.51,-34.72,7.82
538564,James Warren Tea,258.15,7.69,95.52,0.00,-21.27,-75.21,3.24,-60.25,6.93
541702,Ashnisha Indus.,3.60,381.80,95.45,0.00,0.01,-90.00,5.51,429.81,0.25
539175,Starbeam Ventures,1.46,40.61,95.43,0.00,-1.72,-171.12,0.00,-100.00,7.53
AMDIND,AMD Industries,49.68,,95.22,0.00,1.30,3150.00,98.63,20.00,1.43
RHFL,Reliance Home,1.96,,95.07,0.00,-0.69,89.78,0.00,-100.00,-432.21
511200,Munoth Capital,103.70,,95.05,0.00,-0.29,-422.22,0.11,83.33,-3.08
512277,Autoriders Intl.,272.45,10.49,94.84,0.06,2.51,-21.81,28.58,14.73,17.66
523696,Fortis Malar,50.53,22.87,94.70,0.00,-0.05,-113.89,0.00,,14.65
MOKSH,Moksh Ornaments,10.72,9.60,94.60,0.00,1.85,42.31,261.38,56.21,11.43
544552,Rukmani Devi Gar,106.45,10.64,94.49,0.00,4.26,,158.42,,18.51
530723,Asit C Mehta Fin,114.50,,94.42,0.00,1.15,-44.86,14.73,-50.12,5.79
RNPL,Renol Polychem,78.00,11.43,94.26,0.00,5.87,109.64,49.92,49.28,14.50
VELS,Vels Film,73.00,,94.23,0.00,-20.14,-12.07,31.38,486.54,-12.43
512379,Cressanda Railwa,2.27,,94.18,0.00,-4.44,-387.91,0.29,-94.18,0.29
KAKATCEM,Kakatiya Cement,121.00,,94.06,2.48,-4.44,43.58,14.83,-25.29,-7.54
AKSHOPTFBR,Aksh Optifibre,5.77,,93.88,0.00,2.24,70.57,40.83,23.80,-6.63
530341,Mukesh Babu Fin.,134.65,17.69,93.86,0.89,-0.95,17.73,1.57,245.37,3.33
SELMC,SEL Mfg. Co,28.24,,93.57,0.00,-41.86,-1.28,2.32,-18.31,-13.90
MAITREYA,Maitreya Medica.,138.00,,93.51,0.00,-2.43,-1720.00,21.15,-5.16,-2.18
INVENTURE,Inventure Grow.,0.89,26.78,93.45,0.00,-5.34,-163.72,10.61,-39.68,2.22
GOYALALUM,Goyal Aluminiums,6.54,30.31,93.35,0.00,2.02,1162.50,28.51,80.90,10.14
526727,Garnet Construct,67.12,2.36,93.30,0.00,4.72,216.78,10.40,1486.67,41.03
542910,Valencia Nutrit.,47.00,85.55,93.25,0.00,0.43,-81.22,4.19,-39.54,2.56
544495,NIS Management,47.00,3.82,93.06,0.00,-14.04,115.97,116.59,13.19,12.05
EXCELLENT,Excellent Wires,208.00,61.58,92.98,0.00,1.06,37.66,12.72,8.72,9.68
513709,Shilp Gravures,151.05,10.52,92.90,1.39,0.19,56.25,23.96,3.14,11.19
RAJMET,Rajnandini Metal,3.36,,92.90,0.00,1.13,197.37,56.45,-72.93,3.85
507968,Jolly Plastic,38.10,9289.00,92.89,0.00,-0.27,-222.73,0.07,133.33,0.15
543860,J A Finance,87.00,171.56,92.64,0.00,0.17,121.52,0.69,64.29,7.80
514360,K&R Rail Engine.,24.30,,92.61,0.00,-0.85,-113.34,11.78,-92.24,8.29
PARAGON,Paragon Fine,47.30,10.23,92.55,0.00,7.06,67.70,68.88,7.41,12.79
PURVFLEXI,Purv Flexi,44.10,20.80,92.53,0.00,-1.58,-92.61,323.39,46.03,8.10
IDEALTECHO,Ideal Technopl.,185.00,33.27,92.50,0.00,0.98,-46.15,17.32,21.29,12.16
519299,Prime Industries,44.00,10.99,92.41,0.00,3.03,380.00,27.62,,26.87
542911,Assam Entrade,641.45,46.88,92.36,0.00,-0.91,-154.17,2.07,3.50,5.13
538965,Concord Drugs,70.00,88.68,92.23,0.00,0.52,5100.00,35.55,346.61,5.24
500322,Panyam Cement,114.88,,92.15,0.00,-20.20,-14.21,20.77,-0.95,-30.06
FORGEAUTO,Forge Auto,84.30,7.47,92.06,0.00,6.32,,136.33,,
530689,Lykis,47.50,14.18,92.03,0.00,1.95,382.61,145.40,136.65,11.54
512018,Tomorrow Tech.,8.01,,91.96,0.00,-0.80,23.08,0.01,-66.67,-3.39
531609,KG Petrochem,176.00,20.65,91.89,0.00,2.48,235.14,81.11,-34.87,4.37
OSWALSEEDS,Shreeoswal Seeds,10.03,12.71,91.74,0.00,2.11,283.64,56.08,116.94,19.89
530043,Acknit Indus.,301.70,11.21,91.72,0.50,3.61,14.24,66.88,2.15,9.50
522183,ITL Industries,285.70,10.14,91.55,0.35,0.58,-74.52,61.93,12.25,14.01
SMLT,Sarthak Metals,66.79,19.83,91.43,0.75,1.49,122.39,61.99,28.93,5.76
543615,Silicon Rental,79.99,8.92,91.34,1.25,5.68,-4.54,52.46,11.31,12.57
544329,Leo Dryfruits,51.00,8.66,91.25,0.00,4.76,,53.46,,
531254,Optimus Finance,12.19,15.71,91.09,0.00,2.34,15.70,56.29,24.45,11.62
523483,Pacific Inds,132.10,45.75,91.05,0.00,0.37,-83.98,38.53,-35.36,1.09
530557,NCL Res. & Finl.,0.85,,90.98,0.00,-5.59,-5690.00,0.28,-86.14,-2.53
SCML,Sharp Chucks and,75.20,9.89,90.88,0.00,2.64,-22.12,141.11,28.62,12.33
SPLIL,SPL Industries,31.25,33.08,90.63,0.00,3.96,34.69,23.28,-24.22,1.78
CURIS,Curis Lifescien.,112.00,13.07,90.55,0.00,2.71,-31.66,32.72,-4.77,21.25
500236,Kanel Indust.,57.47,,90.52,0.00,0.02,475.00,0.00,,-2.20
BVCL,Barak Valley,40.79,311.69,90.39,0.00,1.45,22.88,59.65,2.92,4.48
AAKASH,Aakash Explor.,8.92,25.81,90.32,0.00,1.88,571.43,32.65,26.70,7.93
502587,Nath Industries,47.52,13.52,90.29,0.00,-2.08,-155.32,129.59,2.76,5.44
506979,Apt Packaging,76.43,56.08,90.29,0.00,0.70,1650.00,6.62,49.44,9.74
507962,Fynx Capital,4.51,,90.20,0.00,-1.33,-43.01,2.50,2677.78,-11.93
538860,Panafic Industri,1.83,,90.17,0.00,-2.65,-13150.00,0.05,-80.00,-17.07
544741,Highness Microelectronics,174.50,21.98,90.10,0.00,3.18,245.65,8.77,19.32,27.39
517393,Reganto Enterprises,6.15,7.88,89.98,0.00,4.08,-73.91,95.93,26.42,17.19
REGENCERAM,Regency Ceramics,33.94,,89.74,0.00,-12.49,-208.99,11.26,60.40,-116.47
NIBL,NRB Indl Bearing,36.98,,89.68,0.00,-6.82,2.29,20.58,27.75,-16.17
540467,Parmeshwari Silk,297.90,9.64,89.40,0.00,2.63,17.70,64.48,9.03,11.33
531215,RTS Power Corpn.,97.40,40.23,89.30,0.00,-1.87,-35.51,48.68,-18.23,3.79
ORIENTLTD,Orient Press,89.29,,89.29,0.00,0.30,157.69,32.30,-7.42,3.48
SHREEOSFM,Shree OSFM,57.90,11.77,89.19,0.00,2.71,-51.35,76.92,9.79,12.30
509084,Photon Capital,328.05,100.15,89.13,0.00,1.20,487.10,1.57,2516.67,6.18
HAPPY,Happy Steels,62.25,12.40,88.93,0.00,,,,,15.86
507598,Kovil. Lak. Rol.,98.30,18.59,88.88,0.51,2.99,-17.31,99.86,-7.65,10.05
ROXHITECH,ROX Hi-Tech,38.75,5.04,88.88,0.00,10.48,15.04,109.94,5.87,16.15
504380,Flomic Global,48.79,285.94,88.64,0.20,3.53,82.90,108.01,-8.64,7.72
511018,MILGREY FIN.&INV,41.15,,88.64,0.00,-2.32,-23100.00,0.00,,-1.62
511626,R R Fin. Cons.,80.07,12.39,88.56,0.00,0.01,-96.13,6.29,-32.44,15.93
544538,Praruh Tech,63.50,9.40,88.46,0.00,8.42,88.37,83.51,148.84,31.93
PALASHSECU,Palash Securi.,88.31,5.50,88.34,0.00,-4.14,44.87,0.12,-99.13,2.65
506919,Makers Labs.,149.70,38.87,88.33,0.00,3.56,2825.00,35.75,5.46,9.28
SELLOWRAP,Sellowrap Indus.,64.00,8.61,87.96,0.00,1.77,-35.14,67.81,41.30,14.04
532015,Gravity (India),11.27,6.84,87.93,0.00,6.83,2376.67,99.24,,158.68
506186,Galaxy Supermarket,17.65,64.13,87.86,0.00,1.67,54.55,11.85,120.26,60.30
535620,Binny Mills,340.00,,87.83,0.00,-10.97,-280.90,4.07,138.01,
CINEVISTA,Cinevista,15.29,14.40,87.82,0.00,0.82,103.17,7.30,-36.36,14.45
538092,Shri Vasuprada,106.00,,87.81,0.00,-6.56,-60.00,22.86,-30.45,-0.67
519242,Sarda Proteins,97.78,31.57,87.77,0.00,1.66,438.78,12.99,18.63,23.06
DELAPLEX,Delaplex,96.30,6.83,87.73,0.00,5.71,-3.10,31.72,0.38,20.14
FIBERWEB,Fiberweb (India),30.43,8.75,87.61,0.00,-1.52,-130.34,9.72,-63.68,7.57
543239,G M Polyplast,65.00,10.58,87.49,0.00,4.77,24.87,58.42,9.63,25.46
VIAZ,Viaz Tyres,61.00,16.56,87.27,0.00,3.26,59.80,65.74,127.63,12.99
MYMUDRA,My Mudra Fin.,76.50,7.26,87.15,0.00,6.63,7.98,58.89,26.29,26.18
ABAN,Aban Offshore,14.93,,87.14,0.00,29.56,110.69,91.31,-21.49,
540519,Meera Industries,40.67,115.81,86.86,1.23,-0.64,-277.78,8.81,12.80,4.69
540730,Mehai Technology,1.16,11.80,86.84,0.00,3.17,322.67,58.77,39.73,6.69
KAYTEX,Kaytex Fabrics,59.00,4.98,86.73,0.00,8.83,-0.45,86.65,4.35,23.25
AMBANIORGO,Ambani Orgochem,112.50,63.35,86.16,0.00,1.16,190.00,133.09,18.87,10.48
534064,Alliance Integ.,2.18,,86.10,0.00,-27.44,-42.80,17.17,-38.39,
524408,Universal Starch,204.95,6.56,86.08,0.00,9.63,227.55,152.36,10.29,18.45
KEN,Ken Enter.,35.00,5.58,85.98,0.00,9.86,36.94,358.98,34.26,24.99
543713,Droneacharya Aer,35.83,226.18,85.95,0.00,-1.56,89.66,5.09,-33.20,1.03
519287,Modern Dairies,30.20,17.59,85.83,0.00,0.32,-98.21,92.18,1.23,13.72
USASEEDS,Upsurge Seeds,85.10,11.47,85.83,0.00,4.94,-16.41,63.60,-26.06,11.00
538706,Ultracab India,6.98,15.32,85.82,0.00,1.33,-43.75,79.90,9.53,8.46
544074,Shri Balaji,105.00,10.01,85.68,0.00,5.19,20.70,55.46,25.93,17.87
526137,Shetron,94.99,22.86,85.49,1.05,0.96,284.00,61.34,12.49,12.59
544257,Sodhani Academy,149.80,24.59,85.31,0.33,1.43,-23.94,1.58,-45.33,26.62
526492,Rishiroop,93.03,12.72,85.25,1.61,-5.62,-135.15,21.36,13.92,6.51
524336,Sh. Hari Chem.,134.95,20.19,85.19,0.00,1.06,5200.00,41.22,17.67,11.37
543435,Clara Industries,33.12,47.24,85.03,0.00,1.18,-0.84,9.43,23.27,4.73
KOHINOOR,Kohinoor Foods,22.92,,84.97,0.00,87.63,105.93,27.74,41.10,-1.08
PARSVNATH,Parsvnath Devl.,1.95,,84.86,0.00,-149.47,-54.84,61.04,4.81,-0.98
544676,Yajur Fibres,37.39,11.28,84.81,0.00,5.47,-37.41,50.89,-17.25,8.96
MAYASHEEL,Mayasheel Vent.,38.45,5.22,84.78,0.00,3.28,18.35,125.87,10.65,27.59
514280,Sanrhea Tech.,148.95,14.92,84.75,1.01,2.36,45.68,21.29,13.06,23.23
533202,Satchmo Holdings,5.81,5.99,84.73,0.00,-4.70,-80.08,1.29,892.31,
544370,Nukleus Office,210.00,39.57,84.67,0.00,0.97,-14.91,18.56,29.16,7.08
513507,Guj. Containers,149.65,11.46,84.55,1.00,2.34,40.96,36.90,1.32,16.32
ZENITHDRUG,Zenith Drugs,49.25,20.30,84.46,0.00,1.61,-4.73,93.00,41.70,9.05
539218,Saumya Cons,122.00,,84.26,0.00,-13.29,-7.61,-7.12,-1994.12,-5.33
507852,Addi Industries,78.02,35.69,84.23,0.00,0.35,-57.83,5.12,,4.37
FONEBOX,Fonebox Retail,82.00,12.37,84.13,0.00,4.53,60.07,311.35,74.84,25.33
537800,Mangalam Industr,0.59,,84.08,1.69,-1.76,-1860.00,1.75,90.22,-1.93
540654,Globalspace Tech,24.46,29.50,84.07,0.00,2.45,1733.33,16.04,83.31,4.55
WOL3D,WOL 3D India,130.30,12.60,84.07,0.00,2.84,6.77,56.06,119.76,20.65
531273,Radhe Develop.,1.53,,83.98,0.00,-1.20,-130.93,0.00,-100.00,4.32
544199,Gem Enviro,37.20,18.04,83.89,0.67,1.23,-18.00,40.73,10.05,12.06
526709,BITS,7.49,110.25,83.79,0.00,0.16,128.57,0.44,41.94,3.67
531688,Prithvi Exchange,101.50,25.14,83.73,1.97,-0.37,366.67,940.75,30.42,8.18
KEL,Kundan Edifice,81.45,10.77,83.67,0.00,3.26,-23.47,50.51,0.40,19.09
540613,Gautam Exim,33.88,379.59,83.51,0.00,0.02,-50.00,17.86,-15.28,5.56
539353,SAL Automotive,173.85,17.81,83.37,1.44,0.93,-1.06,88.79,0.77,11.83
544353,Amwill Health,41.58,7.28,83.17,0.00,7.55,79.33,24.29,39.36,20.52
BLBLIMITED,BLB,15.70,2.49,83.00,0.00,4.34,243.71,71.61,21.56,40.25
511523,Veerhealth Care,41.49,123.84,82.97,0.00,-0.35,-470.00,16.76,198.22,7.21
ZENITHSTL,Zenith Steel,5.83,26.42,82.95,0.00,1.39,-96.30,11.29,-54.51,
522294,T & I Global,163.60,11.91,82.91,0.00,0.05,102.16,41.72,55.67,10.54
SERVICE,Service Care Ltd,62.20,16.51,82.90,0.00,2.55,896.88,101.11,6.24,10.78
ENERGYDEV,Energy Devl.Co.,17.45,63.27,82.89,0.00,-13.76,63.59,4.17,47.87,14.27
544047,Siyaram Recycli.,38.03,21.86,82.86,0.00,0.71,-89.70,149.84,-43.65,7.34
543515,Sunrise Efficie.,43.24,8.34,82.85,0.00,4.73,-5.40,89.24,20.20,15.24
513548,Sharda Ispat,162.75,13.34,82.68,0.00,4.35,335.00,67.20,64.38,11.42
544036,Deepak Chemtex,76.00,10.01,82.57,0.00,4.14,-41.35,36.71,-9.56,19.45
530533,Terai Tea Co,119.95,15.93,82.52,0.00,0.79,115.90,33.14,79.72,3.87
540570,Variman Global,4.23,24.71,82.52,0.00,0.04,107.69,44.34,106.33,10.34
ZEAL,Zeal Global Serv,62.00,7.40,82.52,0.00,6.53,21.15,114.20,-42.16,16.57
544629,Ravelcare,120.30,16.02,82.51,0.00,1.95,30.00,12.56,-13.85,29.61
511696,Charter. Capital,273.95,30.43,82.46,0.00,-3.41,-347.10,-3.28,-223.31,2.35
511391,Inter Globe Fin,60.76,36.63,82.42,0.00,-3.60,19.82,36.62,25.41,3.17
500399,Steelco Gujarat,130.90,,82.42,0.00,-16.06,-108.30,33.64,1557.14,-12.21
508918,Ironwood Educa,49.02,20.98,82.26,0.00,0.38,171.70,22.22,2238.95,15.64
532410,Transcorp Intl.,25.69,9.86,82.24,2.34,3.91,132.74,195.99,-22.31,15.30
540786,Sharika Enterpr.,18.93,,81.97,0.00,-2.29,-151.34,21.01,20.89,-21.98
KANDARP,Kandarp Digi,91.35,44.31,81.97,0.00,1.13,-15.67,16.35,4.01,11.22
LPDC,Landmark Prop.,6.10,54.92,81.83,0.00,1.28,3300.00,5.76,,4.86
526479,Sky Industries,103.51,13.30,81.67,0.97,1.76,44.63,20.46,9.24,13.27
539773,Advik Capital,1.34,,81.54,0.00,-20.87,-383.95,-2.83,-122.11,8.42
541778,Deep Polymers,33.56,12.18,81.15,0.00,2.64,576.92,26.55,15.43,8.75
530545,COSCO (India),195.00,81.14,81.14,0.00,0.98,174.81,52.76,14.55,4.89
524614,IEL,6.21,449.83,80.97,0.00,0.59,368.18,0.42,4100.00,0.72
511147,WSFX Global,63.88,13.19,80.96,2.35,0.55,129.41,26.18,20.09,18.17
BANARBEADS,Banaras Beads,121.95,42.82,80.93,1.85,0.72,18.03,9.06,45.89,5.71
536659,PVV Infra Ltd,3.53,11.30,80.82,0.00,0.08,-84.91,21.64,223.95,10.97
DIGJAMLMTD,Digjam,40.40,34.83,80.80,0.00,-0.73,146.00,8.21,32.85,5.21
RSSOFTWARE,R S Software (I),31.26,,80.75,0.80,-7.48,-107.76,5.88,-24.32,-51.85
MARUSHIKA,Marushika Tech.,94.50,8.93,80.67,0.00,5.92,,67.79,,33.99
543848,Dev Labtech,16.99,8.42,80.62,0.00,9.23,1039.51,117.94,258.48,20.95
TOTAL,Total Transport,49.98,10.33,80.60,0.00,0.29,-93.97,154.69,-1.00,11.69
NOIDATOLL,Noida Tollbridg.,4.32,2.96,80.44,0.00,3.85,-4.90,11.24,7.66,162.47
519238,Saptarishi Agro,23.64,90.37,80.43,0.00,1.66,-47.30,20.60,-56.51,6.06
532455,Shalimar Wires,18.81,10.44,80.42,0.00,2.32,707.69,38.33,5.45,16.74
533896,Fervent Synerg.,16.08,22.09,80.40,0.00,0.20,-47.37,0.74,8.82,7.21
524136,Pee Cee Cosma,303.05,9.63,80.31,0.99,0.84,29.23,43.36,22.21,21.13
544082,New Swan,42.20,8.36,80.25,1.18,4.68,-23.99,95.16,24.41,13.44
532933,Porwal Auto Comp,53.08,8.07,80.15,0.00,0.11,-95.00,36.43,-7.14,18.01
INVICTA,Invicta Diagnos.,63.75,16.32,80.15,0.00,0.79,,15.41,,20.28
501833,Chowgule Steam,22.05,,80.06,0.00,-0.87,-495.45,0.87,-15.53,2.52
538401,M E T S,145.30,10.75,80.06,0.00,2.26,169.05,11.70,49.04,23.47
539991,Confidence Fut.,31.99,12.68,80.04,0.78,6.38,-2.36,55.84,-17.89,3.28
543443,Ascensive Educa.,19.55,22.75,79.86,0.00,1.16,-36.68,31.47,37.60,24.52
HISARMETAL,Hisar Met.Inds.,147.49,23.56,79.64,0.68,0.76,100.00,72.04,21.48,8.02
531489,CG-VAK Software,157.70,7.17,79.64,0.63,-0.02,-35.66,19.01,-3.26,20.05
HDIL,H D I L,1.68,,79.63,0.00,-2.47,-2.49,0.41,-2.38,-0.11
SADBHIN,Sadbhav Infra.,2.26,2.52,79.60,0.00,85.94,1275.68,201.68,0.97,17.62
544767,Autofurnish,58.88,21.92,79.58,0.00,1.82,,17.93,,25.17
MAL,Mangalam Alloys,32.00,5.38,78.99,0.00,2.91,-76.55,219.13,-6.31,13.06
530709,Gowra Leasing,101.60,10.65,78.72,0.00,2.88,123.26,3.96,51.15,14.62
507498,Piccadily Sugar,33.82,231.26,78.63,0.00,-1.37,-956.25,0.85,1114.29,1.33
526546,Choksi Laborator,112.80,52.38,78.57,0.00,1.03,11.96,12.82,12.46,9.64
544673,Modern Diagnost.,52.00,14.96,78.52,0.00,2.08,,39.92,,12.18
541228,Taylormade Renew,63.31,43.13,78.49,0.00,3.38,-47.10,21.35,7.77,3.39
DHARAN,Dharan Infra-EPC,0.15,,78.43,0.00,-4.19,-874.42,3.50,-43.55,-3.61
DIVYADHAN,Divyadhan Recy.,54.80,45.85,78.40,0.00,1.75,1358.33,43.28,54.24,7.14
502294,Nilachal Refract,38.45,,78.28,0.00,-0.36,98.19,0.49,36.11,-30.63
532435,Sanmit Infra,49.50,39.50,78.21,0.00,1.65,3.77,32.31,-29.64,7.65
531169,SKP Securities,114.50,7.53,77.96,1.75,1.90,63.79,10.79,27.84,21.70
WOMANCART,Womancart,96.40,11.26,77.83,0.00,2.81,-46.80,83.89,125.81,12.63
514165,Indian Acrylics,5.75,,77.81,0.00,-11.42,-100.70,74.00,-10.76,-3.31
517554,NHC Foods,1.02,6.56,77.72,0.00,6.65,644.19,258.40,92.08,11.52
531952,Riba Textiles,80.49,9.56,77.70,0.00,3.34,40.34,73.06,-11.26,10.08
544565,Valplast Technol,39.55,8.35,77.63,0.00,5.92,75.15,67.51,93.72,23.41
517238,Dynavision,202.00,9.59,77.57,0.00,4.20,296.19,3.48,1.46,19.80
530125,Samrat Pharma,251.00,,77.55,0.40,-2.04,-410.00,71.77,0.80,-2.52
539391,Acme Resources,30.08,54.54,77.44,0.00,2.35,519.64,1.74,-64.56,1.70
519457,Virat Crane Inds,37.85,,77.29,0.00,-0.78,4.88,50.46,25.52,-8.08
BIKEWO,Bikewo Green,59.25,17.17,77.28,0.00,3.27,3170.00,37.46,159.42,10.97
544327,Technichem Org.,44.61,28.41,77.27,0.00,1.48,-20.86,28.53,-5.75,6.32
544463,Repono,75.10,11.73,77.20,0.00,3.53,42.91,34.78,19.93,27.41
AMEYA,Ameya Precision,102.85,13.80,77.14,0.00,2.71,10.16,20.01,1.68,25.31
BEWLTD,BEW Engg,58.90,20.37,77.00,0.00,-2.44,-139.80,98.44,18.23,4.43
544548,Gujarat Peanut,75.00,10.43,76.97,0.00,4.20,50.00,212.50,30.14,17.93
IEML,Indian Emuls,41.95,4.75,76.91,0.00,5.93,-6.17,82.89,66.68,15.18
500421,TPI India,17.88,30.85,76.82,0.00,1.87,648.00,9.85,21.76,128.93
SHKSIL,Shri Hare-Krish.,40.00,12.38,76.76,0.00,1.55,-64.85,27.21,-35.63,7.76
543544,Jayant Infratech,74.08,9.06,76.57,0.00,3.90,-29.68,57.07,-14.28,16.68
530615,Garg Furnace,112.45,7.44,76.56,0.00,2.62,-20.12,75.37,1.63,12.80
517429,Athena Global,54.42,,76.52,0.00,-36.11,45.20,3.40,17.65,-4.76
506605,Polychem,1910.00,4.68,76.40,1.05,-1.39,-261.11,11.94,12.75,56.44
PREMIUM,Premium Plast,40.00,11.12,76.39,0.00,2.94,-23.64,36.88,9.24,17.01
539767,Mega Nirman,29.78,218.23,76.38,0.00,0.26,,3.36,83.61,1.92
CALSOFT,California Soft.,21.78,5.22,76.31,0.00,4.19,2105.26,6.63,327.74,42.02
MAXPOSURE,Maxposure,33.50,8.04,76.18,0.00,4.38,25.86,42.55,32.10,15.27
TOKYOPLAST,Tokyo Plast Intl,80.15,120.86,76.14,0.00,0.04,-91.67,22.88,33.33,3.94
ASHALOG,Ashapura Logi.,55.90,8.40,75.78,0.00,2.55,-55.81,153.32,11.57,9.63
ACCURACY,Accuracy Shippi.,5.03,19.32,75.73,0.00,2.08,166.23,160.85,-31.99,6.98
ARABIAN,Arabian Petrol.,69.45,6.72,75.64,0.00,5.21,3.37,200.25,36.98,18.41
ATAM,Atam Valves,65.88,31.21,75.52,1.29,0.86,-59.62,13.10,-10.94,8.53
522027,EMA India,745.80,,75.33,0.00,-0.48,-118.18,0.00,,-43.40
VDEAL,Vdeal System,153.50,18.05,75.07,0.00,2.88,5.11,28.35,16.43,17.18
539522,Grovy India,56.28,20.23,75.06,0.18,1.90,72.73,27.50,233.33,10.16
539697,Hiliks Technolog,69.77,89.29,75.00,0.00,0.69,2200.00,15.94,677.56,5.39
519097,Ritesh Intl.,80.00,18.61,74.98,0.00,1.05,-47.03,48.75,29.59,17.88
532057,Abhinav Capital,108.20,28.93,74.92,0.00,0.74,23.33,1.10,0.00,4.21
UTKAL,Utkal Speciality,38.35,11.21,74.91,0.00,,,,,27.96
500458,Team24 Consumer,29.20,241.61,74.90,0.00,0.07,40.00,1.11,382.61,2.39
TOUCHWOOD,Touchwood Enter.,67.29,17.55,74.57,0.00,0.70,-50.00,27.94,12.03,13.39
526899,Himalaya Food,8.79,20.09,74.53,0.00,0.78,1460.00,9.95,2.79,1.96
ARISTO,Aristo Bio-Tech,109.25,10.36,74.38,0.46,3.01,714.29,107.26,3.18,19.54
LRRPL,Lead Reclaim,86.05,18.18,74.35,0.00,3.10,219.59,17.92,-18.25,21.28
539091,Consecutive Commodities,1.16,22.45,74.31,0.00,1.20,100.00,9.22,62.90,17.44
544452,Swastika Castal,91.00,22.65,74.29,0.00,1.96,0.00,18.81,9.62,19.61
532380,Baba Arts,14.13,114.12,74.18,0.00,0.10,-77.27,5.16,77.93,3.14
523842,Super Tannery,6.87,11.02,74.18,0.73,2.70,46.24,57.24,-17.04,8.23
537253,Sunil Healthcare,72.25,18.03,74.09,0.00,1.52,355.56,19.72,-6.98,6.52
K2INFRA,K2 Infragen,58.70,5.57,74.07,0.00,5.97,-17.66,94.39,-0.99,14.69
544108,Gabriel Pet,99.00,14.02,74.05,0.00,1.73,,128.20,,
VINEETLAB,Vineet Laborator,38.52,,73.98,0.00,0.85,114.89,15.65,-13.54,-27.95
LCCINFOTEC,LCC Infotech,4.38,,73.84,0.00,-0.28,-1500.00,0.00,-100.00,-1.88
513337,Guj. Toolroom,0.53,9.56,73.80,0.00,4.87,238.19,0.00,-100.00,1.96
531977,Chart.Logistics,5.79,,73.61,0.00,-3.64,-275.26,17.72,-2.21,2.19
512477,Betex India,490.00,13.03,73.50,0.00,0.76,197.33,26.96,20.20,18.56
RILINFRA,Rachana Infra.,39.50,7.25,73.49,0.00,9.46,148.95,90.33,40.22,17.11
544769,Harikanta Overseas,74.49,11.39,73.49,0.00,4.01,,28.77,,73.12
539527,Creative Casting,565.00,16.81,73.45,1.77,1.02,-2.86,11.43,7.53,14.33
532855,Haryana Capfin,140.70,7.51,73.29,0.00,5.36,1814.29,0.30,-33.33,3.71
535267,Comfort Fincap,7.47,9.78,73.25,1.34,1.07,38.96,4.00,3.36,10.19
519566,Simran Farms,151.90,14.44,73.06,0.00,2.83,187.85,248.70,4.39,10.86
532656,Facor Alloys,3.73,,72.94,0.00,-2.10,25.53,0.13,-23.53,-17.56
542627,Chandni Machines,103.61,43.15,72.92,0.00,1.85,4525.00,0.00,-100.00,21.40
DCCL,Dar Credit & Cap,51.00,7.19,72.81,1.96,3.07,60.73,14.49,41.78,13.39
ALCODIS,Alcokraft Dist.,71.00,8.11,72.78,0.00,4.83,70.07,77.21,31.00,11.30
544304,Jungle Camps,46.95,17.97,72.77,0.00,2.39,,8.84,,9.74
AISL,ANI Integrated,62.25,13.50,72.75,0.00,0.54,-81.57,64.74,8.64,8.23
ALKALI,Alkali Metals,71.11,67.05,72.41,1.41,-0.64,44.35,17.57,-14.75,8.69
530883,Super Crop Safe,13.93,36.19,72.38,0.00,-0.16,70.91,13.59,30.80,4.86
NAGREEKEXP,Nagreeka Exports,23.14,23.63,72.31,0.00,0.43,304.76,170.10,47.23,5.31
532053,Wallfort Fin.,74.58,,72.25,0.00,-12.47,24.06,-16.07,1.41,-2.20
522001,Cranex,90.00,29.95,72.18,0.00,1.18,22.92,21.91,18.69,10.36
514322,Kamadgiri Fash.,122.85,23.41,72.11,0.00,2.10,1150.00,44.53,4.73,8.09
539041,Ganesha Ecoverse,29.28,,72.01,0.00,0.91,63.92,0.36,-86.91,-22.31
517494,Accel,12.33,10.77,71.73,2.43,3.25,477.05,42.23,-8.73,7.02
VEEKAYEM,Veekayem Fash.,122.00,7.15,71.68,0.00,6.85,46.37,266.23,34.07,14.11
531529,Softrak Venture,1.59,447.94,71.67,0.31,-0.61,29.07,0.81,8000.00,0.57
540332,Tanvi Foods,55.86,33.33,71.66,0.00,1.69,745.00,54.27,31.76,5.60
544351,Malpani Pipes,66.35,7.92,71.51,0.00,5.15,4.89,93.47,12.30,20.34
517431,Narmada Macplast,19.73,42.55,71.48,0.05,0.45,4.65,3.74,51.42,26.46
526117,Shervani Indl Sy,277.80,,71.48,1.08,-0.83,-141.29,1.49,-76.79,1.35
531126,Kati patang Life,14.22,,71.36,0.00,-3.77,-123.49,2.28,21.28,-29.11
JYOTIGLOBL,Jyoti Global,36.00,10.06,71.35,0.00,3.52,14.01,51.60,8.06,19.51
543453,Alkosign,66.00,56.53,71.23,0.00,-5.15,-180.00,11.08,-25.89,4.71
539659,Vikram Kamats,39.12,254.29,71.20,0.77,1.79,1370.00,17.12,47.46,5.73
BRACEPORT,Brace Port,63.00,19.40,71.20,1.35,2.49,-19.94,32.94,-8.58,12.08
544464,Umiya Mobile,50.00,7.74,71.10,0.00,5.41,167.82,470.91,52.56,30.97
544425,AJC Jewel,116.98,8.85,70.99,0.00,1.96,,84.11,,22.28
ODIGMA,Odigma Consultan,22.64,,70.77,0.00,0.13,44.44,13.75,-9.48,-2.20
CURAA,Cura Tech.,71.37,,70.66,0.00,-1.48,-492.00,0.45,,-7.74
531398,Source Natural,109.75,20.78,70.65,0.00,1.24,96.83,21.03,30.86,17.59
ITTL,Innovative Tyres,70.65,,70.65,0.00,-0.17,97.60,47.28,73.25,0.65
GENSOL,Gensol Engineer.,18.35,0.69,70.55,0.00,17.86,32.52,344.51,56.42,14.33
512047,Royal India Corp,5.97,1.33,70.43,0.00,47.34,334.31,0.00,-100.00,49.30
ACCORD,Accord Synergy,202.35,52.83,70.26,0.00,0.18,162.07,17.68,22.78,9.24
540204,Eiko Lifescience,48.93,15.60,70.19,0.00,1.50,56.33,18.34,62.73,11.08
PRAKASHSTL,Prakash Steelage,4.01,83.55,70.18,0.00,0.04,-84.62,24.81,16.42,10.45
540590,Riddhi Corporate,58.99,7.82,70.00,0.83,1.67,-29.54,137.50,103.95,12.14
507960,Gujarat Hotels,184.50,12.23,69.93,1.63,1.47,5.00,0.95,17.28,14.07
SIDDHICOTS,Siddhi Cotspin,28.55,7.23,69.68,0.00,4.20,-39.48,258.45,19.35,10.64
AJOONI,Ajooni Biotech,4.03,16.07,69.41,0.00,0.95,-38.31,60.62,107.11,6.49
523019,B N Rathi Sec.,16.58,7.33,69.22,3.02,2.62,592.11,14.85,77.42,18.94
DIGIDRIVE,Digidrive Dist.,17.95,11.77,69.22,0.00,-1.99,-131.69,9.68,-7.28,3.06
512297,Shantai Indust.,92.28,,69.21,0.00,-0.41,-612.50,1.56,-78.42,-15.13
TRUST,Trust Fintech,29.00,8.41,69.09,1.72,3.93,-5.30,21.50,47.56,10.21
RKEC,RKEC Projects,26.73,7.28,69.02,0.00,1.71,-73.07,32.65,-72.56,14.11
INTEGRITY,Integrity Infra.,160.00,9.97,68.80,0.00,4.50,240.91,108.89,73.14,35.61
524663,Bharat Immunolog,15.86,,68.48,0.00,-4.92,-59.74,0.00,-100.00,-9.27
531663,Yuvraaj Hygiene,7.55,20.68,68.45,0.00,0.88,-40.94,12.18,33.85,29.67
526488,Bhudevi Infra,149.00,569.83,68.38,0.00,1.55,381.82,2.88,388.14,1.12
513005,Chrome Silicon,41.50,,68.04,0.00,-2.56,96.58,0.00,-100.00,-17.41
544349,H.M. Electro,49.61,6.97,67.96,0.00,7.38,47.01,98.43,29.05,18.33
PIONEEREMB,Pion. Embroider.,22.05,,67.95,0.00,4.17,199.28,86.03,-3.08,2.24
526365,SwarnsaritaJewel,32.54,5.60,67.94,0.00,-6.78,-70.78,236.65,49.90,10.65
531278,Elixir Capital,116.75,22.40,67.86,1.07,-7.34,9.98,-1.10,-389.47,6.61
507474,Kothari Ferment.,45.23,,67.85,0.00,1.27,20.95,32.47,0.90,0.24
535719,Ampvolts,26.37,43.74,67.80,0.00,0.13,-89.17,11.28,1112.90,5.62
533289,Kesar Terminals,62.00,54.63,67.74,2.82,2.26,91.53,9.48,9.09,7.77
526409,KKalpana Inds.,7.20,85.73,67.73,0.00,0.03,-91.18,9.80,-0.31,2.03
UMAEXPORTS,Uma Exports,20.03,80.62,67.72,0.00,0.37,106.93,263.93,-42.48,9.25
515085,Restile Ceramics,6.89,,67.71,0.00,-0.16,-45.45,1.67,122.67,-1.04
544388,Identixweb,64.50,12.59,67.35,0.00,2.51,60.47,7.26,65.75,26.63
544834,Gulf Lloyds (India),,15.65,67.29,,,,,,
DAMODARIND,Damodar Indust.,28.84,19.15,67.20,0.00,0.92,-71.34,111.50,30.95,7.06
ONYX,Onyx Biotec,37.05,,67.18,0.00,0.69,-64.97,34.88,9.69,1.14
543244,Shine Fashions,25.00,7.11,67.16,0.06,-2.26,29.76,58.16,22.86,30.03
531861,Joindre Capital,48.53,11.52,67.15,4.12,8.28,-20.48,9.91,1.43,12.39
531591,BAMPSL Sec.,19.72,167.80,67.12,0.00,-1.27,-509.68,6.56,25.91,1.54
BONLON,Bonlon Industrie,40.92,22.05,67.04,0.00,0.99,130.23,100.64,-31.11,5.76
539198,Capfin India,147.25,,66.97,0.00,-0.27,18.18,0.06,0.00,-9.32
PARAMATRIX,Paramatrix Tech.,58.00,25.57,66.75,0.00,-0.38,-109.68,14.77,0.14,4.18
NGIL,Nakoda Group,38.05,44.49,66.73,0.00,0.74,130.33,11.10,-20.60,8.42
ROML,Raj Oil Mills,44.51,14.28,66.71,0.00,0.51,-61.07,41.63,29.25,19.26
543622,Steelman Telecom,68.85,,66.62,0.00,-5.80,-271.14,113.50,-12.31,-3.56
PARASPETRO,Paras Petrofils,1.99,,66.51,0.00,-1.29,-59.26,0.00,,-1.74
519463,IB Infotech,51.92,38.44,66.50,0.19,0.26,100.00,0.23,-79.09,48.04
IL&FSTRANS,IL&FS Transport,2.02,,66.45,0.00,-248.01,-1100.85,806.58,7.66,-18.13
526544,SGL Resources,2.65,,66.38,0.00,-0.40,-165.57,-8.27,-203.76,1.67
523232,Cont. Petroleums,69.99,19.55,66.28,0.00,0.63,85.29,20.87,-22.56,9.51
SYNOPTICS,Synoptics Techno,78.10,16.19,66.23,0.00,0.69,18.97,27.41,39.35,7.22
512093,Cranes Software,3.44,,66.03,0.00,0.25,,2.57,-17.10,
530175,Odyssey Tech.,41.41,16.42,66.02,2.41,1.71,0.00,7.66,2.82,9.35
542459,Kranti Industrie,51.69,28.80,65.96,0.00,-0.26,50.00,30.23,45.06,7.05
540360,Leading Lea. Fin,1.17,3.54,65.94,0.00,-7.08,-367.17,55.45,418.22,6.63
539314,Universal Auto.,52.99,,65.89,0.00,-1.55,-164.32,59.44,15.40,-0.21
AGRITECH,Agri-Tech India,110.59,,65.69,0.00,-0.03,70.00,0.20,66.67,-1.11
JHS,JHS Sven.Lab.,7.49,,65.47,0.00,-3.57,12.93,32.70,29.92,-0.78
524204,Teesta Agro Ind.,116.35,7.93,65.27,0.00,3.13,-15.63,32.64,-17.24,8.88
506734,Mysore Petro,98.90,141.54,65.11,2.02,3.02,33.63,21.59,190.19,0.34
532975,Telogica,9.95,45.45,65.00,0.00,0.96,100.00,14.36,89.45,7.78
544185,Adtech Systems,54.52,18.99,64.95,1.83,0.49,-43.68,15.96,33.56,9.31
540651,Jigar Cables,71.95,36.02,64.84,0.00,1.21,30.11,31.72,-26.90,8.57
514358,Everlon Fin.,104.50,,64.79,0.00,-2.99,47.36,0.64,-83.29,-25.65
539216,Garment Mantra,1.12,20.62,64.76,0.00,-4.91,-477.69,60.93,73.89,7.72
539098,Filtra Consult.,59.00,17.34,64.69,3.39,1.63,143.28,50.25,15.46,19.20
AUSL,Aditya Ultra,26.00,16.06,64.57,0.00,3.42,-17.19,221.10,-18.99,7.36
540481,Classic Leasing,52.66,57.60,64.51,0.00,0.46,475.00,0.51,104.00,10.83
MARCO,Marco Cables,34.50,15.36,64.51,0.00,1.19,-51.82,48.79,-22.15,14.92
SLONE,Slone Infosys.,122.30,7.15,64.44,0.41,4.41,63.94,140.32,143.36,25.97
511411,Shristi Infra,29.00,,64.38,0.00,-9.15,-343.35,15.59,-62.30,-0.56
517170,Edvenswa Enter,22.01,7.73,64.30,0.00,0.42,-89.18,32.37,0.90,4.36
524534,Bhaskar Agrochem,123.35,12.96,64.26,0.81,-0.82,-210.81,28.58,28.10,19.64
SIGNORIA,Signoria Creatio,135.00,15.33,64.23,0.00,2.36,,19.83,,18.61
DIGIKORE,Digikore Studios,50.60,5.07,64.09,0.00,6.53,165.10,31.55,134.05,24.67
526931,Hariyana Ship,103.70,5.82,63.98,0.00,-9.36,713.04,0.00,,11.79
SAMAY,Samay Project,41.55,9.98,63.78,0.00,4.00,87.79,30.06,59.05,27.70
BIRDYS,Grill Splendour,92.10,,63.75,0.00,-7.47,21.21,5.22,-10.77,-28.50
ADDICTIVE,Addictive Learn,40.00,,63.64,0.00,-4.65,-205.92,33.83,-12.74,-0.11
509053,Banas Finance,7.10,5.61,63.60,0.00,6.81,-19.98,20.81,407.56,7.86
514402,Eco Hotels,12.10,,63.57,0.00,-5.50,-467.01,2.47,1800.00,-18.10
OMFURN,Omfurn India,53.95,10.08,63.52,0.00,4.14,36.63,53.38,22.07,14.06
505650,Skyline Millars,15.75,,63.35,0.00,-0.46,-270.37,0.00,-100.00,-4.46
507872,Ashnoor Textile,39.75,7.47,63.33,0.00,1.47,-3.29,25.77,-37.38,9.94
SEL,Sungarner Energ.,273.00,16.53,63.30,0.00,2.81,234.52,48.95,124.85,23.45
517288,Gujarat Poly,73.95,2.26,63.23,0.68,0.12,-80.00,4.23,2.92,104.50
544259,Popular Found.,31.00,62.54,63.17,0.00,0.09,-93.53,27.78,-19.90,4.07
ATLASCYCLE,Atlas Cycles,97.10,,63.15,0.00,-2.56,-361.22,1.45,-60.49,-2.05
538862,My Money Sec.,37.44,14.94,62.90,0.00,2.86,226.55,-0.22,-15.79,14.69
539552,F Mec Intl. Fin.,12.86,12.48,62.89,0.00,3.16,857.58,8.02,307.11,16.75
544711,Kiaasa Retail,34.50,5.63,62.89,0.00,4.54,,76.71,,16.11
517063,Jetking Infotrai,99.35,,62.63,0.00,-2.54,-95.38,4.28,-21.32,-1.42
526445,Indrayani Biotec,8.02,,62.61,0.00,0.11,-75.00,35.01,102.14,2.88
542376,SPA CAPT SER,203.30,71.02,62.50,0.00,0.44,345.45,10.95,-21.84,3.64
544059,Shanti Spintex,37.00,6.31,62.49,0.00,2.97,,321.73,,
NAMAN,Naman Industries Proxima,47.80,,62.46,0.00,-2.61,-277.55,73.59,-17.44,-0.35
544475,Essex Marine,40.89,9.80,62.41,0.00,2.96,0.00,28.00,13.87,20.19
544648,Unisem Agritech,54.99,11.76,62.31,0.00,3.50,,51.34,,44.47
GREENLEAF,Greenleaf Envi.,105.00,8.61,62.26,0.00,4.34,26.90,39.54,38.88,34.47
540361,Danube Industrie,6.83,45.70,62.15,0.00,0.26,-56.67,33.51,-10.02,7.44
516032,Tahmar Enterp.,3.98,,62.00,0.00,-3.58,-84.54,0.32,-3.03,-2.39
VILINBIO,Vilin Bio Med,40.65,32.12,61.99,0.00,1.78,1680.00,32.60,215.89,10.77
539545,Apoorva Leasing,30.98,193.38,61.88,0.00,0.06,120.69,0.72,305.71,0.23
542046,Vivid Mercantile,6.17,5.73,61.86,0.00,1.44,1957.14,26.25,1041.30,23.13
CTE,Cambridge Tech.,31.50,128.83,61.84,0.00,3.84,161.64,39.88,-21.08,6.06
544798,Diksha Polymers,119.00,15.01,61.84,0.00,,,,,33.23
501430,Bombay Cycle,1541.70,25.38,61.67,0.32,0.47,172.31,3.91,55.16,9.42
MHHL,Mohini Health,33.80,,61.64,0.00,-11.23,-143.48,70.92,-7.09,-2.69
543902,Retina Paints,39.99,95.84,61.34,0.00,0.44,-53.68,15.74,6.35,4.84
544287,Mangal Compuso.,45.03,10.13,61.27,1.11,3.45,85.48,19.21,22.12,16.91
KHAITANLTD,Khaitan (India),128.83,10.10,61.19,0.00,2.94,-14.53,36.16,41.42,20.10
SUNTECH,Suntech Infra.,31.60,4.48,61.19,0.00,10.73,10.62,108.64,14.61,16.29
544472,Mehul Colours,58.00,11.72,61.18,0.00,1.93,-34.58,16.19,34.80,23.42
GATECH,GACM Tech,0.48,7.80,61.09,0.00,1.57,2.61,4.85,17.15,10.07
523650,Yash Innoventure,38.11,,61.09,0.00,-0.86,66.27,0.00,,-3.85
523620,Phaarmasia,89.40,30.99,61.06,0.00,-0.70,-32.08,7.73,42.36,16.39
PSFL,Paramount Specia,31.00,14.32,61.01,0.00,2.07,-27.87,61.61,-1.57,9.41
544546,Chatterbox Tech,43.08,6.62,60.93,0.00,4.50,-11.76,48.24,50.00,25.98
MALUPAPER,Malu Paper,35.68,,60.87,0.00,1.28,120.81,123.52,30.81,-9.01
543286,Artemis ADR Marketplace,101.55,,60.86,0.00,-0.72,0.00,0.20,-47.37,-4.77
535387,Lakhotia Poly.,58.10,10.71,60.85,0.00,0.45,-54.08,3.22,212.62,11.16
531979,Hind Aluminium,96.55,13.98,60.83,0.00,1.04,-78.38,1.18,-46.61,-2.70
539220,Mishka Exim,42.04,30.68,60.75,0.00,0.69,475.00,3.42,129.53,11.34
SUNDARAM,Sundaram Multi.,1.28,21.98,60.66,0.00,1.17,211.58,44.35,11.85,3.80
517437,Dutron Polymers,101.00,22.44,60.60,1.49,0.49,36.11,23.02,-2.62,11.70
RAJTV,Raj Television,11.67,76.68,60.58,0.00,0.22,104.91,21.32,-1.89,2.63
DELTAMAGNT,Delta Manufact.,55.83,,60.58,0.00,-2.62,17.54,18.49,18.60,-0.45
523844,Constronics,48.25,21.44,60.45,0.00,0.17,-83.33,7.15,-61.20,7.90
538611,Real Touch Fin,47.50,11.62,60.29,0.00,0.97,42.65,11.32,44.57,11.13
544635,Luxury Time,72.98,10.72,60.24,0.00,3.05,91.82,31.83,29.76,28.30
526095,Ravi Leela Gran,56.74,6.05,60.06,0.00,3.89,1791.30,22.68,40.09,20.89
530617,Sampre Nutrition,6.32,19.50,60.05,0.00,1.35,118.37,15.10,94.34,2.69
532820,E-Land Apparel,12.50,,59.99,0.00,-10.33,-243.94,88.55,-14.49,
539217,Srestha Finvest,0.34,,59.76,0.00,0.47,101.76,1.29,37.23,-5.57
MILTON,Milton Industri.,35.15,33.19,59.74,0.00,1.12,55.56,24.40,11.31,5.98
531677,Aris Interna.,398.15,,59.72,0.00,-0.35,-600.00,0.00,-100.00,-39.19
507984,Desi Farms India,602.00,,59.60,0.00,-0.44,-131.58,0.11,-65.62,100.00
544426,Icon Facil.,75.57,13.44,59.40,0.00,2.89,33.94,34.45,15.22,23.41
544483,Icodex Publish.,37.98,8.38,59.39,0.00,1.59,-65.66,12.04,9.16,24.87
544121,Rudra Gas,71.20,6.89,59.37,0.00,5.75,40.24,70.91,17.28,22.55
CADSYS,Cadsys (India),59.20,,59.21,0.00,-8.60,110.64,47.31,16.30,-14.11
544768,M R Maniveni,30.25,15.34,59.21,0.00,,,,,17.35
544804,Riyaasat Life,55.10,11.41,59.20,0.00,10.08,-8.78,27.54,38.05,27.84
526640,Royale Manor,29.78,24.71,59.06,0.00,1.56,-13.81,7.08,-5.35,5.81
532183,Gayatri Sugars,7.94,58.42,59.00,0.00,46.50,19.69,243.81,24.86,12.40
AGROPHOS,Agro Phos India,29.04,8.35,58.88,3.44,-0.29,-123.93,32.23,7.04,15.05
HGM,Handson Global,46.73,,58.86,0.00,-2.15,-262.88,12.67,129.95,-0.37
SAJHOTELS,Saj Hotels,36.50,20.37,58.86,0.00,0.85,7.78,4.65,-1.48,5.02
SANGANI,Sangani Hospital,42.70,19.68,58.83,0.00,2.51,123.60,86.49,673.61,17.37
520155,Starlog Enterp.,39.29,,58.81,0.00,-5.80,-89.91,2.40,-15.49,-15.05
CRAYONS,Crayons Advertis,24.05,15.62,58.75,0.00,0.68,-94.03,171.88,26.88,5.55
514171,Ceeta Industries,40.49,99.51,58.71,0.00,0.16,420.00,3.94,-21.51,3.62
508494,Warren Tea,49.10,,58.67,0.00,-0.63,17.53,0.00,,-1.82
REFRACTORY,Refractory Shap.,26.90,12.24,58.64,0.00,0.15,-95.18,22.61,-35.84,10.68
532159,Trescon,8.07,,58.50,0.00,-2.00,-2250.00,13.18,40.96,0.94
540738,Shreeji Translog,8.37,18.51,58.49,0.00,1.14,83.87,62.27,21.60,7.72
SECURKLOUD,SecureKloud Tech,17.47,,58.37,0.00,-7.20,-334.41,8.55,-38.58,-5.97
SFML,Supreme Facility,23.50,5.22,58.35,0.00,3.42,97.93,263.93,31.24,10.39
523550,Krypton Industri,39.68,22.09,58.33,2.52,0.77,450.00,16.14,14.79,11.22
530577,Ladderup Finance,55.00,15.98,58.31,0.00,2.97,334.43,11.07,204.96,9.01
530789,Ceejay Finance,168.45,7.53,58.12,0.71,2.11,32.70,6.79,-9.35,11.40
TRU,TruCap Finance,4.88,,58.00,0.00,-17.71,74.85,14.50,-58.95,-14.42
MMEL,Moving Media,30.75,4.59,57.83,0.00,10.37,51.61,31.92,41.61,19.03
539143,Panth Infinity,10.48,1.48,57.81,0.00,18.73,12386.67,59.85,294.01,
ANMOL,Anmol India,10.14,5.11,57.71,0.00,2.51,56.88,308.51,-1.82,8.79
519331,VSF Projects,35.29,,57.70,0.00,-0.18,-700.00,0.00,,-0.14
540405,Oceanic Foods,51.27,8.56,57.68,0.00,1.87,23.84,39.11,-11.40,15.97
544365,Shanmuga Hos.,42.20,13.65,57.45,0.00,2.20,21.55,22.82,-1.76,12.62
RCDL,Rajgor Castor,24.00,4.54,57.40,0.42,10.99,50.75,593.23,70.72,16.58
513149,Acrow India,896.65,133.47,57.39,0.00,-0.02,92.59,1.05,-67.59,2.65
TFL,Transwar.Fin.,10.41,,57.38,0.00,-1.40,-58.70,4.05,16.05,-0.38
521216,Dhanalaxmi Roto,73.38,8.33,57.24,2.04,0.60,-83.74,73.57,76.94,15.64
543497,Bhatia Colour,39.85,13.64,57.14,0.00,1.03,-38.69,82.70,26.07,8.01
532333,HB Portfolio,53.05,211.48,57.10,1.89,-3.44,-12.42,11.75,173.26,0.72
524322,Kabra Drugs,24.07,11.50,57.06,0.00,1.06,171.79,35.41,,20.80
526193,Royal Cush. Vin.,15.59,,57.04,0.00,-0.42,-108.71,11.76,-21.65,-0.17
530757,Shentracon Chem.,128.45,814.43,57.01,0.00,0.09,-33.33,0.05,,
541445,Waa Solar,42.95,87.66,56.98,0.00,-1.17,-114.19,18.96,36.80,3.28
3PLAND,3P Land Hold.,31.57,26.07,56.83,0.00,0.42,13.51,1.01,10.99,2.38
524564,Gayatri BioOrga.,7.21,,56.81,0.00,-0.42,-147.06,0.00,,-92.02
544157,Vruddhi Engineer,225.00,18.44,56.78,0.00,2.02,83.64,29.60,64.72,29.89
BALKRISHNA,Balkrishna Paper,17.54,,56.51,0.00,-2.76,-55.07,0.89,-46.71,
531592,Genpharmasec,1.02,35.30,56.48,0.00,1.36,555.56,55.43,295.65,2.58
544143,Royal Sense,105.50,7.89,56.44,0.00,3.10,-21.72,59.89,50.82,26.15
512485,Dhanlaxmi Cotex,115.85,705.38,56.43,0.00,-0.22,89.47,2.52,189.66,0.11
507180,Kesar Enterprise,5.59,,56.35,0.00,-7.34,55.13,166.32,163.21,-25.16
GANGAFORGE,Ganga Forging,1.67,,56.28,0.00,1.06,174.55,7.19,-7.23,-6.43
DELTIC,Delta Auto.,36.80,8.58,56.27,0.00,3.10,-47.28,37.54,-28.28,11.81
544800,Anubhav Plast,51.15,8.11,56.27,0.00,,,,,27.99
538556,Arman Holdings,107.90,59.18,56.22,0.00,0.64,392.31,1.79,-51.23,18.65
509597,Hardcast.& Waud,826.40,11.40,56.20,0.00,2.05,2177.78,3.36,89.83,11.24
522005,Austin Engg Co,161.50,11.61,56.20,0.00,1.20,34.83,30.79,4.13,10.44
544308,Hilltone Softwar,42.64,374.60,56.19,0.00,-0.27,42.55,2.31,14.36,0.74
CLCIND,CLC Industries,54.05,,56.18,0.00,-0.02,99.51,44.35,-20.18,-4.60
532701,Cella Space,27.88,12.37,56.18,0.00,3.23,146.56,5.31,4325.00,14.83
532164,Minolta Finance,1.12,,56.00,0.00,-0.07,-75.00,5.38,1482.35,6.31
531190,Eforu Entertainment,93.63,64.34,55.98,0.00,-0.01,-104.55,0.00,-100.00,12.51
544688,Kasturi Metal,53.85,14.35,55.98,0.00,1.50,970.59,32.33,28.50,19.30
FCONSUMER,Future Consumer,0.28,,55.92,0.00,-27.82,-146.37,115.27,1.20,12.02
FMNL,Future Market,9.21,7.05,55.85,0.00,1.96,108.79,25.43,5.08,9.28
526471,Winsome Brew.,20.16,,55.78,0.00,-1.77,-311.63,0.00,,-1.28
543208,Regis Industries,2.16,73.36,55.75,0.00,-0.85,-273.47,1.97,194.03,2.86
511153,Anjani Foods,19.94,56.87,55.73,0.00,0.03,72.22,15.11,5.89,10.86
PALREDTEC,Palred Technolog,45.51,,55.67,0.00,-1.23,78.87,21.84,24.80,-1.49
511577,Mantra Capital,15.51,,55.66,0.00,-3.96,-54.69,5.84,142.32,-9.31
530249,Bridge Securitie,14.30,35.86,55.59,0.00,0.39,181.25,0.80,,43.60
500346,Punjab Commun.,46.22,18.64,55.56,0.00,0.30,-78.72,7.02,42.68,10.20
522231,Conart Engineers,88.00,14.82,55.26,0.00,1.11,-11.20,15.61,-28.66,14.98
530213,Fortune Interntl,78.50,12.23,55.26,0.00,1.77,247.06,0.00,,-0.28
523672,Flex Foods,44.26,,55.10,1.13,-2.49,52.48,56.28,23.67,-5.20
531667,RR Metalmakers,61.15,,55.09,0.00,2.21,63.64,30.04,1801.27,2.05
531417,Mega Corp.,2.75,59.78,55.00,0.00,0.13,-7.14,1.96,13.95,6.79
523007,Ansal Buildwell,74.51,67.89,54.99,1.34,-1.51,-133.33,13.12,-13.80,4.40
539121,Palco Metals Ltd,137.05,8.59,54.82,0.00,3.04,198.04,80.75,13.59,25.60
531996,Odyssey Corpn.,6.12,11.55,54.77,0.00,5.20,946.67,21.46,63.44,6.57
ORCHASP,Orchasp Ltd,1.58,52.13,54.74,0.00,0.11,-96.36,1.61,-77.03,0.84
544445,Asston Pharmaceu,64.24,14.13,54.68,0.00,0.48,-75.38,10.05,10.80,16.80
532140,Mohite Industrie,2.71,15.05,54.47,0.00,0.36,175.00,30.25,-13.72,6.89
536737,Amrapali Capital,55.66,11.20,54.44,0.00,4.41,328.16,8275.39,17669.79,9.02
NEWJAISA,Newjaisa Tech,15.20,,54.38,0.00,-12.52,-168.67,17.24,-46.01,-24.48
516078,Jumbo Bag,64.92,9.03,54.34,0.00,1.22,7.02,26.96,-14.79,14.63
ROLLT,Rollatainers,2.17,,54.28,0.00,-0.06,86.05,0.00,,-11.54
KSR,KSR Footwear,29.52,,54.25,0.00,5.07,210.22,60.29,9.04,-10.02
538634,Vasundhara Rasy.,170.55,9.36,54.20,1.17,2.48,451.11,11.89,53.22,20.03
KLL,Kaushalya,29.10,4.41,53.92,0.00,5.42,-5.24,1212.38,61.06,16.95
502901,Jamshri Realty,76.94,,53.75,0.00,0.18,80.00,1.69,-8.15,5.92
531163,Kemistar Corp.,49.93,95.93,53.72,0.60,0.42,44.83,10.05,42.96,3.43
539398,Vishal Bearings,49.55,,53.47,0.00,1.64,67.35,23.36,5.51,4.36
HYBRIDFIN,Hybrid Financial,18.14,19.78,53.40,0.00,0.44,69.23,1.16,-40.82,6.34
TROM,Trom Industries,58.00,7.71,53.33,0.00,2.54,429.17,83.27,76.87,16.19
544163,Greenhitech Ven.,40.95,70.92,53.19,0.00,0.64,-36.00,18.53,118.77,2.40
BLUECOAST,Blu.Coast Hotel.,27.00,,53.13,0.00,-0.14,95.35,1.23,,
531743,Hira Automobile,193.00,265.40,53.08,0.00,-0.05,-133.33,34.43,-25.65,7.53
GRAPHISAD,Graphisads,29.00,12.38,53.00,0.00,1.55,-62.56,80.65,6.06,5.49
526705,Elegant Marbles,178.80,14.64,52.98,0.56,0.19,-60.00,8.61,33.70,3.77
OSIAHYPER,Osia Hyper Reta.,2.99,2.94,52.91,0.00,4.32,-52.05,382.98,-5.89,14.72
524594,Aeonx Digital,115.00,,52.90,0.87,-0.79,-159.40,16.53,72.91,0.46
ARVINDPORT,Arvind Port &,31.00,44.45,52.90,0.00,0.99,-84.84,8.30,-36.25,2.64
544686,Shayona Eng.,135.50,13.05,52.74,0.00,2.16,9.64,26.66,54.10,19.67
ICDSLTD,ICDS,40.48,48.38,52.73,0.00,-0.42,-150.00,0.52,-77.87,4.83
511764,AastamangalamFin,33.90,5.58,52.67,0.00,2.16,764.00,5.31,23.49,13.25
539040,Tirupati Innovar,7.43,81.03,52.67,0.00,-1.83,-369.12,73.20,566.06,1.44
538833,Kaizen Agro,10.24,142.30,52.65,0.00,-1.63,-808.70,32.54,883.08,0.44
526315,Divyashakti,51.25,50.12,52.63,3.90,0.08,-82.98,8.71,-52.33,0.76
BAWEJA,Baweja Studios L,28.55,8.65,52.61,0.00,4.57,-13.28,33.44,-22.93,7.94
530461,Saboo Sodium,12.50,228.09,52.46,0.00,-3.51,10.91,14.69,9.87,3.69
SUVIDHAA,Suvidhaa Info.,2.50,,52.45,0.00,-1.87,77.34,0.68,-60.00,-28.03
542123,Phosphate Co,145.00,11.57,52.31,0.00,1.99,-11.95,29.87,12.59,8.79
534623,Jupiter Info.,52.13,1044.60,52.23,0.00,-0.74,56.02,-0.08,-123.53,1.50
BIOFILCHEM,Biofil Chemicals,32.07,18.70,52.18,0.00,0.21,5.00,7.57,-9.34,15.79
541973,Mac Hotels,82.00,157.94,52.12,0.00,-0.13,-533.33,2.47,-0.40,4.65
544621,SSMD Agrotech,59.82,9.43,51.84,0.00,5.53,227.22,115.35,82.46,30.73
533427,VMS Industries,21.16,35.47,51.79,2.36,0.30,-94.16,50.30,-3.45,5.08
517564,Clenon Enterpri,47.32,,51.77,0.00,-0.60,31.03,0.30,,-16.35
SHIVAMILLS,Shiva Mills,59.88,,51.75,0.00,1.41,283.12,36.87,-10.16,-0.07
539939,Yash Chemex,50.39,25.55,51.62,0.00,-0.44,-150.00,40.97,36.84,6.44
JAIPURKURT,Nandani Creation,27.01,28.02,51.56,0.00,0.67,42.55,29.61,49.70,7.09
DHANSA,Dhansa Labs,20.65,8.99,51.52,0.00,2.09,78.63,40.54,32.70,7.99
STUDIOLSD,Studio LSD,9.90,,51.37,0.00,2.49,-47.47,32.84,-21.72,-1.38
DECCANTRAN,Deccan Transcon,22.50,6.27,51.13,0.00,3.83,194.62,86.80,-3.25,8.31
512048,Dhansafal Fin,2.25,70.01,51.11,0.00,0.50,163.16,3.64,97.83,4.03
531822,Rodium Realty,156.95,6.14,50.98,0.00,1.86,-50.13,12.23,-45.18,10.99
511509,Vivo Bio Tech,22.96,,50.95,0.00,0.19,-85.82,14.28,14.15,7.29
ADROITINFO,Adroit Info.,9.25,15.31,50.53,0.00,0.68,117.80,13.07,25.67,6.54
512489,Oasis Securities,10.91,49.47,50.46,0.00,-0.58,-75.76,0.19,58.33,8.81
544237,Rapid Multimodal,132.30,26.68,50.42,0.00,1.41,42.42,73.33,23.85,16.95
PRITI,Priti Internati.,37.73,55.98,50.38,0.00,0.17,-79.76,6.03,-62.00,1.76
531280,Pankaj Polymers,90.72,22.86,50.29,0.00,0.10,1100.00,0.57,-33.72,19.12
PULZ,Pulz Electronics,23.00,10.81,50.16,0.00,2.86,32.41,19.53,19.45,18.29
544663,Neptune Logitek,36.50,8.05,50.01,0.00,1.75,-49.55,108.26,-20.19,15.38
531268,B2B Soft.Tech.,28.77,16.08,50.00,2.32,0.92,41.54,7.39,14.22,16.13
UWCSL,Ultra Wiring,95.95,15.04,49.93,0.52,-0.87,0.00,25.88,13.56,18.25
LAMOSAIC,Lamosaic India,48.30,30.63,49.93,0.00,-1.08,86.38,69.71,-1.36,4.52
538395,Nam Securities,92.50,277.11,49.88,0.00,0.20,25.00,25.73,117.31,1.75
544677,Defrail Technologies,71.00,12.44,49.87,0.00,2.48,37.02,41.08,25.28,27.58
CAPTRUST,Capital Trust,14.65,,49.84,0.00,-18.19,-977.78,9.43,-54.11,-16.96
VINNY,Vinny Overseas,1.07,54.11,49.78,0.00,0.42,-58.42,37.10,14.97,2.44
530253,Rajas. Tube Mfg,11.04,40.14,49.77,0.00,-0.56,-150.91,0.00,-100.00,15.03
543618,Cargotrans Marit,84.05,9.30,49.77,0.59,2.77,40.61,59.68,34.20,19.52
EFORCE,Electro Force,21.25,78.94,49.73,0.00,-0.23,-119.49,9.65,-73.78,1.31
COUNCODOS,Country Condo,6.40,84.17,49.66,0.00,0.18,100.00,3.68,40.46,3.42
544566,Sunsky Logistics,39.93,17.42,49.65,0.00,1.05,-12.50,13.05,11.83,20.01
523465,Ind Bank Housing,49.59,12.72,49.59,0.00,3.88,3627.27,0.00,,-1.11
534063,Futuristic Solu,47.30,63.49,49.52,0.00,0.26,620.00,5.38,,7.04
526481,Phoenix Intl.,29.49,19.80,49.51,0.00,-0.48,-100.00,7.43,20.81,2.62
DKEGL,D.K. Enterprises,65.90,8.68,49.48,0.00,2.44,-7.92,78.71,13.55,19.21
CHAMUNDA,Chamunda Ele.,44.95,14.05,49.47,0.00,1.26,-55.48,15.46,2.93,15.17
524288,Aimco Pesticides,50.40,,49.30,0.00,-4.16,19.22,30.64,-41.91,-33.65
503837,Sh. Rajas. Synt.,12.06,,49.13,0.00,-1.75,73.20,3.33,-16.12,-36.47
SONUINFRA,Sonu Infratech,41.75,3.77,49.12,0.00,4.59,-12.57,90.06,-0.90,19.08
AHLADA,Ahlada Engineers,38.01,272.83,49.11,4.21,-1.04,-207.22,25.65,-33.15,2.69
503349,Victoria Mills,4950.00,7.36,49.01,1.01,-0.33,13.16,0.00,,12.35
517370,Incap,95.50,144.09,48.99,1.05,-0.32,-288.24,8.19,65.79,4.36
540545,Guru Krupa Gems,32.57,85.93,48.98,0.00,0.09,-70.00,6.16,-84.66,3.39
SVPGLOB,SVP Global,3.87,,48.96,0.00,199.99,70.28,0.00,-100.00,-16.15
ITALIANE,Italian Edibles,33.00,12.10,48.76,0.30,1.35,26.17,53.69,24.80,10.61
544265,Nexxus Petro,70.00,7.72,48.65,0.00,4.24,-10.74,120.69,-44.59,19.47
521244,MKP Mobility,142.50,27.78,48.61,0.00,0.39,-42.65,10.04,15.14,25.80
WHITEFORCE,Happy Square,41.90,7.85,48.61,0.00,4.21,34.14,65.84,34.95,18.59
512169,Capricorn System,17.35,269.61,48.53,0.00,0.16,,16.47,7060.87,1.31
523277,G V Films,0.26,,48.48,0.00,-0.04,-106.35,0.51,-74.50,2.85
544000,City Crops Agro,29.61,,48.31,0.00,1.92,53.60,16.34,-52.03,-13.20
543461,Safa Systems,19.30,10.15,48.21,0.00,3.74,135.22,251.95,8.16,10.42
SNEHAA,Snehaa Organics,47.30,5.97,48.15,0.00,4.81,,35.57,,29.40
531869,Sacheta Metals,3.85,23.59,48.13,1.30,0.36,-38.98,20.43,-18.57,5.46
WEWIN,We Win Ltd,47.33,10.69,48.09,0.00,0.95,-12.84,30.77,51.65,10.91
527005,Shree Pacetronix,128.05,15.29,48.01,0.00,1.11,146.67,5.37,25.47,23.30
SUPREMEENG,Supreme Engg.,1.92,,47.99,0.00,0.07,111.86,6.88,45.15,-37.17
544582,Shlokka Dyes,22.39,9.66,47.93,0.00,3.48,-32.69,50.59,-16.81,10.62
GANGABATH,Ganga Bath Fitt.,21.55,37.39,47.86,0.00,0.89,-17.59,18.27,17.27,5.62
512441,Enbee Trade,0.27,3.82,47.85,3.70,3.95,140.85,7.92,18.21,16.04
531647,Prabhatam Infra Venture Venture,25.14,,47.84,0.00,-0.21,-162.50,0.09,,-97.14
540143,SagarSoft (India,74.82,,47.83,2.00,-9.04,-982.43,37.37,7.48,-15.68
RKDL,Ravikumar Distll,19.91,39.49,47.78,0.00,0.05,3633.33,6.91,-37.12,1.56
539017,Star Housing Fin,6.05,7.19,47.77,1.65,0.49,-75.98,25.82,7.45,12.10
540843,Rithwik Facility,156.00,13.60,47.74,0.64,1.79,-4.28,19.78,-14.41,17.71
ANSALAPI,Ansal Properties,3.03,,47.69,0.00,30.16,-121.82,16.77,-92.08,
544399,Srigee DLM,79.70,6.93,47.61,0.00,5.53,104.81,51.42,46.25,22.53
526435,Perfectpac,71.44,14.69,47.58,1.40,0.77,13.24,29.65,-6.20,11.17
540146,Aditya Consumer,32.50,,47.56,0.00,0.04,102.60,46.20,-6.12,-6.40
504392,Krishna Vent.,44.03,158.50,47.55,0.00,0.62,247.62,9.24,3453.85,4.18
PRANIK,Pranik Logistics,43.10,6.74,47.45,0.00,2.03,0.50,45.71,51.61,17.08
531454,Polylink Poly.,21.45,38.88,47.43,0.00,0.61,710.00,21.61,-10.11,5.33
513642,Axel Polymers,42.94,,47.24,0.00,-0.82,-136.77,13.12,-8.44,3.49
ABHAPOWER,Abha Power,25.40,19.19,47.21,0.00,0.43,-86.44,27.65,-22.72,7.01
544428,Supertech EV,38.20,12.01,47.21,0.00,0.12,-96.18,35.49,-10.76,14.43
531153,Diligent Indust.,1.97,18.00,46.97,0.00,0.35,-4.55,29.85,-42.60,5.66
540694,ANG Lifesciences,35.94,,46.93,0.00,-1.38,33.01,23.50,39.71,-3.64
542019,Shubham Polyspin,38.60,45.43,46.79,0.00,0.48,77.78,10.44,-19.82,8.87
GURUNANAK,Gurunanak Agri.,38.95,7.69,46.74,0.00,4.00,36.52,25.98,34.61,27.24
539120,Grameva,97.30,15.46,46.70,0.00,2.63,721.88,55.68,336.71,25.86
SONAMAC,Sona Machinery,34.00,,46.66,0.00,-4.37,-470.34,41.11,-25.38,-5.90
540726,Trident Texofab,31.07,35.30,46.59,0.00,-2.01,-311.11,33.57,-12.14,6.32
ARCHIES,Archies,13.75,,46.45,0.00,-4.27,-288.18,10.29,-44.02,-0.53
DHRUV,Dhruv Consultanc,24.49,,46.45,0.82,-0.06,-103.02,8.32,-69.86,-32.69
544646,Shipwaves Online,3.28,13.00,46.41,0.00,-0.84,-116.86,50.19,-19.80,8.38
521240,Sambandam Spg.,108.90,,46.39,0.00,-2.96,-1580.00,67.93,3.88,1.92
530695,Prime Property,27.30,1.87,46.33,0.00,22.64,2215.89,75.42,,35.02
544171,Storage Tech,36.05,,46.29,0.83,-1.77,-170.63,37.76,-25.89,-4.46
544560,Sodhani Capital,58.00,19.61,46.08,0.00,1.10,17.02,2.36,10.80,24.99
531205,Spright Agro,0.43,,46.07,2.33,-7.82,-1001.41,-1.92,-162.75,-9.80
540377,IFL Enterprises,0.37,,46.07,0.00,-9.19,-453.46,29.17,45.78,-3.31
526237,Morgan Ventures,46.50,11.12,46.04,0.00,2.71,-59.55,12.66,1.93,8.83
531472,Cybele Industrie,43.04,1.31,46.03,0.00,18.50,4504.76,5.55,-11.34,45.26
526965,Guj. Craft Inds,94.00,33.79,45.95,1.06,-0.04,-104.88,42.42,-32.78,5.90
512115,Rose Merc.,63.52,8.09,45.95,0.19,5.10,382.61,27.54,-62.98,21.74
530997,Unique Organics,76.98,5.69,45.83,0.00,1.52,2433.33,36.59,68.08,27.33
533056,Vedavaag Systems,19.50,8.80,45.76,2.56,0.21,-57.14,49.39,70.49,5.60
531176,Mefcom Capital,10.00,,45.70,0.00,-4.73,-21.30,21.37,-4.47,-3.65
540080,Dhatre Udyog,4.19,,45.65,0.00,0.08,-76.47,0.00,-100.00,-3.87
539222,Growington Vent,0.71,9.64,45.60,0.00,0.53,265.62,63.36,73.92,12.37
504988,Welcast Steels,710.00,,45.44,0.00,1.38,626.32,2.92,-85.97,-4.10
CELEBRITY,Celebrity Fash.,7.04,,45.44,0.00,-1.62,24.65,43.49,-15.57,-12.31
AKASH,Akash InfraProj.,26.95,51.06,45.44,0.00,0.65,-59.41,37.60,85.86,3.81
507981,Jindal Hotels,64.88,12.87,45.42,0.00,0.58,300.00,11.32,18.29,11.66
DANGEE,Dangee Dums,2.95,,45.42,0.00,-1.06,-523.53,7.05,8.29,2.05
517423,Integra Switch,157.50,,45.39,0.00,-0.08,0.00,0.02,100.00,-15.98
544214,Three M Paper,23.55,6.32,45.30,0.00,4.13,-4.40,153.86,10.25,7.41
543963,Shelter Pharma,26.90,5.02,45.29,1.30,4.53,22.43,39.84,49.77,20.35
539947,Jindal Leasefin,149.95,49.04,45.12,0.00,1.18,195.16,2.48,248.50,24.97
MORARJEE,Morarjee Text.,12.40,,45.05,0.00,-105.59,-201.43,13.22,-74.20,-26.12
GAYAHWS,Gayatri Highways,1.88,,45.05,0.00,6.90,-26.28,14.55,1133.05,67.14
543518,Eighty Jewellers,44.10,4.62,44.98,0.23,6.54,1008.47,73.60,23.20,25.12
MASKINVEST,MASK INVESTMENTS,147.10,748.17,44.89,0.00,0.06,,0.14,800.00,0.10
VISHWAS,Vishwas Agri,44.80,20.93,44.80,0.00,0.24,-93.68,56.16,24.72,7.01
513566,Nova Iron &Steel,12.39,,44.78,0.00,-1.06,-10.97,108.04,8.71,-2.76
524711,Vista Pharma.,7.27,,44.75,0.00,-5.86,-290.67,0.00,-100.00,-30.33
REXPRO,Rexpro Enter.,39.90,19.87,44.71,0.00,0.39,-90.60,28.57,-45.46,5.53
544662,Simandhar Impex,146.20,2234.50,44.69,0.00,0.06,,1.54,,1.15
519234,Superior Indus.,32.19,32.78,44.58,0.00,0.03,-102.16,9.71,-34.57,2.44
513629,Tulsyan NEC,27.00,,44.45,0.00,-19.36,53.72,164.97,-22.91,1.57
540135,ARC Finance,0.51,61.74,44.45,0.00,0.48,114.12,5.64,54.52,1.28
507948,Key Corp,73.99,,44.39,0.00,9.24,17.41,9.46,16.93,-4.07
ATCENERGY,ATC Energies,21.75,,44.35,0.00,-2.09,-137.25,17.85,-38.06,0.63
TSC,TSC India,30.50,12.00,44.28,0.00,0.96,-73.91,12.81,-7.04,12.77
531616,Starcom Info.,88.49,,44.25,0.00,-1.45,19.44,0.70,-15.66,
KARMAENG,Karma Energy Ltd,38.18,,44.17,0.00,-0.82,-646.67,0.88,-6.38,-4.76
531900,CCL Internationa,23.00,46.46,44.14,0.00,1.47,-51.80,33.82,-6.08,4.30
526335,Shreyas Interm.,6.23,,44.14,0.00,-0.28,6.67,0.00,,-5.36
KSHITIJPOL,Kshitij Polyline,2.86,12.43,44.11,0.00,2.24,144.36,13.14,46.33,8.43
544489,LGT Global Hospitality,47.00,9.60,44.05,0.00,0.90,-65.78,64.88,43.25,21.08
534732,Caspian Corporat,34.79,65.73,44.04,1.44,0.06,140.59,28.33,45.36,4.23
AKI,AKI India,4.26,22.78,43.97,0.00,0.76,16.92,36.58,52.29,4.67
544561,Chiraharit,8.02,209.29,43.95,0.00,1.35,-39.83,35.32,31.15,3.86
TPHQ,Teamo Production,0.40,438.50,43.85,0.00,-6.24,-4900.00,15.19,-3.98,0.35
538923,Sofcom Systems,18.11,79.69,43.83,0.00,0.17,-71.19,0.40,-61.54,0.84
BMETRICS,Bombay Metrics,35.50,28.20,43.71,0.56,0.63,-77.66,45.19,-13.25,10.53
544659,Stanbik Agro,32.79,10.02,43.69,0.00,2.14,11.46,50.35,70.79,19.11
544337,Avax Apparels,52.40,14.67,43.56,0.00,1.77,142.47,21.33,10.23,41.89
544778,Vahh Chemicals,52.42,9.05,43.54,0.00,2.08,,16.52,,36.88
509040,Netlink Solns(I),172.00,21.43,43.50,0.00,-0.02,98.97,0.01,0.00,6.09
539762,Modern Engineer.,28.15,5.12,43.49,0.00,0.37,-96.05,47.62,12.84,15.09
GFSTEELS,Grand Foundry,14.29,17.82,43.48,0.00,2.11,1506.67,19.65,,116.54
SWASTIK,Swastik Pipe,18.70,,43.44,0.00,-47.88,-396.84,146.07,-61.60,-20.60
SILKY,Silky Overseas,68.15,6.40,43.40,0.00,-0.61,-123.46,12.50,-47.17,17.88
532005,Sam Industries,39.05,8.87,43.30,0.00,0.64,190.91,2.96,-45.99,7.91
VLINFRA,V.L.Infraproject,27.55,5.14,43.29,0.00,4.40,26.80,86.90,26.47,22.41
544169,Amkay Products,50.00,18.74,43.28,0.00,0.34,-77.48,19.02,-7.45,12.77
544505,Austere Sys.,41.20,8.57,43.17,0.49,2.87,13.89,11.95,4.09,26.47
BULKCORP,Bulkcorp Inter.,57.35,11.55,43.09,0.00,1.93,-9.39,32.41,-5.34,17.17
MANGALAM,Mangalam Drugs,27.22,,43.08,0.00,-13.06,-8806.67,67.29,-7.54,-14.01
539265,Amrapali Fincap,32.04,55.21,43.06,0.00,0.55,1275.00,16.00,-35.97,0.41
LFIC,Lak. Fin. & Indl,143.30,,42.99,2.09,-2.77,-4.92,2.00,18.34,-2.10
530979,India Home Loans,30.07,429.50,42.95,0.00,0.00,-100.00,3.70,-0.80,8.48
VIVIMEDLAB,Vivimed Labs.,5.18,,42.95,0.00,-147.12,-2527.14,12.00,-53.14,-65.22
SAGARDEEP,Sagardeep Alloys,25.16,17.45,42.92,0.00,1.62,406.25,70.45,117.17,10.59
532402,USG Tech,10.89,,42.92,0.00,-0.08,11.11,0.00,,-0.48
544035,Swashthik Plas.,22.00,5.33,42.83,0.00,2.54,1.60,77.09,6.98,9.42
SATECH,S A Tech Soft.,32.75,19.71,42.76,0.00,2.81,-3.10,62.57,28.98,8.81
522152,Solitaire Mach.,93.97,31.14,42.66,1.60,0.68,-4.23,8.39,19.18,8.26
530595,TeleCanor Global,25.85,5.96,42.63,0.00,3.17,2364.29,6.87,,16.44
RULKA,Rulka,100.00,12.94,42.58,0.00,1.77,34.09,55.05,2.32,12.41
DEEM,Deem Roll-Tech,51.00,19.59,42.52,0.00,2.64,158.82,45.42,-2.09,5.47
511355,India Cem. Cap.,19.52,,42.38,0.00,-0.39,-880.00,1.26,4.13,-0.35
532355,Picturehouse,8.11,79.94,42.37,0.00,0.08,-96.95,0.02,100.00,11.00
AMBICAAGAR,Ambica Agarbat.,24.64,12.27,42.33,0.00,0.82,142.27,22.27,-28.28,8.15
GOLDENTOBC,Golden Tobacco,24.03,7.98,42.31,0.00,-1.55,-187.04,3.80,-18.28,
526231,Standard Surfact,51.15,12.69,42.26,0.00,2.52,92.37,73.82,55.77,10.30
524602,Bandaram Pharma,23.50,93.84,42.23,0.43,0.09,-40.00,26.26,209.31,4.42
544334,Indobell Insul.,67.01,52.78,42.22,2.98,0.33,-81.25,8.58,-57.50,6.40
514442,Sri KPR Inds.,20.93,7.00,42.17,0.00,0.29,-30.95,2.14,-32.49,5.16
513059,G S Auto Intl.,14.72,12.37,42.07,0.00,1.39,1885.71,41.94,9.50,14.96
521151,Dhanlaxmi Fabric,49.00,,42.04,0.00,-1.77,-26.92,6.64,66.00,-5.65
511609,ISL Consulting,17.50,,42.00,0.00,-2.82,-80.77,4.27,-39.77,-17.01
524440,Camex,41.13,14.28,41.99,0.00,1.81,986.67,41.35,11.13,10.70
532404,Saven Tech.,38.59,12.27,41.98,3.89,0.77,63.83,5.13,35.36,21.00
500170,GTN Industries,23.90,,41.92,0.00,-4.91,-206.88,37.91,-7.72,-7.75
544607,Shining Tools,74.00,10.76,41.87,0.00,2.05,54.14,10.29,9.58,22.39
543310,Times Green Ener,75.00,190.05,41.81,0.00,0.06,-72.73,13.01,-56.60,1.74
523387,Homre,2.09,154.74,41.78,0.00,0.63,270.59,11.92,,36.91
TNTELE,T N Telecom.,9.14,,41.75,0.00,-3.69,33.15,0.00,,
539455,Aryavan Enterprise,59.95,12.39,41.74,0.83,1.18,83.61,25.41,79.58,14.86
PRUDMOULI,Pruden. Sugar,12.92,6.76,41.67,0.00,1.50,37.61,10.39,49.71,7.45
541601,Rajnish Wellness,0.41,,41.63,0.00,-4.70,-921.74,101.95,1666.90,-8.99
PENTAGON,Pentagon Rubber,53.95,22.61,41.60,0.00,1.21,-31.25,24.11,-3.64,7.40
507817,Wires & Fabriks,135.80,159.81,41.55,0.07,0.15,-51.61,28.76,8.20,5.52
538868,Cont. Securities,13.05,18.92,41.44,0.38,0.57,78.12,1.07,46.58,13.60
AURIGROW,Auri Grow India,0.28,,41.33,0.00,-1.30,-140.12,0.00,-100.00,-0.37
511359,AD Manum Finance,55.06,4.15,41.30,0.00,2.63,-16.44,4.63,45.14,14.92
531931,Sai Capital,143.30,3.35,41.26,0.00,2.32,-54.05,0.14,16.67,4.99
MANUGRAPH,Manugraph India,13.51,9.95,41.09,0.00,-1.23,-131.91,25.09,-10.17,10.62
JISLDVREQS,Jain Irrigat-DVR,21.28,,41.06,0.00,20.42,85.30,1092.49,7.78,
521178,Sri Ramakr. Mill,57.64,2.09,41.04,0.00,30.20,7683.33,51.40,322.70,30.72
526841,Shakti Press,14.57,24.87,41.03,0.00,0.91,2375.00,65.84,1513.73,8.88
539246,Atma Industries,178.25,,41.00,0.00,-0.03,,0.00,,-1.21
ADL,Archidply Decor,73.49,272.73,40.91,0.00,-0.02,600.00,11.60,-17.32,2.70
522235,Minal Industries,2.13,58.39,40.87,0.00,1.63,-58.62,15.18,-20.77,1.42
531982,Spectrum Foods,17.00,140.90,40.86,0.00,-3.35,20.43,5.20,7.88,1.06
544698,PAN HR Solution,56.65,5.45,40.85,0.00,4.32,157.14,125.92,27.88,29.61
VICTORYEV,Victory Ele.,16.95,18.99,40.83,0.00,0.53,-86.91,15.27,-52.67,10.52
502873,H P Cotton Tex,103.95,13.91,40.77,0.00,0.63,-36.36,27.56,-24.35,19.04
517119,PCS Technology,19.45,23.55,40.75,0.00,0.43,4.88,0.12,33.33,4.98
505807,Rolcon Engg. Co.,535.80,13.26,40.72,0.47,0.74,-17.78,12.60,1.20,13.29
526851,Arex Industries,113.00,27.48,40.67,0.00,-0.03,-111.54,12.38,-2.06,7.75
538778,Kalyan Capitals,7.74,10.56,40.65,0.00,0.82,180.95,9.87,123.81,10.45
SHEKHAWATI,Shekhawati Inds,11.78,4.70,40.61,0.00,4.63,2993.75,8.31,-24.18,47.29
538921,Raghuvansh Agro.,34.05,9.75,40.58,0.00,1.64,-40.44,3.61,-37.44,6.47
542145,Roni Households,35.30,,40.57,0.00,-0.52,-182.54,1.40,-66.98,-2.34
512589,Sita Enterprises,135.05,8.96,40.52,0.00,-0.11,-117.74,0.07,-88.71,29.59
544251,Share Samadhan,33.00,69.81,40.49,0.00,0.10,-89.18,2.41,-75.88,1.58
524516,Bacil Pharma,28.20,25.95,40.48,0.00,0.62,3000.00,0.00,,3.93
507828,Ansal Housing,5.81,,40.46,0.00,-28.52,-3235.80,69.98,-37.64,-5.05
517415,Lee & Nee Soft.,7.25,130.42,40.43,0.00,0.09,200.00,3.74,30.77,0.98
MITTAL,Mittal Life Styl,0.91,17.64,40.40,0.00,0.46,-81.03,23.33,9.69,7.89
530053,Real Eco-Energy,4.03,100.75,40.30,0.00,-0.04,-104.94,1.25,-62.69,4.56
514412,Sarup Industries,123.55,70.44,40.15,0.00,0.27,-37.21,4.34,-10.88,4.14
AATMAJ,Aatmaj Health,17.75,56.51,40.12,0.00,0.20,-39.39,13.51,22.48,3.56
544412,3B Films,16.18,21.78,40.08,0.00,2.79,36.76,34.30,-11.85,4.90
514087,PBM Polytex,58.13,,39.99,0.00,-1.37,-226.19,47.96,-3.62,-1.35
544772,Aureate Tradde,30.75,7.59,39.93,0.00,2.46,47.31,103.27,-9.98,20.48
526269,Crestchem,133.00,14.72,39.90,1.13,1.10,80.33,10.23,41.49,43.41
544002,Vivaa Tradecom,101.33,45.34,39.90,0.00,0.04,-48.08,156.70,23.63,5.22
538607,Toyam Sports,0.69,,39.87,0.00,-3.43,49.39,0.00,-100.00,-6.50
VMOBILE,Vinit Mobile,64.50,10.21,39.80,0.00,1.00,,18.09,,98.86
530433,Shiva Global,39.76,,39.73,0.00,3.50,-11.17,68.80,-26.78,4.41
507690,Orient Beverages,183.55,10.33,39.65,0.00,-0.65,-1183.33,44.24,8.91,12.17
HOMESFY,Homesfy Realty,122.85,,39.63,0.00,-11.93,-29250.00,20.79,-27.00,-48.90
530217,Swojas Foods,8.95,44.52,39.62,0.00,-0.05,-109.26,46.23,65.88,8.55
542801,Misquita Engg.,84.50,172.22,39.61,0.00,0.08,300.00,9.15,41.42,3.07
DHANLAXMI,Dhanlaxmi Crop,24.25,,39.60,0.00,-5.13,-1215.22,9.34,-0.11,0.93
531233,Rasi Electrodes,12.70,11.23,39.54,0.00,0.76,13.43,18.56,-8.26,12.86
539669,R G F Capital,2.62,982.75,39.31,0.00,0.16,77.78,0.54,315.38,2.67
MANAV,Manav Infra,29.85,9.75,39.28,0.00,3.61,19.93,32.13,77.12,33.22
PRESSTONIC,Presstonic Engi.,25.45,15.09,39.23,0.00,2.27,-57.09,20.33,13.20,9.80
MADHUCON,Madhucon Project,5.31,,39.19,0.00,-96.15,-155.52,125.75,-9.39,-34.01
BABAFP,Baba Food,24.00,,39.18,0.00,-2.74,-242.71,104.35,-14.02,1.31
530991,Roopa Industries,49.75,9.61,39.13,0.00,-1.43,533.33,30.14,1.04,15.03
ORIENTALTL,Oriental Trimex,5.31,16.90,39.03,0.00,1.32,-70.90,13.94,-16.33,3.83
540550,Yug Decor,24.11,487.75,39.02,0.00,0.15,-77.61,19.24,10.26,5.72
532957,Gokak Textiles,60.00,,39.00,0.00,-4.98,24.69,25.50,33.58,-2.37
21STCENMGM,21st Cent. Mgmt.,37.11,,38.97,0.00,-12.87,-19.06,-9.63,-27.89,-57.00
ARCIIL,ARC Insulation,37.80,20.92,38.92,0.00,1.00,,10.85,,6.50
522207,Rasandik Engg.,64.85,,38.75,0.00,-2.60,-134.23,19.02,39.34,-3.44
530169,Mohit Paper Mill,27.65,5.84,38.71,0.00,0.73,231.82,59.57,13.66,11.83
VERA,Vera Synthetic,78.25,10.94,38.62,0.00,1.54,100.00,24.52,28.31,19.12
ABMINTLLTD,A B M Internatl.,41.02,,38.59,0.00,1.69,196.57,14.37,-18.68,-8.50
530525,Rajnish Retail,2.46,85.69,38.56,0.00,0.73,380.77,5.50,-75.57,0.86
FAALCON,Faalcon Concepts,39.55,12.20,38.54,0.00,2.11,,19.50,,
530265,Sainik Finance,35.37,9.23,38.48,0.00,1.26,-52.81,4.76,-9.51,10.57
540359,Parmax Pharma,102.83,,38.47,0.00,-0.58,-38.10,3.31,-31.47,-82.96
NMSTEEL,Newmalayalam St.,22.25,5.43,38.46,0.00,2.86,466.67,157.69,5.16,12.40
531297,Artefact Project,52.83,7.31,38.43,0.95,0.86,-84.63,14.33,12.48,10.22
540181,Salem Erode Inv.,33.52,,38.43,0.00,-1.40,-15.70,0.71,-20.22,-10.44
AROGRANITE,Aro Granite Inds,25.01,,38.27,0.00,-6.41,-32150.00,11.52,-57.03,1.04
526616,Natl. Plastic,41.90,11.05,38.25,0.00,-1.05,-202.94,27.18,12.55,12.38
503229,Simplex Realty,127.55,,38.14,0.00,-2.04,-563.33,8.86,3307.69,-0.32
BANG,Bang Overseas,28.10,4.94,38.10,0.00,2.52,147.40,58.07,20.35,7.15
544630,Helloji Holidays,111.00,30.46,38.07,0.00,0.35,-78.40,14.97,-10.09,14.26
SOCL,Sundrex Oil,28.40,7.15,38.04,0.00,2.90,-16.18,67.25,96.29,21.24
544693,Kanishk Alumin.,28.25,9.22,37.97,0.00,1.69,-19.52,44.64,26.10,13.79
524703,Sandu Pharma.,39.29,21.45,37.96,2.04,0.04,-87.88,16.85,19.76,6.41
543970,Shoora Designs,82.00,947.75,37.91,0.00,0.02,-92.86,9.88,290.51,0.24
542668,Evans Electric,69.00,,37.87,2.17,-0.75,-111.38,4.81,-76.77,1.69
530897,N G Industries,112.95,21.87,37.84,3.10,0.69,128.40,4.36,-2.46,5.88
531111,Gothi Plascon,37.05,20.88,37.79,5.40,-0.08,33.33,1.26,14.55,21.10
511000,MSL Global,17.61,13.42,37.72,0.00,-0.37,-184.62,2.14,5250.00,3.51
544796,Liotech Ind.,96.50,5.96,37.64,0.00,2.45,17.22,33.98,50.82,48.38
511654,Sugal & Damani,60.01,9.08,37.51,0.00,0.61,-62.58,5.47,-25.38,19.34
CELLPOINT,Cell Point,20.05,624.33,37.46,0.00,-0.13,-120.00,190.99,11.57,5.47
531950,Vertex Secur.,3.44,,37.45,0.00,-1.44,-166.67,1.11,-23.45,-12.04
JFLLIFE,JFL Life,11.35,5.85,37.45,0.00,1.66,1975.00,63.05,437.51,18.19
526490,Pratik Panels,5.86,22.15,37.44,0.00,0.38,72.73,3.08,755.56,33.15
544303,Toss The Coin,197.70,13.84,37.37,3.79,1.27,1311.11,7.81,82.05,26.55
530255,Kay Power &Paper,10.69,36.98,37.35,0.00,1.06,10.42,4.89,-59.79,1.54
544393,Infonative Solu.,31.50,13.09,37.32,0.00,1.34,-41.74,10.95,4.89,13.82
531144,EL Forge,18.35,15.61,37.30,0.00,1.24,116.36,22.51,14.85,11.08
539122,Bodhtree Consul.,17.00,25.99,37.17,0.00,0.11,113.25,8.36,1186.15,9.23
VSCL,Vadivarhe Speci.,29.00,,37.07,0.00,2.21,132.56,28.74,22.61,-2.05
509762,Mapro Industries,44.18,119.55,37.06,0.00,-0.18,-5.88,0.75,316.67,1.56
533101,Suryaamba Spinni,126.25,12.02,37.02,0.79,0.72,-9.52,47.54,-13.81,8.22
531810,Metal Coatings,50.50,15.42,37.00,1.98,0.13,-90.23,36.75,-9.88,7.01
539798,Umiya Tubes,28.55,13.21,36.99,0.00,1.93,310.64,8.23,,14.19
512587,Zodiac-JRD MKJ,33.68,9.83,36.97,0.00,2.80,13400.00,7.97,67.79,6.96
501370,Walchand People,127.25,10.65,36.95,0.79,-0.08,-122.86,10.08,18.45,15.66
530959,Diana Tea Co,24.55,21.03,36.80,0.00,-9.66,-8.66,7.62,-20.29,4.16
544805,Jivial Industrie,78.55,9.78,36.68,0.00,,,,,51.76
505250,G G Dandekar,77.00,89.41,36.66,0.00,0.37,161.67,0.82,-24.07,-0.61
544201,Dindigul Farm,15.00,9.85,36.64,0.00,2.81,136.83,51.76,76.41,8.84
539760,Relicab Cable,36.28,19.27,36.62,0.00,0.75,108.33,25.97,63.23,17.82
544759,Goldline Pharmaceutical,38.13,8.88,36.60,0.00,2.76,,17.31,,29.90
517546,Alfa Transformer,39.87,,36.48,0.00,-1.05,-775.00,9.57,-23.38,-0.30
503776,Modipon,31.49,,36.45,0.00,-0.16,-45.45,0.00,,
540904,Tirupati Foam,82.64,19.17,36.42,1.21,0.51,-17.74,24.38,-12.08,8.80
526161,Spenta Intl.,131.74,,36.42,0.76,-1.16,-992.31,11.20,13.94,0.74
511658,Nettlinx,15.06,,36.41,0.00,0.90,700.00,5.95,-41.03,0.70
530951,Ram Info,44.42,19.56,36.38,0.00,0.11,-76.79,10.08,125.00,4.69
500371,Samtel (India),51.28,605.83,36.35,0.00,0.57,2950.00,0.08,700.00,-20.83
542802,Galactico Corpo.,1.98,22.97,36.29,0.00,0.43,7.50,5.37,-37.92,6.26
507946,Kiduja India,15.11,16.26,36.26,0.00,0.14,103.42,0.03,,27.16
CEREBRAINT,Cerebra Integr.,2.99,,36.23,0.00,-31.15,-596.87,1.14,-54.76,-40.77
519359,Poona Dal & Oil,63.43,25.51,36.22,0.00,0.13,-35.00,35.25,1.73,3.52
521228,Tatia Global,2.38,6.34,36.09,0.00,0.03,-87.50,0.20,-47.37,16.62
520123,ABC India,66.30,,35.92,0.75,2.22,-359.26,45.20,-7.02,-0.31
532911,Parle Industries,7.35,,35.90,0.00,0.05,25.00,0.15,-95.95,0.09
500239,K G Denim,14.00,115.77,35.89,0.00,5.61,147.49,11.70,60.94,9.86
NKIND,N K Industries,59.72,,35.89,0.00,-0.09,96.62,2.77,-39.52,
538834,JMJ Fintech,9.53,4.72,35.87,2.62,1.75,165.15,5.35,-12.44,20.24
KONTOR,Kontor Space,58.05,15.80,35.87,0.00,0.71,,12.16,,15.43
532123,BSEL ALGO,4.14,,35.86,0.00,-42.84,-556.05,-46.21,-531.28,-7.48
SHRIKANHA,Shri Kanha Stain,23.00,4.10,35.84,0.00,4.48,35.35,95.42,13.55,23.77
HRHNEXT,HRH Next,27.05,7.35,35.72,0.00,2.78,152.73,35.92,24.68,15.84
512217,Prism Medico,26.28,111.38,35.64,0.00,-0.24,-700.00,0.28,300.00,2.82
TARAPUR,Tarapur Trans,18.16,,35.41,0.00,-1.26,94.74,0.00,,5.72
ASHOKAMET,Ashoka Metcast,14.16,3.28,35.39,0.00,2.22,311.11,10.35,59.48,9.39
544771,Rajnandini Fashion,34.12,7.01,35.38,0.00,,,,,54.32
HBSL,HB Stockholdings,49.56,,35.37,2.02,-9.94,-38.83,0.36,28.57,-11.88
511525,Pan India Corpor,1.65,,35.35,0.00,-0.11,42.11,0.00,,-6.28
530109,Anupam Finserv,1.86,18.10,35.30,0.00,0.31,1450.00,1.31,48.86,8.16
504810,Informed Techn.,84.31,140.64,35.16,0.00,-1.29,-1742.86,0.26,-45.83,3.14
501622,Amalgamated Elec,126.44,,35.11,0.00,-0.08,,0.00,,
524675,Kabsons Industri,20.02,33.62,34.96,0.00,-0.62,-4600.00,11.24,10.41,9.28
543522,Nanavati Venture,74.80,499.00,34.93,0.00,0.03,-85.00,1.79,-65.51,0.71
530787,Inland Printers,70.48,,34.84,0.00,-0.09,0.00,0.00,,-8.82
530231,Subhash Silk,82.00,,34.77,0.00,0.00,100.00,0.01,-66.67,-6.91
LASA,Lasa Supergeneri,6.94,,34.77,0.00,-4.16,-138.67,-0.13,-100.33,-18.15
511692,Ajcon Global,5.66,163.61,34.62,0.00,-0.52,35.06,19.80,489.29,2.93
542503,Mahip Industries,17.99,23.54,34.61,0.00,0.26,92.11,1.93,-67.99,
511740,Ruparel Food,112.20,,34.58,0.00,-0.06,-700.00,0.22,-92.52,-3.96
531328,Kretto Syscon,0.51,17.10,34.54,0.00,-0.39,71.32,1.00,-56.33,4.00
521232,Sunil Industries,82.18,7.50,34.52,0.00,0.58,-47.27,59.85,88.68,11.41
543938,AccelerateBS Ind,100.23,53.02,34.46,0.30,0.65,,6.92,,
531199,Glance Finance,152.10,6.97,34.31,0.00,-3.84,-38500.00,0.32,-87.74,13.25
505515,Shyamkamal Inv,12.94,148.61,34.18,1.55,-0.49,-146.67,-0.10,-113.51,5.15
531471,Duke Offshore,34.65,,34.16,0.00,-0.28,30.00,0.00,,-13.14
531259,Esha Media,43.73,,34.14,0.00,1.80,-438.10,0.58,38.10,
UNILEX,Unilex Colour &C,25.00,4.16,34.04,0.00,6.70,,78.63,,
517201,Switching Tech.,138.75,,33.99,0.00,12.09,-192.70,2.09,11.76,
531752,Biogen Pharma,0.32,39.19,33.70,0.00,-0.36,-130.51,0.58,-57.04,1.01
524818,Dynamic Industri,111.10,18.49,33.66,0.90,0.62,-7.46,17.33,-8.69,5.92
503092,Pasupati Spinng.,36.00,15.14,33.62,0.00,1.77,261.22,28.20,1.26,8.83
524488,SVC Industries,2.06,,33.60,0.00,-0.78,17.02,0.07,-36.36,-0.56
517264,Fine Line Cir.,69.77,86.05,33.56,0.00,-0.24,800.00,8.41,27.42,5.06
AGNI,Agni Green,17.10,24.03,33.40,0.00,0.61,136.17,21.60,-13.36,8.97
507300,The Ravalgaon,980.00,,33.32,0.00,-3.51,-3800.00,0.00,,-16.70
502445,Citadel Realty,36.98,22.04,33.28,1.35,0.38,46.15,0.96,10.34,11.07
530711,Jagan Lamps,45.56,17.32,33.26,0.00,0.57,-52.50,8.81,-28.14,7.92
AKG,AKG Exim,10.46,92.33,33.24,0.00,0.07,-74.07,16.39,-44.55,1.99
530855,GDL Leasing,66.25,41.49,33.19,0.00,-0.09,-550.00,0.93,232.14,15.98
531600,Gogia Capital,52.48,,33.17,0.00,-3.08,-84.43,0.07,106.54,-15.94
524548,Sharma E I Hosp.,100.90,26.69,33.10,0.00,0.43,16.22,7.47,24.92,11.58
531168,Associated Cera.,161.85,15.91,33.09,0.00,-0.19,-176.00,9.25,-17.92,9.83
536846,Yuranus Infrast.,94.50,84.82,33.08,0.00,0.80,600.00,6.07,60.58,13.04
AKSHAR,Akshar Spintex,0.42,,33.07,0.00,-0.39,65.79,34.40,12.49,-8.54
539273,Pecos Hotels,252.00,20.13,33.01,1.39,0.91,56.90,6.17,19.34,31.64
511539,Supra Trends,13.94,,32.98,0.00,-0.45,48.28,2.68,2877.78,-7.17
514260,Surbhi Industrie,95.88,16.56,32.96,0.00,0.88,66.04,7.76,-2.88,10.63
531067,Contil India,21.25,14.36,32.88,0.00,0.45,2.27,7.16,0.70,23.97
510245,Swasti Vinayaka,3.65,10.77,32.85,0.00,1.25,145.10,6.90,-35.09,16.81
511169,RKD Agri,5.62,,32.85,0.00,-0.42,-281.82,0.62,24.00,-14.37
DNAMEDIA,Diligent Media,2.79,,32.84,0.00,-6.02,-251.26,1.62,-71.38,-1.17
506858,Guj. Petrosynth.,55.00,13.91,32.83,0.00,0.43,-14.00,6.00,29.59,5.71
531223,Anjani Synth.,22.23,8.65,32.79,0.00,0.78,136.36,74.10,17.56,5.99
512257,Swasti Vin. Art,3.64,5.64,32.76,0.00,2.75,189.47,11.74,236.39,22.91
WALPAR,Walpar Nutrition,34.85,13.25,32.73,0.00,1.50,13.46,42.30,7.80,14.84
540850,Jhandewala Foods,21.40,5.42,32.65,0.00,3.13,25.70,74.94,147.57,14.54
SEYAIND,Seya Industries,12.28,,32.63,0.00,-0.71,83.90,0.00,100.00,-0.32
511012,Yamini Invest,0.62,171.58,32.60,0.00,-0.36,87.63,1.43,68.24,0.36
MOHITIND,Mohit Industries,23.00,,32.56,0.00,0.07,126.19,36.83,2.50,1.65
512499,Shalimar Prod.,0.33,,32.48,0.00,-0.27,-35.00,0.00,-100.00,-1.15
524156,TCM,43.40,,32.45,0.00,-1.63,-140.94,4.92,-35.69,-9.58
532918,Rathi Bars,19.85,,32.42,0.00,0.70,-21.35,90.62,-18.01,-3.53
543921,Comrade Applian.,41.67,,32.41,0.00,-2.49,-206.41,15.26,-62.32,-23.19
509196,M M Rubber,52.00,,32.40,0.00,0.37,146.67,9.98,5.83,-3.11
523144,Medi Caps,25.98,,32.40,0.00,3.04,76.74,3.45,-50.50,-2.59
544575,Mittal Sections,28.00,9.36,32.39,0.00,1.12,9.80,78.33,14.53,12.80
511712,Relic Tech.,57.91,,32.38,0.00,-2.93,-356.82,0.47,0.00,-34.29
530609,Carnation Inds.,93.59,,32.36,0.00,0.76,255.10,1.70,,11.27
531156,Alfavision Overs,10.25,230.79,32.31,0.00,0.13,262.50,0.66,,0.08
MCON,MCON Rasayan,44.00,10.62,32.28,0.00,1.80,76.47,36.86,26.32,11.06
531840,IEC Education,21.10,,32.20,0.00,-0.05,-25.00,0.00,,-6.42
AGUL,A G Universal,58.65,402.00,32.16,0.00,-0.41,-180.39,41.40,32.40,5.13
531780,Kaiser Corporat.,6.11,,32.15,0.00,0.80,73.08,3.10,-40.38,-0.65
540006,East WestFreight,2.52,,32.15,0.00,0.52,25.00,44.31,-24.81,2.50
521036,Source Industrie,28.19,267.83,32.14,0.00,0.06,0.00,0.33,200.00,2.63
544270,Khyati Global,46.00,5.19,32.10,0.00,3.31,58.37,84.08,37.39,16.23
518011,Keerthi Indus,39.97,,32.06,0.00,-1.76,-133.82,24.64,39.05,-25.32
511447,Sylph Industries,0.26,4.21,32.06,0.00,1.56,1200.00,24.87,13716.67,7.41
514312,Jaihind Industries,37.46,1601.00,32.02,0.00,0.00,100.00,0.05,150.00,0.12
CYBERMEDIA,Cyber Media Ind,15.50,8.15,32.02,0.00,1.63,-34.23,50.41,95.01,62.36
531533,Accedere,64.76,39.96,31.97,0.00,0.66,725.00,1.67,87.64,18.88
538812,Aanchal Ispat,75.35,15.79,31.90,0.00,1.19,338.00,38.37,10.90,41.26
511116,Quadrant Tele.,0.52,,31.84,0.00,5.50,111.24,51.24,-8.50,
530853,Hipolin,101.50,,31.77,0.00,0.01,100.42,3.94,-10.45,-1.69
531797,Scan Projects,110.25,32.33,31.68,0.00,0.29,93.33,4.70,44.17,13.35
GSS,GSS Infotech,12.11,31.06,31.68,0.00,-49.14,498.55,28.16,-31.00,0.72
502250,Lerthai Finance,452.00,,31.64,0.00,-0.25,-31.58,0.00,,-3.94
512425,Nirav Commercial,808.95,631.00,31.55,0.00,0.61,80.00,6.31,67.82,0.76
ARMOUR,Armour Security,18.70,5.94,31.55,0.00,2.41,61.74,27.40,48.75,22.83
LEXUS,Lexus Granito,15.13,30.25,31.46,0.00,-0.65,-225.00,11.54,-44.97,6.89
UMA,Uma Converter,15.50,9.91,31.43,0.00,1.05,150.00,129.03,14.16,7.19
544585,Sihora Indust.,59.00,32.40,31.43,0.00,0.32,-69.23,10.54,32.91,11.48
531301,Tusaldah,133.90,,31.38,0.00,-0.18,,2.90,1060.00,-29.05
521133,Gem Spinners,5.11,,31.37,0.00,-0.09,50.00,0.00,,-20.76
543637,Pace E-Commerce,13.85,8.28,31.21,0.00,1.58,-13.66,57.92,26.88,7.53
KKVAPOW,KKV Agro Powers,499.35,9.52,31.14,0.91,-1.38,-268.29,615.67,17.70,16.37
531744,Gini Silk Mills,55.65,19.57,31.12,0.00,0.23,-30.30,10.25,-7.07,4.03
512301,Chambal Brewer,41.55,,31.12,0.00,-0.08,-14.29,0.00,,-18.54
538521,Yaan Enterprises,100.40,39.90,31.12,0.00,0.41,78.26,13.75,475.31,17.31
540310,Classic Filament,50.90,,31.12,0.00,-0.06,-200.00,0.00,,-2.53
AUROIMPEX,Auro Impex,25.50,7.48,31.11,0.00,2.54,15.98,115.35,-16.86,9.75
541338,U. H. Zaveri,10.16,621.40,31.07,0.00,0.01,,8.82,124.43,0.25
530133,Amco India,75.42,22.14,31.00,0.00,0.94,771.43,32.18,23.53,3.11
530267,Arigato Universe,50.83,13.65,30.99,0.00,1.17,1270.00,8.82,25.64,20.40
KAUSHALYA,Kaushalya Infra.,895.00,93.91,30.99,0.00,-0.37,-152.86,0.07,75.00,0.58
526345,Panjon,18.05,43.03,30.98,0.00,0.19,-17.39,12.12,-12.36,4.97
524661,Welcure Drugs,0.25,,30.90,0.00,-49.86,-2062.99,0.00,-100.00,-3.40
539561,Remedium Life,0.35,14.49,30.87,0.00,8.62,,111.06,,
542248,Deccan Healthcar,12.46,12.39,30.84,0.00,0.33,175.00,20.98,1.11,3.28
530309,Chandra Pr. Intl,11.11,62.88,30.81,0.00,5.99,5000.00,164.27,-45.32,4.49
PHOGLOBAL,Phoenix Overseas,15.90,8.97,30.76,3.77,4.65,36.87,371.95,29.69,6.38
530419,Sumedha Fiscal,38.51,12.71,30.75,2.60,-2.30,-951.85,28.73,71.62,4.91
PROLIFE,Prolife Indust.,75.00,7.23,30.71,0.40,2.76,200.00,25.77,-10.49,12.17
NIRMAN,Nirman Agri,38.30,1.74,30.68,5.22,3.03,-77.80,50.34,-59.43,15.24
512036,Skybiotech Healthcare,160.15,,30.67,0.00,-0.30,72.22,1.83,79.41,-9.32
524080,Haryana Leather,62.40,12.87,30.63,1.60,0.39,-2.50,14.75,9.83,8.20
538646,Qgo Finance,43.99,9.08,30.59,1.36,0.95,25.00,5.03,24.50,13.46
530289,S P Capital Fin.,50.80,8.70,30.53,2.95,-2.85,-9400.00,0.76,-54.76,7.66
NFPSAMPOOR,NFP Sampoorna,24.15,6.74,30.51,0.00,2.55,119.83,22.17,40.76,24.14
523840,Innovative Tech,13.53,16.26,30.40,0.00,0.52,115.81,33.20,-1.10,11.54
539761,Vantage Knowledg,0.89,253.25,30.39,3.75,-0.60,43.40,0.09,-88.75,0.62
SAIFL,Sameera Agro,5.10,1.82,30.37,0.00,6.65,46.48,94.30,13.30,17.73
538743,Mudunuru,9.60,,30.34,0.00,-0.47,-4800.00,0.98,-76.72,-41.60
FALCONTECH,Falcon,11.30,9.99,30.27,0.00,2.64,654.29,43.35,213.22,11.21
SUPERSPIN,Super Spinning,5.50,,30.25,0.00,-7.13,46.00,1.64,-13.68,2.96
MADHAV,Madhav Marbles,33.79,77.54,30.24,0.00,1.49,7350.00,9.24,20.47,1.71
511710,Cubical Finan,4.63,177.47,30.17,0.00,0.07,216.67,0.27,-20.59,2.11
MEDIORG,Medicamen Organ.,24.70,,30.05,0.00,-6.06,-338.58,4.78,-77.85,-10.66
SUNREST,Sunrest Lifescie,35.00,7.29,30.04,0.00,6.57,,36.82,,28.55
524514,Tulasee Bio-Eth.,50.96,,30.03,0.00,-0.04,0.00,0.00,,-4.19
523021,Rishi Techtex,40.57,12.00,29.99,0.00,0.47,-56.48,42.68,19.96,10.46
544520,Sampat Aluminium,35.35,5.05,29.98,0.00,1.22,-62.58,96.87,37.48,14.71
514223,Ramgopal Polytex,20.66,,29.96,0.00,-0.12,-100.00,0.22,450.00,-9.13
543319,AA Plus Trade,1.23,66.49,29.92,0.00,0.17,-69.64,1.98,-73.81,1.55
502933,Katare Spinning,104.90,,29.90,0.00,-1.28,-197.67,0.98,-29.50,-1.00
539176,Hawa Engineers,84.44,12.20,29.78,0.00,0.65,35.42,23.74,-3.18,16.16
526711,Adarsh Plant,30.00,,29.73,0.00,0.06,104.69,3.19,-27.83,5.97
500206,Margo Finance,65.00,27.77,29.71,0.00,0.71,438.10,1.07,872.73,1.28
538838,Indo Cotspin,41.55,,29.67,0.00,0.00,,2.00,4.71,1.18
543914,Swati Projects,29.37,4.14,29.66,0.00,2.54,1584.62,7.64,4144.44,62.36
526945,Tyroon Tea Co.,87.00,,29.58,0.00,-5.82,14.03,2.14,-42.01,-6.07
KANANIIND,Kanani Industrie,1.49,11.43,29.48,0.00,0.55,329.17,12.91,-61.70,3.92
526355,Duropack,55.89,15.92,29.45,0.00,0.49,188.24,10.57,16.28,12.13
534612,Advance Meter.,18.33,,29.44,0.00,-6.27,11.69,2.41,-25.62,-8.22
531380,Centenial Surgic,80.50,,29.37,0.00,-2.31,-95.76,12.58,-5.48,2.52
531635,Silver Oak (I),77.50,,29.37,0.00,-0.74,-107.14,0.00,,-0.32
SECL,Salasar Exterior,2.85,,29.34,0.00,-2.53,-8333.33,0.00,-100.00,-6.39
530973,Alfa Ica (I),72.60,15.44,29.33,0.00,0.56,-48.15,25.90,27.15,10.79
531137,Gemstone Invest.,1.47,73.22,29.29,0.00,0.39,290.00,0.92,162.86,1.90
543754,Transvoy Logist.,109.95,16.73,29.28,0.00,0.55,-61.81,34.82,67.48,10.97
530747,Challani Capital,19.50,39.00,29.25,0.00,0.17,-82.11,0.57,-49.11,9.50
502589,Vapi Enterprise,128.10,19.74,29.21,0.00,0.42,13.89,0.62,3.33,5.32
539013,Gita Renewable,71.00,,29.20,0.00,0.20,2100.00,0.00,,0.00
GTECJAINX,G-Tec Janix,28.64,,29.18,0.00,-0.66,7.04,1.57,-9.25,-36.32
543540,Pearl Green Club,109.00,36.02,29.18,0.00,0.85,525.00,5.30,91.34,4.18
526871,Intec Capital,15.88,4.23,29.17,0.00,4.92,58.71,2.72,-9.63,18.39
539354,Polyspin Exports,29.16,5.24,29.16,0.00,0.49,-39.51,55.73,-7.66,7.27
539519,Sattva Sukun,0.76,265.00,29.15,0.00,-0.71,-142.86,8.50,709.52,0.59
537069,Arnold Holdings,12.25,6.59,29.12,0.00,-2.48,53.12,45.89,0.75,9.37
531557,Amit Securities,40.89,53.76,29.03,0.00,-0.23,-148.94,0.69,-10.39,0.93
530291,Paos Industries,47.50,,28.99,0.00,-1.20,48.28,18.60,14.53,1.87
533212,GKB Ophthalmics,57.49,15.22,28.98,0.00,1.12,112.47,29.79,-3.97,11.00
539559,Deep Health AI,2.01,4.38,28.97,4.98,-4.52,207.32,0.25,-44.44,20.22
PEARLPOLY,Pearl Polymers,17.20,,28.95,0.00,-4.08,7.90,5.59,-10.27,-15.61
539428,Tejnaksh Health.,14.25,23.54,28.95,0.00,0.35,-29.41,2.55,-20.56,6.28
509887,Sinnar Bidi Udy.,722.00,,28.88,0.00,-0.37,-825.00,1.20,22.45,-3.24
KEEPLEARN,DSJ Keep Learn,1.85,,28.81,0.00,-0.76,-1800.00,1.50,-54.68,-11.05
518053,Sri Chakra Cem.,32.01,,28.81,0.00,-1.76,90.63,30.17,9.87,-86.41
543065,SM Auto Stamping,21.03,8.59,28.79,0.00,2.56,-10.18,37.19,4.79,15.88
GSTL,Globesecure Tech,18.05,,28.77,0.00,0.62,119.94,12.82,100.94,1.18
543375,Promax Power,11.50,33.43,28.75,0.00,-0.94,-187.85,34.40,-7.23,6.51
526901,Sonal Adhesives,47.40,19.02,28.72,0.00,0.51,74.36,34.23,7.61,13.48
TIMESCAN,Timescan Logist.,41.05,4.53,28.69,0.00,4.45,9.34,169.88,24.39,25.91
543410,DMR Engineering,27.60,20.49,28.68,0.51,-0.44,-137.61,4.99,-28.92,18.94
543341,Sharpline Broadc,10.00,3.62,28.63,0.00,4.48,6.01,37.25,19.16,25.74
NAGREEKCAP,Nagreeka Cap.,22.67,3.86,28.60,0.00,-2.34,-131.08,7.41,-53.48,14.46
MICROPRO,Micropro Softwar,20.00,,28.60,0.00,0.82,249.09,10.72,-36.04,-1.42
526043,Polymechplast Ma,51.04,9.93,28.59,1.96,2.53,1388.24,21.75,13.40,13.33
AGARWALFT,Agarwal Float,39.45,19.44,28.58,0.00,0.02,-98.08,26.85,-32.16,10.06
BLUEPEBBLE,Blue Pebble,70.00,58.29,28.56,0.71,-0.26,,11.14,,2.38
540079,Sprayking Ltd,1.35,15.02,28.53,0.00,-0.40,-294.40,44.72,58.92,7.99
531814,Tirupati Sarjan,8.63,6.01,28.48,0.00,1.24,0.74,80.06,2.77,7.76
SIMBHALS,Simbhaoli Sugar,6.90,,28.48,0.00,-1.74,-92.33,192.21,-42.04,-6.48
AGSTRA,AGS Transact,2.21,,28.38,0.00,-194.26,-1163.07,209.60,-43.92,1.26
543546,Healthy Life,5.72,7.10,28.38,0.00,1.05,28.05,85.19,95.61,10.56
544195,United Cotfab,16.50,7.58,28.36,0.00,1.34,36.73,80.01,26.56,8.84
511730,BYLD Capital Finance,18.86,,28.30,0.00,-1.28,-1500.00,0.06,,-39.27
539011,Chennai Ferrous,78.50,8.37,28.30,0.00,1.98,942.11,5.85,-89.79,3.67
FLFL,Future Lifestyle,1.40,,28.25,0.00,-7.53,96.27,177.61,-78.68,-72.64
511593,Libord Finance,17.99,44.12,28.24,0.00,-0.03,78.57,0.22,22.22,3.94
519475,Chordia Food,70.00,36.15,28.20,0.00,0.27,107.69,1.57,96.25,6.72
523467,Jai Mata Glass,2.82,,28.20,0.00,-0.06,89.66,0.00,-100.00,-10.27
QUICKTOUCH,Quicktouch Tech,22.00,,28.20,0.00,0.44,-57.14,10.59,4.23,-2.92
532284,TCFC Finance,26.87,,28.16,0.00,-5.54,-82.24,-7.87,-118.01,-3.17
508664,Best Eastern Hot,16.70,,28.14,0.00,-0.54,-1700.00,1.07,-19.55,-6.19
539267,Samsrita Labs,12.35,,28.10,0.00,-0.48,,0.02,,-62.42
MEDISTEP,Medistep Health.,19.75,4.69,28.06,0.00,3.01,22.36,35.76,25.92,27.25
IDENTICAL,Identical Brains,20.00,17.75,28.05,0.00,0.21,-86.45,9.61,-31.75,5.41
530925,Ramsons Projects,93.00,79.97,27.99,0.00,2.13,-6.17,0.00,,12.47
PNC,Prit Nandy Comm.,19.35,5.63,27.99,0.00,-2.06,-379.07,2.49,-68.04,-0.13
INFOMEDIA,Infomedia Press,5.57,,27.96,0.00,-0.93,12.16,0.00,,
544400,Manoj Jewellers,31.11,3.10,27.95,0.00,3.37,34.80,45.02,29.22,30.19
SITINET,Siti Networks,0.32,,27.91,0.00,-43.57,22.16,296.10,-2.12,
544471,Takyon Networks,19.48,7.64,27.90,0.00,0.44,,28.97,,11.66
523489,Chennai Meena,37.30,,27.86,0.00,-0.02,-106.45,9.81,6.98,-3.07
531960,June Industries,5.82,,27.77,0.00,-0.28,-2700.00,0.20,400.00,-112.20
544640,Riddhi Display,32.14,6.52,27.77,0.00,1.14,-40.31,14.61,36.93,20.65
531626,Orosil Smiths,6.72,1.21,27.76,0.00,22.72,2704.94,0.51,-79.10,193.46
540190,Franklin Indust.,0.36,,27.76,0.00,-11.06,-218.73,6.37,-93.03,-23.39
MPEL,Manas Polymers,35.70,3.26,27.76,0.00,4.08,80.53,31.50,106.15,30.17
WILLAMAGOR,Williamson Magor,25.27,,27.70,0.00,-2.53,-116.43,0.06,-87.76,0.43
511549,Morarka Finance,61.53,16.58,27.69,2.44,0.38,171.43,0.58,100.00,1.58
526847,Ashirwad Steels,22.15,13.71,27.69,0.00,0.46,-36.11,0.81,-2.41,3.25
543352,Platinumone Bus.,175.00,40.13,27.69,3.43,2.90,1833.33,16.73,12.51,13.37
541945,Ranjeet Mechatr.,6.92,83.88,27.68,0.00,-0.06,-103.82,14.26,85.44,5.45
544052,Benchmark Comp.,40.26,8.15,27.63,0.00,1.87,179.10,37.38,52.88,14.50
EASTSILK,ESI,55.19,,27.60,0.00,-13.42,-480.79,5.50,15.79,-5.83
JETKNIT,Jet Knitwears,62.45,458.67,27.52,0.00,0.01,-98.59,10.87,-18.58,3.41
544500,Abril Paper,34.40,18.31,27.46,0.00,0.43,-24.56,27.05,-2.31,12.34
500450,MPIL Corporation,480.25,,27.37,0.09,-3.65,-54.66,0.01,0.00,-21.60
ARUNAYA,Arunaya Organics,15.60,7.35,27.36,0.00,1.79,-8.21,48.90,-10.68,15.24
507813,Natl. Oxygen,54.20,,27.33,0.00,-1.78,31.27,3.97,-53.94,-21.54
508969,Sulabh Engineers,2.72,16.17,27.33,0.00,0.97,50.82,1.82,85.71,4.69
511533,Sahara Housing,39.01,80.32,27.31,0.00,0.07,-65.00,1.87,-13.02,2.87
530705,Anirit Ventures,45.50,,27.30,0.00,-1.31,-33.67,0.00,-100.00,-28.00
KRIDHANINF,Kridhan Infra,2.44,27.51,27.23,0.00,0.93,16.46,0.44,-82.95,
KHANDSE,Khandwala Sec.,17.83,,27.20,0.00,-0.44,78.54,2.30,94.92,-3.47
524314,Guj. Terce Labs.,34.89,10.92,27.18,0.00,0.10,107.08,11.40,-7.47,39.78
530407,Epic Energy,34.21,37.23,27.18,0.00,0.32,-51.52,1.86,-21.85,6.77
505336,Harshil Agrotech,0.29,,27.07,0.00,-5.36,-197.81,7.25,-71.82,17.39
531968,IITL Projects,54.20,21.64,27.05,0.00,0.19,-40.62,0.00,100.00,9.25
539310,Thinkink Picture,0.19,19.87,27.02,0.00,0.38,124.36,0.02,-99.61,1.16
532124,Reliable Ventur.,24.50,,26.97,0.00,-0.22,-4.76,0.00,,-2.82
524727,Span Divergent,37.10,,26.95,0.00,-1.12,-7.87,4.65,745.45,-29.96
505212,Jainex Aamcol,120.00,19.37,26.93,0.00,0.52,842.86,7.72,30.19,10.59
TREEHOUSE,Tree House Edu.,6.35,,26.87,0.00,-9.05,-1075.32,0.62,-67.02,-6.97
533100,Premier Energy,6.49,,26.84,0.00,-0.15,-120.55,0.00,,-1.74
511543,GSB Finance,44.64,,26.78,0.00,-0.31,-181.82,0.28,3.70,0.49
500370,Salora Intl.,30.39,,26.77,0.00,-2.87,-133.33,11.12,-78.91,-1.13
504340,Longspur Intl,8.66,53.52,26.76,0.00,0.16,-15.79,0.75,15.38,2.26
SGL,STL Global,9.74,,26.74,0.00,-0.70,-79.49,20.62,-24.80,1.56
BOHRAIND,Bohra Industries,12.62,,26.72,0.00,-1.03,47.98,0.00,,-4.93
GML,Galaxy Medicare,17.60,7.81,26.70,1.99,1.40,-15.66,21.27,-3.14,13.62
509895,Hindoo. Mills,160.75,,26.68,0.00,-3.54,-1345.45,4.07,3.30,-2.56
521141,Aditya Spinners,15.94,86.06,26.68,0.00,1.47,800.00,13.68,-1.87,0.49
FEL,Future Enterp.,0.37,,26.63,0.00,-1422.11,-118.40,7.89,-97.55,-10.84
NEXTMEDIA,Next Mediaworks,3.98,,26.62,0.00,-1.93,6.20,0.00,,-0.62
544013,KK Shah Hospital,38.99,,26.55,0.00,-0.30,57.14,4.61,-7.24,-5.49
538647,Purshottam Inves,35.75,,26.54,0.00,-3.49,-283.52,1.09,-25.34,-0.78
541006,Angel Fibers,10.60,20.70,26.50,0.00,-0.45,-125.14,101.04,1.23,10.25
514386,Gujarat Cotex,2.79,,26.49,0.00,0.16,-60.98,6.39,30.94,2.54
506003,Sudal Industries,31.64,,26.48,0.00,0.58,-82.53,49.45,12.06,14.83
VERTEXPLUS,Vertexplus Tech.,48.30,,26.47,0.00,-2.61,-201.56,12.55,13.27,-12.77
LIBAS,Libas Consumer,10.04,10.88,26.45,0.00,-0.63,-141.72,17.14,-45.31,3.97
544437,Marc Loire,37.25,14.94,26.45,0.00,0.59,-75.62,20.08,-25.88,11.38
544175,TGIF Agribusines,102.00,13.06,26.39,0.00,0.96,24.68,1.59,7.43,17.84
531416,Narendra Prop.,37.00,13.35,26.29,2.70,0.01,-97.14,0.00,-100.00,6.93
523752,Trans India,3.70,13.62,26.29,0.00,1.72,537.04,25.58,144.78,6.17
543934,Machhar Industri,354.10,34.51,26.23,0.00,0.29,163.64,6.08,73.22,8.43
544313,Nacdac Infra.,24.89,5.91,26.20,0.00,2.36,-29.13,39.40,-4.35,20.53
538935,Abhishek Finle.,56.46,372.00,26.04,0.00,-0.01,-214.29,0.11,120.00,1.81
539938,Medico Intercon.,26.04,,26.04,0.00,-2.33,-155.56,22.49,6.29,-1.43
526628,Ajwa Fun World,40.62,,25.96,0.00,-4.80,-108.11,0.27,-75.23,-0.94
541983,Innovative Ideal,22.80,,25.95,0.00,-4.81,-310.04,0.01,-99.69,-44.43
531651,Natl. Gen. Inds.,57.84,,25.93,0.00,-0.17,-154.84,2.50,-9.42,-1.02
543621,Cargosol Logist.,25.42,,25.93,0.00,-0.50,-155.56,64.09,5.39,7.35
501314,Prismx Global,0.59,4.23,25.91,0.00,2.21,204.25,0.37,-37.29,4.38
530459,Valson Industrie,33.76,53.88,25.86,0.00,0.24,-53.85,29.03,-13.21,3.57
514128,Konark Synth,44.50,,25.85,0.00,-0.06,93.55,12.15,-24.25,4.99
532154,Johnson Pharma,0.47,,25.85,0.00,-55.61,-12058.82,0.00,,-104.81
543578,Olatech Solution,58.01,15.28,25.82,0.00,-0.72,-175.79,10.31,7.28,14.39
531003,Swarna Securitie,85.99,37.94,25.80,0.00,0.16,60.00,0.00,,11.34
530037,Sparkle GoldRock,57.56,5.91,25.78,0.00,2.94,2142.86,50.73,654.91,48.14
506105,Stanrose Mafat.,64.80,,25.73,0.00,-0.89,0.00,1.72,,-8.15
519612,Lake Shore,73.40,142.72,25.69,0.00,0.19,11.76,0.00,,1.13
538777,Asia Capital,82.81,182.86,25.60,0.00,0.01,-80.00,0.09,80.00,3.02
531212,Nalin Lease Fin.,39.00,7.61,25.58,0.00,1.11,20.65,2.14,4.39,10.96
538382,West Leisure,83.70,511.20,25.56,0.12,0.01,106.67,0.10,190.91,0.51
544372,Shreenath Paper,13.00,8.93,25.55,0.00,2.08,8.90,59.28,18.94,8.97
530235,KJMC Financial,53.34,14.93,25.53,0.00,-0.28,41.67,0.87,1640.00,2.56
534741,Virtual Global,0.45,,25.48,0.00,0.07,,0.03,,-0.46
530179,RSC Internl.,44.29,,25.47,0.00,-0.07,87.04,0.00,,-256.00
504180,Standard Battery,49.22,,25.45,0.00,-0.13,7.14,0.00,,-41.32
530825,Daikaffil Chem,42.33,,25.40,0.00,-0.89,-154.29,1.97,-50.75,-27.84
540150,Mewar Hi-Tech,65.00,28.83,25.37,0.00,0.62,-78.17,31.49,-5.89,10.94
504648,Bombay Wire,47.50,8.74,25.36,0.00,2.95,14850.00,0.00,,-0.90
531340,Bervin Invest.,42.81,,25.25,0.00,1.86,72.22,0.00,,-50.22
CEDAAR,Cedaar Textile,18.10,,25.12,0.00,-75.20,-1180.46,81.83,-36.92,-50.96
TGBHOTELS,TGB Banquets,8.56,17.53,25.07,0.00,0.38,-58.24,10.43,-10.01,3.14
541337,Milestone Furn.,26.97,,25.07,0.00,-0.17,39.29,0.00,,-1.91
532007,Shreevatsaa Fin.,24.80,75.91,25.05,0.00,0.06,-33.33,0.23,4.55,2.05
AILIMITED,Abhishek Integr.,39.50,31.30,25.04,0.00,0.48,-35.14,14.28,-4.03,10.76
ARSHIYA,Arshiya,0.95,,25.03,0.00,-0.06,-101.15,4.50,0.00,
540953,Kenvi Jewels,1.97,29.29,24.90,0.00,-0.17,-221.43,49.50,-10.42,7.74
500016,Aruna Hotels,7.34,30.72,24.88,0.00,0.57,-62.75,6.23,1.96,12.36
526554,Salguti Industri,32.99,,24.87,0.00,-0.28,-240.00,27.53,14.18,5.38
523652,Kkalpana Plastic,44.77,412.67,24.76,0.00,0.03,,0.00,,1.11
530909,ERP Soft Systems,62.35,137.17,24.69,0.00,0.04,-66.67,1.79,-39.32,1.21
540063,ECS Biztech,11.99,821.67,24.65,0.00,-0.11,0.00,0.33,-23.26,7.05
PARAMOUNT,Paramount Dye,35.50,3.80,24.65,0.00,-0.02,-2.70,42.89,-4.75,9.54
QVCEL,QVC Exports,23.55,7.37,24.61,2.12,1.25,-65.37,232.38,44.10,9.19
544683,Aritas Vinyl,12.50,5.18,24.61,0.00,1.87,-13.43,51.73,3.13,11.65
544494,Globtier Infotec,16.26,23.42,24.59,0.00,-2.23,-175.35,32.97,-37.92,7.37
501700,IndiaNivesh,6.50,,24.54,0.00,-10.85,-1.78,0.06,-60.00,1.77
543309,Adeshwar Meditex,17.00,19.47,24.53,0.00,0.53,-60.45,26.05,-30.44,5.21
535730,Khoobsurat Ltd,0.52,,24.45,0.00,-4.70,-683.33,0.00,,-1.63
539012,Megri Soft,77.85,40.08,24.45,0.00,0.22,144.44,0.77,54.00,3.69
541005,Kanco Tea,47.69,,24.43,0.00,-14.08,-43.97,2.73,-36.07,-2.94
512247,Ashirwad Cap.,2.71,23.45,24.39,0.00,0.09,28.57,0.19,5.56,6.70
541503,Unick Fix-A-Form,44.46,28.69,24.39,0.00,-0.22,-121.15,14.57,9.55,6.35
511716,Invigorated Bus.,6.05,,24.35,0.00,-0.05,-25.00,0.00,,
TRIDHYA,Tridhya Tech,10.45,35.79,24.34,0.00,2.64,175.20,14.18,0.42,5.65
530953,Sunil Agro Foods,80.99,50.67,24.32,0.00,0.22,340.00,45.49,-24.13,9.02
544245,Naturewings Hol.,68.23,15.66,24.28,2.20,0.30,-16.67,12.53,39.22,18.38
543924,Sonalis Consumer,51.03,2.79,24.23,0.00,6.07,145.75,62.08,2.12,47.07
514177,Rishabh Sp. Yarn,67.99,,24.21,0.00,-0.03,85.00,0.15,,-16.07
LAXMICOT,Laxmi Cotspin,14.12,,24.21,0.00,-1.43,-164.13,17.28,-23.06,1.87
542934,Chandra Bhagat,32.00,7.91,24.14,0.00,2.60,1429.41,90.73,316.19,12.14
544596,Safecure Service,23.97,4.50,24.07,0.00,2.38,-22.22,26.97,-27.50,16.36
508571,Cochin Malabar,135.00,,23.90,0.00,-0.15,-108.67,0.00,,-11.64
542678,Cian Healthcare,9.55,,23.88,0.00,-17.97,37.58,16.98,42.69,-15.51
531503,Maris Spinners,29.21,,23.87,0.00,0.33,-74.81,45.91,2.18,7.58
508961,Shricon Indus.,192.00,12.27,23.81,0.00,0.23,187.50,1.13,232.35,45.89
532217,CMX Holdings,20.98,,23.80,0.00,-0.22,-83.33,0.00,,-50.75
522036,Miven Mach. Tool,79.19,,23.78,0.00,0.03,118.75,0.17,,
531870,Popular Estate,16.95,,23.73,0.00,-0.07,-120.00,0.00,,-0.58
YUDIZ,Yudiz Solutions,23.00,36.51,23.73,0.00,0.93,210.62,11.44,16.02,2.54
THESL,Thinking Hats,19.00,19.14,23.73,0.00,0.51,-80.08,15.16,-61.15,5.96
544559,Om Metallogic,30.18,5.04,23.73,0.00,3.77,69.82,53.07,57.66,22.46
531402,LWS Knitwear,16.21,9.97,23.72,0.00,0.96,-15.04,32.57,-33.99,11.25
523566,Martin Burn,45.99,12.46,23.68,0.00,0.17,-95.78,0.00,-100.00,4.33
KALANA,Kalana Ispat,18.15,24.40,23.67,0.00,0.96,92.00,26.97,-2.18,3.49
TGL,Teerth Gopicon,19.70,,23.64,0.00,-19.13,-300.95,0.84,-98.76,27.59
506981,Bluechip Tex Ind,119.95,124.37,23.63,0.00,1.05,1600.00,52.60,-6.14,1.39
511092,JMD Ventures,8.16,75.97,23.55,0.00,-0.10,-158.82,0.15,-6.25,1.61
544341,Landmark Global,11.41,,23.52,0.00,-9.36,-220.15,2.71,-86.19,-8.35
511176,Parshwanath Corp,74.85,,23.44,0.00,-0.36,-3700.00,0.12,0.00,0.33
500358,Rama Petrochem,15.20,,23.44,0.00,-1.95,-6.56,0.16,300.00,-44.12
543814,Prospect Consum.,37.99,9.48,23.31,0.00,0.40,-61.54,27.90,56.39,13.27
539494,Smart Finsec,7.75,23.72,23.25,0.00,0.17,-15.00,0.50,13.64,8.41
531930,Sarthak Industri,25.00,29.41,23.23,0.00,1.60,131.88,97.11,-5.78,6.67
544433,Valencia India,17.80,10.52,23.14,0.00,1.23,38.20,5.05,47.23,9.23
514332,Neo Infracon,43.55,25.70,23.13,0.00,0.79,-38.76,2.06,-59.53,9.61
531502,Esaar (India),11.31,2.08,23.12,0.00,25.01,1216.52,21.46,751.59,30.86
544779,UHM Vacation,34.79,3.68,23.12,0.00,2.66,,26.69,,29.68
531227,Deco-Mica,54.96,33.45,23.08,0.00,0.04,-95.40,20.21,-8.96,6.99
531608,Gorani Industrie,43.01,36.60,23.06,0.00,0.04,-88.24,7.81,8.47,7.95
526139,Transgene Biotek,3.04,,23.03,0.00,-0.46,35.21,0.05,-37.50,-2.36
539409,Neeraj Paper Mkt,20.91,45.10,23.00,0.00,0.21,275.00,42.26,-2.18,3.72
544625,Logiciel Soluti.,30.75,9.77,22.96,0.00,-1.21,,8.01,,8.48
507486,Caprolactam Chem,49.82,13.02,22.92,0.00,0.84,286.67,3.07,90.68,19.69
521131,Shree Bhavya,24.12,10.05,22.91,0.00,0.66,-26.67,43.82,-9.22,9.15
524434,Asian Petroprod.,9.33,18.93,22.91,0.00,1.04,5300.00,10.01,-68.24,11.52
SHUBHLAXMI,Shubhlaxmi Jewel,21.55,21.56,22.85,0.00,-1.57,-7750.00,40.27,29.44,6.86
530401,Vinyoflex,52.89,7.12,22.84,0.00,1.08,145.45,11.80,9.97,12.43
531255,Paragon Finance,53.70,,22.82,0.00,-4.88,-495.12,-0.90,-446.15,-3.78
MANDEEP,Mandeep Auto,19.95,19.84,22.82,0.00,0.82,-70.40,20.09,23.33,4.35
500246,Envair Electrody,49.17,207.36,22.81,0.00,-0.11,52.17,0.00,,1.47
543941,Ahasolar Technol,74.00,108.62,22.81,0.00,0.32,-83.42,55.69,59.48,2.87
531049,Neelkanth Rock,45.19,99.04,22.78,0.00,0.24,-35.14,0.00,,3.92
531437,Prakash Woollen,22.20,175.23,22.78,0.00,1.45,176.32,11.88,98.99,2.29
531324,Roselabs Finance,22.65,,22.65,0.00,-0.05,0.00,0.00,,-166.67
531583,Rap Corp,38.48,0.52,22.63,0.00,0.64,93.94,0.00,,133.49
539230,Chemiesynth(Vapi,73.68,,22.62,0.00,0.60,215.79,5.50,-17.66,-0.23
538918,Vani Commercials,7.68,62.72,22.58,0.00,0.09,-25.00,1.55,15400.00,5.01
505343,Monotype India,0.32,,22.50,0.00,-0.22,-103.32,0.00,-100.00,-4.91
544624,K K Silk Mills,10.01,4.69,22.46,0.00,1.56,-39.06,135.11,13.15,11.23
503685,Mediaone Global,15.25,,22.45,0.00,-1.10,-1671.43,0.92,-43.21,165.29
543623,Vedant Asset,81.29,56.12,22.45,0.00,0.18,500.00,2.68,39.58,9.23
531512,Orient Tradelink,5.80,16.50,22.44,0.00,0.08,107.21,3.72,-15.26,4.25
507966,Ras Resorts,56.50,43.13,22.43,0.00,0.06,500.00,3.95,14.83,4.71
539470,Shree Ganesh Bio,0.56,58.74,22.32,0.00,-0.15,84.21,2.12,-29.57,0.80
524522,Laffans Petroch,27.89,54.41,22.31,0.00,-3.26,-33.61,1.89,46.51,0.40
524210,Pentokey Organy,35.55,111.45,22.29,0.00,-0.13,-316.67,-1.86,-404.92,2.09
523222,SRM Energy Ltd,24.59,50.64,22.28,0.00,2.06,2388.89,0.00,,108.16
511758,Mansi Fin.(Chen),63.00,6.80,22.24,0.00,-0.50,-206.38,1.67,-64.32,10.70
ASPIRE,Aspire & Innovat,14.65,8.69,22.24,0.00,1.66,-4.05,116.24,73.83,6.91
544371,Vikram Aroma,70.92,,22.24,0.00,0.16,126.23,7.39,18.24,-0.79
542682,Harish Textile,66.60,4.01,22.22,0.00,1.85,21.71,36.36,11.16,26.48
533602,Lesha Industries,0.78,158.50,22.19,0.00,-0.04,-116.67,3.53,451.56,0.28
524400,Ishita Drugs,74.05,28.38,22.14,0.00,0.18,-37.93,3.06,-32.89,8.66
513422,Bloom Industries,33.35,19.25,22.14,0.00,0.70,775.00,0.00,-100.00,11.25
544348,GB Logistics,27.00,2.45,22.13,0.00,1.93,-69.27,62.65,-59.58,17.64
531821,Munoth Fin.Serv.,43.04,,22.10,0.00,-1.27,-195.35,0.00,-100.00,-7.06
542906,Easun Capital Ma,42.27,92.08,22.10,0.00,0.19,-5.00,1.08,227.27,1.32
544813,Seemax Resources,50.20,9.86,22.09,0.00,,,,,29.18
508922,MSR India,3.51,,22.07,0.00,-0.03,57.14,0.00,,
539435,Richfield Fin,22.85,63.03,22.06,0.00,-0.16,-245.45,4.30,150.00,9.08
542477,Gleam Up Jwel Limiteed,22.00,183.67,22.04,0.00,0.08,500.00,4.53,-63.05,1.11
514060,Newtrac Foods,3.27,,21.97,0.00,0.08,-66.67,22.00,64.55,-69.48
GUJRAFFIA,Guj. Raffia Inds,40.56,20.88,21.92,0.00,0.41,310.00,26.99,239.07,6.36
522245,Iykot Hitech,21.11,,21.91,0.00,-0.45,-28.57,0.11,-83.82,-32.31
530405,Jindal Capital,30.35,19.36,21.88,0.00,0.34,254.55,1.35,75.32,11.16
SILLYMONKS,Silly Monks,15.79,,21.85,0.00,-1.12,-11100.00,5.07,-21.64,-17.68
509046,Triliance Poly,42.63,94.70,21.78,0.00,0.04,-71.43,0.00,,6.39
543538,Goel Food,11.54,7.72,21.76,0.00,2.39,-47.59,13.20,-20.05,10.93
539884,Darshan Orna,2.17,37.43,21.71,0.00,0.09,-18.18,25.07,944.58,3.58
520127,Balurghat Tech,11.89,41.62,21.64,0.00,4.61,668.33,31.81,21.46,7.16
539174,Helpage Finlease,21.74,7.36,21.63,0.00,0.39,-39.06,2.87,-6.51,12.68
519532,Asian Tea & Exp,8.67,37.93,21.62,0.00,-0.36,68.70,25.04,1.17,2.04
514326,Patspin India,6.99,,21.61,0.00,-2.80,-12.45,10.58,-6.62,-8.85
544422,Abram Food,41.90,9.19,21.60,0.00,0.60,-54.20,56.20,159.11,13.48
ANKITMETAL,Ankit Met.Power,1.53,,21.59,0.00,-76.06,-76.27,146.87,-25.51,-34.20
539378,Soni Medicare,50.44,,21.51,0.00,-0.37,-205.71,6.58,-12.50,-12.07
TAPIFRUIT,Tapi Fruit,50.00,,21.50,0.00,-0.82,1.20,13.35,60.84,-5.97
511131,Kamanwala Housin,15.15,,21.35,0.00,-1.56,-103.44,1.87,-82.59,-2.26
531541,Kobo Biotech,8.90,,21.20,0.00,-1.33,-8.13,0.00,,-125.57
505840,Jaipan Industrie,34.75,6.27,21.20,0.00,0.10,100.00,5.20,-14.33,5.68
532304,KJMC Corporate,54.00,10.82,21.20,0.00,-0.17,60.47,2.29,92.44,5.87
544312,Hamps Bio,24.30,,21.17,0.00,-5.43,-1745.45,44.83,43.27,-33.72
500014,Utique Enterp.,3.80,11.26,21.16,0.00,-2.46,-176.40,0.00,-100.00,3.98
519413,Datiware Mari.,42.25,,21.13,0.00,-0.13,-30.00,0.10,0.00,0.96
MIEL,Manglam Infra,12.00,6.73,21.12,0.00,1.60,1700.00,21.86,-21.42,9.52
521149,Prime Urban,7.91,,21.08,0.00,-0.43,-119.37,0.00,-100.00,
513498,South. Magnesium,70.24,162.08,21.07,0.00,0.06,185.71,0.90,11.11,3.65
522289,NMS Global,69.98,29.25,21.06,0.00,0.16,-23.81,35.51,829.58,24.35
IMPEXFERRO,Impex Ferro Tech,2.39,,21.02,0.00,-0.94,48.07,0.00,,
532001,Inducto Steel,51.96,38.65,20.87,0.00,1.39,2216.67,64.84,61.33,5.94
541735,Vivanta Indust.,1.62,34.78,20.87,0.00,-0.80,51.52,38.25,-62.45,2.56
544417,Aten Papers,20.26,2.82,20.87,0.00,5.12,60.50,119.90,48.91,24.68
531395,Padam Cotton,0.95,1.91,20.85,13.68,4.33,91.59,24.41,86.19,47.07
540066,AMS Polymers,63.00,26.34,20.81,0.00,0.10,-41.18,28.50,1.35,10.38
SHRENIK,Shrenik,0.34,109.53,20.81,0.00,-1.03,-1387.50,11.65,145.26,
530821,SSPDL Ltd,16.08,1.60,20.79,0.00,7.30,377.12,14.31,1507.87,31.49
500051,Bhagawati Gas,12.41,20.98,20.77,0.00,1.75,226.81,0.04,-80.95,6.10
514266,Zenith Fibres,52.10,7.04,20.55,1.92,-0.01,98.15,11.31,-22.00,6.81
531262,Equilateral Ent.,16.63,85.46,20.51,0.00,-0.10,-225.00,8.00,49.25,2.03
531962,Shree Metalloys,38.96,14.12,20.48,0.00,0.46,12.20,27.15,-0.62,17.88
544539,Solvex Edibles,22.86,292.29,20.46,0.00,-0.72,-122.93,112.38,26.31,6.76
514221,K-Lifestyle,0.20,,20.45,0.00,-1.13,82.40,0.92,-65.54,-5.85
515059,Madhusudan Inds.,38.00,,20.44,0.00,-1.18,54.09,0.34,6.25,-2.03
526977,Crimson Metal,45.87,145.07,20.31,0.00,0.03,,1.88,-34.49,7.92
508867,New Markets Advi,41.07,,20.29,0.00,-0.13,-200.00,0.00,-100.00,-9.04
RAJASPETRO,Rajas. Petro Syn,12.51,,20.25,0.00,0.01,-98.44,0.06,0.00,
539900,Dalmia Industria,10.00,337.50,20.25,0.00,0.00,-100.00,1.77,-44.51,3.08
523832,Mukat Pipes,17.10,404.60,20.23,0.00,0.30,220.00,2.33,147.87,
531980,Senthil Infotek,39.98,2019.00,20.19,0.00,0.00,100.00,0.01,-50.00,0.38
526251,Mid East Port.,40.05,23.43,20.15,0.00,-0.50,-350.00,0.00,,22.66
531436,Saffron Industri,28.05,12.83,20.15,0.00,0.84,95.35,1.52,-38.71,
538610,Unison Metals,0.68,2.76,20.14,0.00,0.73,-67.98,88.50,-27.22,13.06
544436,Vandan Foods,24.00,15.24,20.12,0.00,-2.86,-158.97,160.90,197.69,6.71
505320,Lynx Machinery,195.95,,20.10,0.00,-0.65,-80.56,0.00,,-4.45
530361,Prabhhans Inds,32.16,15.11,20.09,0.00,0.11,-73.81,10.38,-52.21,14.05
ACEINTEG,Ace Integrated,19.70,,20.09,0.00,-0.34,75.36,0.09,-93.75,-6.79
SPPPOLY,SPP Polymer,13.05,,20.09,3.83,-3.20,-5433.33,56.96,6.43,-5.50
VIKASWSP,Vikas Wsp,0.98,,20.04,0.00,-40.72,-9831.71,0.00,,-10.14
543830,Labelkraft Tech.,61.61,15.26,19.99,0.00,0.75,-5.06,14.76,39.11,13.16
513430,Maitri Enterp.,45.40,33.30,19.98,0.00,0.47,2450.00,13.91,136.56,15.04
SKIL,SKIL Infrastr,0.92,2.24,19.92,0.00,-4.01,-195.93,0.00,,1.10
RADIOWALLA,Radiowalla,28.25,153.15,19.91,0.00,0.40,2.56,10.07,4.03,1.87
MFML,Mahalaxmi Fab.,18.75,3.79,19.91,0.00,1.55,170.45,38.43,45.79,6.64
538788,Gilada Finance,14.16,9.17,19.89,0.00,0.46,-13.21,1.88,5.03,12.48
505523,Mah. Corporation,0.32,,19.87,0.00,-0.02,97.30,0.00,,-0.58
530259,Inter State Oil,39.80,10.35,19.87,0.00,1.21,764.29,30.67,33.29,10.83
531246,Prima Industries,18.39,198.50,19.85,0.00,3.96,-163.33,1.59,-17.19,1.01
544331,Davin Sons Reta,30.00,25.77,19.84,0.00,0.20,-78.49,4.12,-43.09,6.14
538597,TTI Enterprise,7.80,,19.82,0.00,-2.30,-147.31,0.34,-50.72,-3.79
512175,Vama Industries,3.77,,19.81,0.00,-0.22,-132.84,6.51,49.66,-5.41
511016,Premier Cap Serv,5.34,29.54,19.79,0.00,0.25,247.06,0.15,25.00,3.29
531157,Organic Coatings,19.81,,19.76,0.00,-0.85,-8.97,9.62,51.50,-24.06
531784,KCL Infra,1.17,11.90,19.76,0.00,0.22,2100.00,44.21,384.76,5.11
530537,Manraj Hsg.Fin.,39.50,,19.75,0.00,-0.04,0.00,0.00,,-2.49
531539,Rish.Digh.Steel,35.99,79.00,19.75,0.00,-0.15,-128.85,0.60,-42.86,3.40
517360,SBEC Systems,19.75,13.08,19.75,0.00,1.77,24.65,0.99,-4.81,19.92
NEELAM,Neelam Linens,9.70,12.65,19.61,0.00,0.12,-93.18,64.21,-12.27,7.82
531319,Maruti Global Industries,39.16,27.19,19.58,0.00,0.52,147.71,13.42,,69.57
TCIFINANCE,TCI Finance,15.19,,19.55,0.00,0.11,-97.57,0.00,,
513295,IMEC Services,102.85,3.15,19.54,0.00,7.70,-68.58,0.01,-99.96,-7.09
530263,Global Cap.Mkt.,0.49,,19.52,0.00,-1.93,-227.12,-0.84,-278.72,-0.76
544011,Vrundavan Planta,31.50,11.02,19.50,0.00,0.52,-5.45,25.54,103.83,9.06
531129,Inani Marbles,10.48,108.28,19.49,0.38,0.41,158.57,10.47,-6.01,2.46
540597,Containerway Int,16.80,,19.44,0.00,-0.24,33.33,2.19,-71.96,-19.91
544139,Koura Fine Diamo,32.20,25.58,19.44,0.00,0.40,300.00,31.78,23.47,7.59
526755,Velan Hotels,6.08,,19.43,0.00,-7.00,41.03,0.00,,-2.24
516096,Sangal Papers,148.05,8.18,19.39,0.00,0.92,113.95,36.72,-21.56,7.37
541865,Add-Shop E-Reta.,6.82,18.39,19.31,0.00,0.36,0.00,56.99,14.60,1.96
531553,Disha Resources,26.38,,19.30,0.00,0.08,500.00,0.48,,-0.13
532723,MPDL Ltd,26.01,,19.27,0.00,-3.34,-53.92,5.38,472.34,-6.14
522267,Veejay Lak. Eng.,37.97,,19.25,0.00,-0.35,75.35,24.45,36.59,-6.64
ASTRON,Astron Paper,4.14,,19.25,0.00,-5.55,30.28,0.07,-92.05,-4.91
521048,Advance Lifes.,30.90,4.29,19.24,0.00,4.06,1403.70,0.00,,9.94
544221,Kizi Apparels,19.00,19.04,19.23,0.00,0.44,-2.22,28.73,105.21,11.33
540821,Crystal Business,1.90,158.75,19.05,0.00,3.19,351.18,4.60,-28.79,2.59
526761,Howard Hotels,20.79,57.39,18.94,0.00,0.43,-18.87,4.41,-8.12,5.13
526373,Cindrella Hotels,52.50,99.47,18.90,1.90,0.04,-66.67,2.88,7.46,3.65
HAVISHA,Sri Havisha,1.23,,18.88,0.00,-1.06,44.21,3.30,-3.51,-1.34
TECILCHEM,TECIL Chemical,9.96,,18.88,0.00,-0.16,-60.00,0.00,,
521210,Cityman,16.13,,18.87,0.00,-0.09,-12.50,0.00,,-4.47
538568,Fruition Venture,41.00,,18.86,0.00,-1.34,-1240.00,1.48,34.55,6.36
512024,N D Metal Inds.,75.99,125.67,18.85,0.00,0.04,-63.64,0.02,100.00,4.49
543678,Ambo Agritec,9.50,34.91,18.85,0.00,-0.89,-1333.33,68.69,1.03,5.16
513303,Modern Steels,13.64,17.71,18.77,0.00,0.66,-85.43,0.00,,5.71
531099,Centuple Global,34.23,12.40,18.72,0.00,-0.48,-700.00,279.41,111664.00,15.00
530779,Dynamic Portfol,16.00,37.42,18.71,0.00,0.37,3600.00,0.23,0.00,4.81
531025,Visagar Finan.,0.32,,18.69,0.00,-0.96,58.97,2.75,-76.29,1.06
543979,Kahan Packaging,68.59,15.95,18.66,0.00,0.60,3.45,15.45,8.57,13.86
540144,DRA Consultants,17.00,6.45,18.65,0.00,1.93,13.53,16.14,30.79,11.61
503657,Veer Energy,12.43,93.00,18.60,0.00,-0.62,-8.77,0.83,-66.53,0.39
539599,Kotia Enterprise,26.50,7.91,18.60,0.00,-2.22,5360.00,1.31,,4.20
539814,Le Lavoir,53.50,8.28,18.55,0.00,0.49,81.48,1.41,193.75,16.15
MONOPHARMA,Mono Pharmacare,10.50,53.00,18.55,0.00,0.33,-59.26,99.40,22.44,4.51
SATIPOLY,Sati Poly,37.50,5.38,18.55,0.00,2.63,-76.73,106.90,-31.51,20.33
543606,Containe Tech.,26.45,18.14,18.50,0.00,0.73,78.05,11.76,35.80,8.23
513575,Sterling Powerg.,35.13,18.68,18.49,0.00,1.62,678.57,17.06,2032.50,45.44
517320,Magnus Steel,54.64,2.84,18.47,0.00,2.41,487.80,7.30,274.36,170.70
531015,Venmax Drugs,15.94,73.84,18.46,0.00,0.11,-85.90,3.94,1093.94,2.96
511535,NDA Securities,30.90,,18.38,0.00,0.50,-46.24,5.25,288.89,0.00
530805,Onesource Indus.,5.97,6.93,18.36,0.00,-1.99,-2387.50,19.02,2.20,43.89
544160,Jay Kailash,36.75,15.30,18.36,0.00,0.36,-40.98,7.55,21.38,8.24
540147,Shashijit Infra.,2.52,37.37,18.31,0.00,0.36,120.22,6.65,21.35,4.01
PRECISION,Precision Metal.,7.95,,18.25,0.00,-3.34,-802.70,0.00,-100.00,-5.68
530697,Zenlabs Ethica,28.00,911.50,18.23,0.00,0.00,-100.00,10.58,-18.55,5.07
TVVISION,TV Vision,4.70,,18.21,0.00,-13.29,-69.08,0.15,-98.35,
532145,H. S. India,11.20,11.23,18.19,0.00,0.76,72.73,7.26,-0.82,7.08
VCL,Vaxtex Cotfab,0.99,3.29,18.19,0.00,0.79,-40.15,0.00,-100.00,17.95
540386,Ontic Finserve,2.02,33.67,18.18,0.00,-0.17,-440.00,0.00,,19.26
530469,GSL Securities,42.50,,18.17,0.00,0.09,1000.00,0.00,,-3.98
CMRSL,Cyber Media Res.,62.00,4.55,18.15,3.23,1.43,34.91,46.29,110.31,21.77
536709,IND Renewable,13.01,,18.12,0.00,-1.05,,0.00,,-4.58
YCCL,Yasons Chemex,9.35,19.20,18.05,0.00,-0.08,69.23,47.55,0.85,5.26
540615,7NR Retail Ltd,6.44,128.86,18.04,0.00,-0.32,-124.62,-0.40,-102.68,0.62
MARINETRAN,Marinetrans Indi,14.15,30.02,18.01,0.00,0.29,11.54,70.44,-10.79,5.32
540729,Vanta Bioscience,25.29,163.55,17.99,0.00,1.93,240.88,1.51,357.58,1.19
524576,Vivid Global,19.65,24.58,17.94,0.00,0.27,125.00,14.60,11.37,11.91
SHYAMTEL,Shyam Telecom,15.88,,17.90,0.00,-0.36,33.33,0.00,,
542728,S K Internation.,24.40,,17.89,0.00,-0.12,-105.53,0.14,-90.85,-2.49
509015,Thakral Services,15.20,,17.84,0.00,0.12,,0.33,266.67,
543765,Earthstahl &All.,14.53,,17.78,0.00,-1.71,-1121.43,27.67,-22.28,-9.85
534755,Trio Merc. Trad.,2.61,886.50,17.73,0.00,0.06,-25.00,0.85,102.38,0.53
506520,Jayshree Chem.,6.04,41.19,17.71,0.00,0.07,185.71,6.56,55.08,2.19
521105,Olympia Industri,29.39,9.22,17.70,0.00,0.42,33.33,72.67,10.64,6.73
531521,Desh Rakshak,31.00,31.54,17.66,0.00,0.30,-16.67,3.45,-21.41,6.53
519574,Hindustan Agrig.,40.11,294.17,17.65,0.00,-0.41,7.69,0.00,,1.24
526508,Shahi Shipping,12.17,,17.63,0.00,-0.69,-303.23,1.59,-48.21,-16.67
531582,Beryl Securities,36.29,55.00,17.60,0.00,0.16,206.67,1.57,175.44,9.30
531552,RTCL,14.66,9.94,17.59,0.00,0.12,-61.29,0.00,,4.59
530829,Cil Securities,35.11,10.51,17.56,0.00,0.11,-74.42,1.73,-14.78,7.02
QFIL,Quality Foils,61.50,11.94,17.55,0.00,0.65,8.33,89.75,21.56,7.00
531737,Greencrest Finan,0.48,12.99,17.54,0.00,-1.41,64.57,14.41,15.46,5.08
534338,Max Heights,11.23,17.89,17.53,0.00,-0.36,-28.57,1.35,21.62,3.96
SPRL,SP Refractories,97.85,4.96,17.51,0.00,1.33,18.75,11.85,-25.24,28.59
543769,Indong Tea Co,9.01,,17.50,0.00,-1.45,48.76,8.27,-48.09,-0.31
540727,Poojawes. Metal.,17.25,10.93,17.49,5.80,-0.23,-141.82,22.59,52.84,10.72
530665,Zenith Health,3.24,1741.00,17.41,0.00,-0.34,-409.09,2.62,-23.62,0.27
524038,Venlon Enterpris,3.33,,17.40,0.00,-1.23,89.51,2.49,-11.39,-12.14
NIDAN,Nidan Laborator.,12.50,9.88,17.38,0.00,0.07,-86.36,12.42,-11.22,5.99
511246,Bombay Talkies,3.20,,17.28,0.00,-0.04,0.00,0.02,-50.00,-3.68
531887,Tacent Projects,49.14,1725.00,17.25,0.00,0.07,40.00,0.10,-97.00,10.53
531902,Gallops Enterp.,34.30,343.80,17.19,0.00,-0.04,-233.33,0.03,-40.00,3.72
531893,Sawaca Enterpri.,0.30,,17.16,0.00,-1.06,39.08,12.37,28.05,0.56
544083,Shree Marutinand,49.60,4.75,17.16,0.00,2.54,20.09,71.32,18.93,16.77
506947,Advance Petroch.,190.50,571.67,17.15,0.00,0.25,-7.41,15.74,3.83,7.25
539946,Bazel Internatio,17.40,23.72,17.08,0.00,-0.35,-142.86,1.04,-57.38,2.36
544242,Travels & Rent.,8.00,5.62,17.08,0.00,1.56,-10.34,4.65,-10.23,24.13
523062,J J Finance Corp,60.35,,17.02,0.00,-0.19,55.81,-0.15,63.41,0.30
511756,Abirami Fin.,31.50,33.35,17.01,4.76,0.13,18.18,0.00,,3.45
512565,Neelkanth,39.00,68.00,17.00,0.00,-0.17,-173.91,0.00,-100.00,5.05
512624,Regent Enterp.,5.07,4.62,16.96,0.00,-3.16,-12.03,271.93,37.05,10.90
541634,Raw Edge Indust.,16.82,,16.92,0.00,0.20,121.98,10.61,-0.75,1.95
537985,Infronics Sys.,21.32,,16.90,0.00,-0.16,-139.02,0.00,-100.00,-24.79
507970,Paramount Cosmet,34.79,337.80,16.89,0.00,-0.05,-150.00,2.79,-53.34,7.94
513173,Steel Strips Inf,19.54,,16.88,0.00,-8.76,-10.33,0.34,3.03,-5.01
530369,Vamshi Rubber,40.00,25.13,16.84,0.00,0.19,111.11,18.71,-8.55,7.72
514028,Rajkamal Synth.,25.49,60.11,16.83,0.00,0.04,-66.67,5.10,311.29,3.20
538975,Shree Securities,0.21,279.33,16.76,0.00,-0.25,-183.33,0.27,28.57,1.53
514454,Southern Latex,22.75,59.79,16.74,0.00,0.25,19.05,0.00,,4.78
526891,Market Creators,15.84,,16.63,0.00,-0.21,-176.19,5.28,-25.53,5.58
WINSOME,Winsome Yarns,2.35,,16.62,0.00,-3.66,-94.68,0.78,85.71,-13.51
526477,South Asian Ent.,41.47,,16.59,0.00,-0.04,-300.00,0.15,275.00,-3.29
517356,ACI Infocom,1.50,,16.57,0.00,0.24,318.18,0.00,-100.00,-11.14
543595,EP Biocomposites,98.51,11.34,16.56,0.00,1.37,65.06,9.57,25.92,16.27
544373,NAPS Global,37.33,10.67,16.54,0.00,0.28,-79.86,54.78,29.41,12.59
530141,Gyan Developers,55.08,,16.52,0.00,-0.06,-500.00,0.00,-100.00,-0.84
539679,Kapil Raj Financ,1.51,30.04,16.52,0.00,-0.07,0.00,0.00,,3.98
531178,Hemang Resources,12.50,,16.50,0.00,-0.56,-172.73,6.84,-9.16,-2.03
523896,AVI Products,49.91,,16.50,0.00,-0.57,-2950.00,0.08,-95.09,-28.62
531409,Alchemist Corp.,33.54,,16.47,0.00,0.86,714.29,3.37,,-6.64
516098,Ventura Textiles,8.46,,16.46,0.00,-0.10,87.95,0.00,,
542654,V R Films & Stud,14.99,16.96,16.45,0.00,0.10,103.64,3.10,29.71,12.73
544509,Krupalu Metals,28.00,5.94,16.44,0.00,3.05,312.16,42.77,157.19,18.85
511493,Shrydus Indust.,5.13,,16.42,0.00,-0.02,98.98,0.00,,-0.12
531572,Ranjit Securitie,61.00,234.43,16.41,0.00,-0.25,-189.29,0.32,18.52,1.87
538609,Gajanan Sec.Serv,52.90,23.78,16.41,0.00,0.19,-20.83,-0.04,,0.71
532676,P B A Infra.,12.10,,16.34,0.00,-57.12,-1997.68,5.60,-37.92,-23.43
511501,Bharat Bhushan,24.15,54.43,16.33,2.48,0.62,51.22,0.82,38.98,0.76
544178,Piotex Indus.,32.00,24.74,16.33,0.00,0.58,-66.47,23.51,-65.73,4.23
539189,Adhbhut Infra.,14.81,,16.29,0.00,-0.65,-66.67,0.15,0.00,
543372,Getalong Enterp.,7.70,24.31,16.29,0.00,0.55,-39.56,0.50,-56.52,6.04
503626,Manglam Global,16.23,45.08,16.23,0.00,0.29,34.78,10.76,177.32,7.64
540023,Colorchips New,9.53,,16.21,0.00,-0.33,17.50,0.06,50.00,-8.70
503659,SW Investments,180.00,67.50,16.20,0.00,0.08,,0.13,62.50,3.98
536738,Stellar Capital,6.49,,16.20,0.00,-0.77,61.50,0.65,-33.67,-0.19
GAJANAND,Gajanand Inter.,8.60,405.00,16.20,0.00,-0.05,93.59,57.20,10.87,1.80
511601,Yash Mgmt & Sat.,9.50,88.56,16.15,0.00,0.39,168.06,11.85,184.17,1.48
532042,Frontline Corp.,32.27,6.70,16.14,0.00,0.83,-5.68,33.05,15.96,5.37
501351,Rapid Invest.,75.00,100.75,16.12,0.00,-0.15,-165.22,0.76,43.40,1.96
538922,COSYN,21.49,134.33,16.12,0.00,0.04,0.00,1.06,49.30,2.27
538273,Response Info.,19.01,7.33,16.06,0.00,1.31,98.57,6.40,-0.16,11.92
531228,Rander Corpn.,13.00,,16.04,0.00,-1.99,-197.01,1.18,257.58,-8.35
530907,S I Cap. & Fin.,31.73,59.33,16.02,0.00,0.14,-30.00,1.09,28.24,8.68
521242,Kandagiri Spinng,41.59,,16.01,0.00,-0.75,-247.06,0.49,-46.74,-11.56
526532,Square Four Pro.,8.16,,16.01,0.00,-0.10,-42.86,0.00,,-1.20
524414,Norris Medicines,16.00,,16.00,0.00,0.05,121.74,1.41,-48.16,3.36
505685,Taparia Tools,10.50,0.11,15.94,642.86,38.84,24.69,266.72,9.85,49.99
530675,York Exports,47.30,2.79,15.91,0.00,0.08,-33.33,1.43,-54.75,14.22
544628,Astron,18.50,4.61,15.91,0.00,1.86,-4.12,34.34,75.83,21.61
531509,Step Two Corp.,21.50,,15.90,0.00,-1.36,-162.96,3.16,22.96,-32.15
542034,S.M. Gold,12.00,10.12,15.89,0.00,0.78,680.00,33.10,125.63,5.84
512591,Pulsar Intl.,0.37,158.50,15.85,0.00,-3.77,-756.82,73.68,747.87,0.47
531360,Golech.Glob.Fin.,28.75,,15.81,0.00,-0.39,76.92,2.22,-70.56,-5.17
542677,Mahesh Developer,37.98,112.64,15.77,0.00,0.08,60.00,0.00,,1.24
543285,Rajeshwari Cans,15.03,7.04,15.77,0.00,0.94,9.30,20.22,-1.80,17.50
544366,L.K.Mehta Poly.,41.00,24.98,15.74,0.00,0.33,-5.71,13.92,17.37,7.98
HEADSUP,Heads UP Venture,7.11,,15.70,0.00,-3.11,-382.73,2.80,120.47,1.57
543377,AFLOAT Enterpris,12.50,,15.70,0.00,0.17,-71.19,0.80,-86.89,0.00
521226,Uniroyal Ind,18.97,,15.69,0.00,-0.21,-200.00,28.21,-1.12,1.59
532167,Omkar Pharmachem,15.55,130.67,15.68,0.00,0.02,200.00,0.09,-35.71,0.74
RADAAN,Radaan Media.,2.88,,15.60,0.00,-0.78,-59.18,1.65,-28.26,-38.00
VIVO,Vivo Collaborat.,77.35,,15.59,0.00,1.17,160.00,3.25,273.56,-7.22
541771,Amin Tannery,1.44,70.68,15.55,0.00,0.04,-63.64,6.13,-36.28,5.28
VIVIDHA,Visagar Polytex,0.53,,15.51,0.00,-0.42,16.00,0.00,,-17.81
544101,Brisk Technovisi,77.45,15.34,15.49,4.39,0.59,321.43,14.20,-16.91,17.97
540938,Gujarat Hy-Spin,9.23,309.20,15.46,0.00,0.35,-10.26,46.13,-2.25,4.69
544072,Aik Pipes & Poly,24.23,171.33,15.42,0.00,0.83,1085.71,7.56,-18.09,2.94
523594,Kunststoff Inds.,22.24,8.96,15.32,0.00,0.44,91.30,3.17,4.28,17.11
539124,Sarvottam Finve.,20.43,,15.32,0.00,-0.24,-242.86,0.16,-33.33,-0.69
521068,Hisar Spg. Mills,40.88,4.62,15.29,0.00,0.66,-36.54,10.82,0.84,14.51
541703,Raconteur Global,11.50,,15.27,0.00,-20.54,-7707.41,3.72,644.00,-24.19
526075,Rekvina Labs,25.30,,15.25,0.00,-0.06,-50.00,0.72,,-333.33
539384,Krishna Capital,48.29,,15.25,0.00,-0.08,-233.33,0.13,-38.10,-1.92
523782,Mitshi India,17.29,117.08,15.22,0.00,-0.04,233.33,1.29,25.24,4.34
BOSS,Boss Packaging,34.20,9.16,15.21,0.00,0.81,-12.90,10.04,1.62,15.72
519500,BKV Industries,9.82,,15.17,0.00,-0.01,,0.20,0.00,-1.83
539224,HCKK Ventures,40.67,,15.09,0.00,-1.05,-1412.50,0.00,-100.00,-27.26
532092,Epuja Spiritech,1.33,,15.04,0.00,-5.84,-531.82,1.58,-77.52,-55.59
534691,Comfort Comtrade,15.01,,15.04,3.33,-13.16,-19.96,-17.28,-28.00,-27.07
FLEXITUFF,Flexituff Vent.,4.58,,15.03,0.00,-69.26,-151.89,0.27,-99.55,-26.79
536073,Julien Agro,1.26,39.50,15.01,2.98,-6.07,-62.30,112.65,119.38,1.07
541444,Palm Jewels,14.90,14.96,14.96,0.00,0.15,114.29,49.24,30.99,7.63
531033,Regal Entertain.,16.75,298.40,14.92,0.00,0.22,10.00,0.37,0.00,0.74
538539,Annvrridhhi Ven,9.21,20.72,14.92,0.00,0.74,138.71,35.36,118.81,5.83
531346,Eastern Treads,28.50,,14.91,0.00,0.61,-526.09,13.45,-14.49,1.90
530357,KBS India,1.37,164.78,14.83,0.00,-0.10,-266.67,-0.05,-111.63,0.39
530899,Asia Pack,56.00,64.22,14.77,0.00,-0.03,-115.79,0.02,-66.67,1.28
530839,CLIO Infotech,13.38,22.32,14.73,0.00,0.38,3900.00,0.72,700.00,2.87
531341,Ashtasidhhi Ind,19.62,184.12,14.73,0.00,-0.01,-200.00,1.26,260.00,1.65
521222,Sanblue Corp.,29.45,77.53,14.73,0.00,-0.07,-250.00,0.86,-48.50,0.41
SANWARIA,Sanwaria Consum.,0.20,,14.72,0.00,-1.21,6.92,0.27,3.85,-1.63
516110,Family Care,2.72,,14.69,0.00,-2.42,87.88,0.06,200.00,-25.62
SMVD,SMVD Poly Pack,14.60,,14.64,0.00,-1.56,57.09,0.05,-37.50,5.29
513063,Trans Freight,20.06,10.28,14.60,0.00,0.30,-43.40,0.00,,3.66
CONTI,Continental Seed,10.45,14.28,14.57,0.00,0.81,41.38,40.95,-13.28,5.05
530167,Moongipa Capital,15.80,19.84,14.48,0.00,-1.01,-90.57,2.15,95.45,4.94
530171,Daulat Securitie,28.90,,14.45,0.00,-2.95,-52.06,-2.84,-65.12,-9.59
544378,PDP Shipping,48.43,11.44,14.41,0.00,0.34,-81.82,15.14,25.23,9.51
531091,United Credit,26.99,16.72,14.38,0.00,0.22,340.00,0.83,2.47,3.62
531505,Indergiri Fin.,28.41,,14.38,0.00,0.17,110.97,1.43,142.37,-1.15
531778,Kachchh Minerals,27.09,,14.36,0.00,-0.05,28.57,0.00,,-57.30
539097,UR Sugar,2.73,32.57,14.33,0.00,0.11,-50.00,0.00,,3.27
531506,Shukra Bullions,28.50,285.80,14.29,0.00,0.02,166.67,0.88,-18.52,3.18
540703,Pro CLB,27.99,14.28,14.28,0.00,0.72,202.86,0.83,50.91,9.56
508980,Frontier Capital,8.50,285.00,14.25,0.00,-0.09,-190.00,0.17,54.55,5.38
UMESLTD,Usha Mart. Edu.,5.39,34.73,14.24,0.00,0.20,69.23,0.32,166.67,5.23
513403,P.M. Telelinnks,14.12,,14.23,0.00,-3.83,-450.00,0.00,-100.00,-1.94
514113,Adinath Textiles,20.85,284.00,14.20,0.00,-0.09,-80.00,0.00,,1.33
AURUS,AURUS GEM,4.80,8.18,14.15,0.00,0.35,102.29,1.77,-73.10,7.18
513699,Solid Stone Co,26.29,28.28,14.14,0.00,0.30,50.00,9.06,18.59,7.22
531274,Kinetic Trust,41.95,94.00,14.10,0.00,-0.01,-103.45,0.62,-45.13,5.72
543656,Technopack Poly.,13.05,11.64,14.09,0.00,0.81,-6.90,4.50,-44.03,7.81
511377,Mehta Integrat.,28.15,156.44,14.08,0.00,0.01,-94.44,0.16,-55.56,0.50
542938,Octavius Plant.,46.90,17.16,14.07,0.00,0.16,-33.33,38.14,714.96,7.32
536710,SRG Fingrow Fin,26.00,66.57,13.98,0.00,0.06,-64.71,0.59,-9.23,1.90
543256,Rita Finance and,13.96,20.23,13.96,0.00,0.12,-52.00,0.38,26.67,5.33
513401,Ashiana Ispat,17.50,0.36,13.94,0.00,-7.38,576.96,807.96,158323.53,63.77
MTEDUCARE,MT Educare,1.93,,13.94,0.00,2.60,112.77,9.88,-23.41,2.10
500192,Prag Bosimi Syn.,1.87,,13.91,0.00,-3.56,3.52,-0.50,49.49,-3.41
544474,BLT Logi.,29.00,3.62,13.91,0.00,2.18,-22.14,30.56,11.49,22.82
531685,Frontline Fin.,23.54,66.14,13.89,0.00,-0.01,50.00,0.41,1950.00,1.69
519064,Khandelwal Extra,163.00,66.00,13.86,0.00,0.07,333.33,0.15,7.14,9.59
533018,Simplex Mills,4614.75,,13.85,0.00,-0.11,-450.00,0.00,-100.00,
543282,Niks Technology,276.50,69.15,13.83,0.00,0.07,-58.82,1.59,-60.84,4.42
512064,Vishvprabha Ven.,44.24,,13.79,0.00,-0.35,-6.06,1.69,64.08,-0.77
540782,Sanghvi Brands,13.23,8.72,13.78,0.00,0.47,-46.59,6.08,-10.72,30.51
ARENTERP,Rajdarshan Inds,44.24,,13.76,0.00,-0.44,-51.72,0.11,57.14,0.19
526675,Tirth Plastic,30.92,36.21,13.76,0.00,0.16,1500.00,5.08,,17.69
530025,Samyak Internati,17.10,,13.68,0.00,-2.49,52.39,10.41,-22.72,1.53
RETAIL,JHS Svend.Retail,16.65,,13.66,0.00,-0.22,,4.27,,
503641,Zodiac Vent.,1.65,8.86,13.65,6.06,0.63,133.33,0.90,200.00,6.95
521062,Perfect-Octave,3.93,,13.64,0.00,-0.26,-972.41,0.07,-85.11,-11.67
523826,Sover. Diamonds,23.52,,13.62,0.00,-0.32,-146.15,2.31,-47.02,-22.78
CBAZAAR,Net Avenue,6.35,,13.62,0.00,-0.85,65.64,13.39,5.18,-32.63
531613,Meyer Apparel,1.69,,13.60,0.00,-0.24,-4.35,0.00,-100.00,
GLFL,Guj. Lease Fin.,5.01,271.80,13.59,0.00,0.06,20.00,0.00,,0.84
544556,Dhillon Freight,34.64,10.06,13.58,0.00,0.72,-47.06,11.54,4.34,16.42
509845,R J Shah & Co,484.50,5.61,13.57,0.52,0.19,5.56,0.00,,7.81
538928,Karnavati Financ,1.35,,13.57,0.00,-5.79,-557.95,2.60,900.00,-4.37
519506,NCC Blue Water,17.50,42.38,13.56,0.00,0.12,135.29,0.00,,2.88
538895,Mihika Industrie,13.55,193.57,13.55,0.00,0.01,0.00,0.45,-72.89,0.41
539149,Integ. Capital,3.80,,13.52,0.00,-0.74,-1950.00,0.21,-16.00,3.01
530119,Natraj Proteins,36.00,11.84,13.50,0.00,1.11,-11.90,18.87,-18.17,5.63
538596,Cemantic Infra,5.38,,13.49,0.00,-0.10,-42.86,0.00,,-6.65
539985,Titaanium Ten,20.03,4.17,13.48,0.00,1.25,-18.06,75.99,17.81,15.91
531411,Tuni Text. Mills,1.03,14.31,13.45,0.00,-0.16,-200.00,17.40,2.53,10.61
532100,Indo-City Info.,12.90,47.93,13.42,0.00,-0.69,-64.29,0.51,-20.31,3.69
531240,Shamrock Indl.,24.73,,13.42,0.00,-0.10,-233.33,0.00,,-102.35
538520,Shivamshree Busi,1.77,89.27,13.39,0.00,0.64,252.38,4.57,167.25,4.80
VIKASPROP,Vikas Proppant,0.26,,13.38,0.00,-0.06,14.29,0.00,,0.09
CREATIVEYE,Creative Eye,6.66,,13.36,0.00,-0.14,-147.83,0.42,-65.00,-4.54
506935,Cont. Chemicals,59.35,26.18,13.35,0.00,0.12,-40.00,0.07,16.67,11.84
526622,MFL India,0.37,8.44,13.33,0.00,-0.40,51.81,18.23,-65.12,-9.96
TIJARIA,Tijaria Polypipe,4.64,,13.28,0.00,-0.30,-1400.00,0.00,,-1.88
UNIINFO,Uniinfo Telecom,12.40,,13.26,0.00,-0.76,-430.00,12.17,63.58,-0.99
544508,Vashishtha Lux.,56.16,7.12,13.24,0.00,0.83,-24.55,7.45,23.96,25.50
519483,Tai Industries,22.03,132.20,13.22,0.00,0.04,0.00,61.60,2.94,0.83
539190,Decillion Financ,37.75,,13.21,0.00,-0.11,-155.00,0.25,-3.85,0.08
514264,Seasons Textiles,17.62,77.65,13.20,0.00,-0.04,85.71,4.93,-15.87,3.94
501477,Muller & Phipps,211.00,,13.19,0.00,-0.33,29.79,1.50,-11.76,
538579,Zinema Media,18.50,25.80,13.16,0.27,0.30,25.00,3.32,906.06,4.59
520141,Sibar Auto Parts,7.96,,13.15,0.00,-1.24,-1133.33,6.59,12.46,-16.58
531594,Incon Engineers,30.32,,13.12,0.00,-0.11,-22.22,0.07,,-93.15
535431,GCM Securit.,0.69,,13.11,0.00,-1.23,-17.14,0.00,,-6.09
544025,Arrowhead Sepera,70.00,77.06,13.10,0.00,-0.03,90.00,14.32,20.13,3.45
513540,T N Steel Tubes,25.51,217.83,13.07,0.00,-0.04,20.00,25.67,26.14,5.25
543594,Dipna Pharmachem,4.97,4.97,13.07,0.00,0.18,-64.00,2.05,-87.12,7.64
DIL,Debock Industrie,0.80,,13.02,0.00,-0.19,5.00,0.00,-100.00,-0.77
531644,Tokyo Finance,18.66,65.05,13.01,0.00,0.06,100.00,0.22,4.76,1.46
519604,Suryo Foods,18.72,,12.97,0.00,-0.36,-271.43,0.00,,-111.54
544168,Varyaa Creations,27.00,24.87,12.93,0.00,-0.14,30.00,25.39,58.49,5.07
523790,Shukra Jewellery,9.50,,12.89,0.00,-0.71,-688.89,3.05,21.51,-0.08
540811,Diggi Multitrade,13.30,,12.87,0.00,0.00,100.00,0.00,-100.00,-1.19
508956,HB Leasing &Fin.,10.00,,12.86,0.00,-0.04,69.23,0.15,1400.00,-4.98
542865,Anuroop Packagin,11.62,4.21,12.84,0.00,0.52,-79.20,4.91,-40.84,11.15
520131,Coastal Roadways,30.92,8.12,12.83,0.00,0.04,-20.00,10.50,-1.78,8.70
517077,Ind-Agiv Commer.,41.92,,12.81,0.00,-0.02,97.18,0.06,-92.94,-11.10
543520,Global Longlife,12.20,,12.81,0.00,-0.40,61.54,0.00,,-3.92
543745,SVS Ventures,6.00,12.56,12.81,0.00,1.00,9900.00,16.66,,4.21
501148,Dalal Street Inv,400.00,,12.80,0.00,0.13,131.71,0.15,,0.48
531203,Tradewell Hold,42.65,10.08,12.80,0.00,-0.54,-175.00,0.51,168.42,12.05
540148,Bindal Exports L,27.80,45.68,12.79,0.00,0.04,-42.86,9.73,-23.02,3.85
500178,Harig Crankshaft,12.16,1.24,12.77,0.00,10.13,571.16,14.37,,128.37
539110,Northlink Fiscal,24.33,106.42,12.77,0.00,0.77,302.63,0.41,485.71,3.76
AMIABLE,Amiable Logistic,72.95,13.28,12.75,0.00,0.47,370.00,10.45,14.46,12.81
524055,Panther Indl. Pr,91.00,,12.74,0.00,-0.08,-60.00,0.00,,-4.67
516106,Sh. Karthik Pap.,6.66,,12.73,0.00,0.29,178.38,16.74,17.97,2.12
500142,FGP,10.69,181.71,12.72,0.00,-0.29,-93.33,1.73,2783.33,2.07
531397,Polycon Intl.,25.94,,12.68,0.00,-0.92,-178.79,4.57,-6.35,-2.69
511636,DJS Stock,1.68,634.00,12.68,0.00,0.00,-100.00,0.00,,0.61
531758,G K Consultants,11.20,126.70,12.67,0.00,-0.54,-1450.00,0.26,13.04,0.80
530201,Kallam Textiles,2.40,,12.67,0.00,-19.79,-130.12,71.17,12.29,-4.50
523151,OTCO Intl,9.76,422.00,12.66,0.00,0.10,1100.00,0.00,-100.00,0.40
543905,Innokaiz India,12.35,,12.63,0.00,-1.74,-102.33,5.76,3.41,-5.62
540756,Kaarya Facilit.,13.10,4.52,12.61,0.00,1.56,67.63,19.13,-9.55,39.55
506365,Starsource Multitrade,83.96,,12.59,0.00,-0.07,79.41,0.00,,-164.24
509024,Golden Legand Ls,8.46,2.12,12.58,0.00,0.55,-88.80,9.21,-74.38,91.63
541799,Sungold Media,11.41,627.50,12.55,0.00,0.01,,0.39,25.81,0.34
538857,Scintilla Comm,12.50,,12.53,0.00,0.07,-36.36,0.10,-37.50,-1.21
BILVYAPAR,BIL Vyapar,3.99,,12.52,0.00,1.41,452.50,0.00,,
542666,G K P Printing,5.69,24.55,12.52,0.00,0.04,-83.33,6.20,-13.77,4.40
MAKS,Maks Energy,18.05,16.05,12.52,0.00,0.60,26.32,27.97,-13.75,9.34
530111,Raj Packaging,27.29,35.63,12.47,0.00,0.21,240.00,8.00,0.00,4.96
513713,White Organic,3.56,12.71,12.46,0.00,-0.42,-210.53,13.16,213.33,2.50
523519,Universal Office,8.49,,12.44,0.00,0.01,-50.00,0.00,,-0.56
538787,Goenka Business,9.57,2.70,12.44,0.00,4.25,4150.00,36.12,151.88,83.14
544183,Associated Coat.,92.00,10.82,12.44,0.00,0.61,-11.59,5.16,37.97,20.27
524748,Link Pharma Chem,28.00,155.38,12.43,0.00,-0.41,-17.14,6.59,2.17,3.48
502893,United Interacti,67.95,29.60,12.43,0.00,-0.14,-121.43,0.00,-100.00,2.10
530993,Sarthak Global,41.40,1242.00,12.42,0.00,-0.34,-312.50,4.21,18.59,4.27
BCP,B.C. Power,1.78,17.01,12.42,0.00,-1.39,-308.82,2.26,-88.50,2.61
540936,Gautam Gems,3.03,17.69,12.38,0.00,0.41,1266.67,20.22,-11.20,2.08
543651,DAPS Advertising,23.89,9.16,12.36,0.84,0.91,16.67,12.33,11.58,10.35
540243,New Light Industries,1.41,29.40,12.35,0.00,0.09,-59.09,1.23,-63.50,3.89
540026,Ladam Affordab.,6.73,,12.32,0.00,-0.07,22.22,0.00,,-0.38
INSPIRE,Inspire Films,9.05,33.30,12.32,0.00,2.10,256.72,3.22,-14.13,2.92
531640,Suvidha Infra.,13.84,,12.31,0.00,0.01,-83.33,0.08,-57.89,-6.50
PARAMPARA,Parampara Dairy,11.70,7.59,12.29,0.00,1.56,1100.00,24.49,63.48,8.95
530127,NPR Finance,20.50,58.48,12.28,0.00,-0.08,0.00,1.00,-48.72,0.58
539526,Suncare Traders,0.48,18.55,12.24,0.00,-1.32,-560.00,0.34,-46.88,2.15
524768,Emmessar Biotech,24.45,27.80,12.23,0.00,0.03,142.86,0.09,-10.00,7.33
509563,Garware Marine,21.15,81.33,12.20,0.00,-0.05,-145.45,0.26,8.33,1.13
543927,Asian Warehous.,34.98,53.04,12.20,0.00,0.16,,0.41,-65.25,2.59
QUADPRO,Quadpro ITeS,2.40,57.76,12.13,0.00,-0.02,-108.33,3.29,-10.60,2.05
JIWANRAM,Jiwanram Sheo,4.90,12.01,12.13,0.00,0.36,-66.97,42.77,21.75,2.77
531574,Vas Infra.,7.99,36.64,12.09,0.00,0.39,490.00,0.00,,
SAROJA,Saroja Pharma In,30.00,7.44,12.06,0.00,1.04,48.57,31.47,-10.37,13.02
SHANTHALA,Shanthala FMCG,18.00,9.50,12.06,0.00,0.72,71.43,25.82,-0.12,5.98
540266,Globe Commercial,20.08,0.42,12.05,0.00,7.98,67.65,232.17,3.34,10.07
ORTINGLOBE,Ortin Global,14.81,,12.04,0.00,-0.01,93.75,0.30,233.33,-32.14
522237,Shivagrico Impl.,24.00,30.82,12.02,0.00,0.14,-39.13,12.10,-2.81,6.90
531286,Adhata Global,25.50,,12.02,0.00,-0.75,-263.04,0.12,-90.08,-29.80
503624,Svaraj Trading,8.14,21.45,12.01,0.00,-0.04,82.61,0.00,,1.07
526869,Kumbhat Fin.,22.50,14.45,11.99,0.00,1.15,-29.88,2.10,68.00,11.73
514248,Sreechem Resins,28.50,,11.97,0.00,1.05,94.44,7.84,-11.21,-0.60
538708,Econo Trade Indi,6.39,5.47,11.93,0.00,0.33,-53.52,1.66,-30.83,7.21
539016,Neil Industries,6.10,7.60,11.93,0.00,0.41,24.24,1.00,4.17,4.39
544636,Western Overseas,19.80,4.36,11.90,0.00,0.54,,4.94,,38.98
500357,Rama Paper Mills,12.29,,11.88,0.00,-1.41,77.69,0.00,-100.00,-180.12
526504,Dolphin Medical,7.87,297.00,11.88,0.00,0.01,114.29,0.19,35.71,0.64
UNIVAFOODS,Univa Foods,8.26,,11.83,0.00,0.13,244.44,0.15,,-236.36
526001,Jauss Polymers,25.50,,11.80,0.00,-0.40,-463.64,0.00,,-76.09
504697,Galada Power,13.30,,11.79,0.00,-0.16,5.88,0.00,,-18.37
DHTL,Docmode Health,37.50,,11.79,0.00,-0.09,82.69,17.85,-12.59,-0.29
540259,Shangar Decor,0.24,7.99,11.75,0.00,0.51,132.08,12.99,100.46,3.47
507938,Manipal Fin. Cor,14.01,,11.74,0.00,-0.02,,0.05,0.00,
531265,Progrex Ventures,32.45,,11.70,0.00,-0.05,44.44,0.00,,-1.93
538881,Galada Finance,39.00,26.59,11.70,0.00,0.22,46.67,0.76,40.74,10.31
519439,Pion. Agro Extr.,27.00,,11.69,0.00,-0.67,-2400.00,1.02,-0.97,-18.42
536672,VCU Data Managem,7.54,194.83,11.69,0.00,0.04,119.05,0.00,,0.27
ANTGRAPHIC,Antarctica,0.75,9.09,11.63,0.00,-0.08,-112.31,30.47,348.75,6.51
538422,Jackson Invest,0.40,5.08,11.63,0.00,2.14,318.37,0.12,-20.00,5.33
531834,Natura Hue Chem,28.02,,11.62,0.00,-1.04,-2180.00,0.00,,-11.34
514197,S & T Corporatio,3.64,,11.59,0.00,0.01,102.56,0.75,476.92,0.00
GLOBALE,Globale Tessile,10.90,,11.58,0.00,-0.41,56.38,8.06,1289.66,-3.65
526431,Welterman Intl.,25.88,,11.49,0.00,-0.26,-1200.00,0.00,,
526473,Elegant Floricul,5.00,5.35,11.45,0.00,-0.07,-158.33,0.00,-100.00,10.02
NIRAJISPAT,Niraj Ispat Ind.,190.50,7.06,11.43,0.00,0.39,30.00,0.89,-11.00,11.28
522209,Yogi Infra Proj.,6.78,,11.42,0.00,11.09,3065.71,47.96,-77.61,3.65
532315,Groarc Industrie,5.57,33.53,11.40,0.00,0.53,381.82,1.56,372.73,1.17
539468,Typhoon Fin Ser,37.97,142.38,11.39,0.00,0.01,200.00,0.10,25.00,1.62
526799,Union Qual. Pla.,16.42,,11.37,0.00,-0.07,-101.28,0.00,,-4.01
538742,Panabyte Tech,16.94,66.65,11.33,0.00,-0.13,-100.00,2.25,37.20,7.39
521206,Samtex Fashion,1.52,,11.32,0.00,-0.10,-233.33,0.00,,-0.11
530445,Sumeru Industrie,1.57,161.43,11.30,0.00,0.04,33.33,0.00,,0.48
539770,Darjeeling Industriies,14.36,6.64,11.29,0.00,0.07,116.67,0.75,,22.21
539123,V B Industries,8.60,80.50,11.27,0.00,-0.90,-172.73,6.50,1411.63,0.21
539005,Jayatma Enterp.,37.36,27.34,11.21,0.00,0.16,-20.00,0.06,-62.50,5.46
506906,Saptak Chem &,36.45,,11.20,0.00,-0.12,-50.00,0.00,,-48.00
EDUCOMP,Educomp Sol.,0.91,,11.14,0.00,-160.68,-5.40,112.60,-5.71,
DCMFINSERV,DCM Financial,5.02,,11.11,0.00,-0.13,83.95,0.00,,-4.92
544236,Resourceful Auto,41.80,7.35,11.10,0.00,1.30,-33.33,18.14,45.00,11.89
512279,N2N Technologies,34.30,,11.07,0.00,-2.79,-282.35,0.17,-52.78,-45.20
542850,Goblin India,8.01,4.79,11.07,0.00,0.77,305.26,30.46,0.30,7.86
544269,Neopolitan Pizza,6.50,55.25,11.05,0.00,0.15,135.71,16.41,-52.42,1.21
530065,Lords Ishwar,14.75,91.83,11.02,0.00,0.13,262.50,2.32,38.92,3.73
506313,Sashwat Technoc,355.25,,11.01,0.00,-0.08,-166.67,0.00,,-11.02
532072,Interworld Digi.,0.23,,11.00,0.00,-0.08,-33.33,0.00,,-0.31
530669,Ace Engitech,128.00,,10.99,0.00,-0.06,0.00,0.00,,
530799,Anna Infrastruct,28.88,14.63,10.97,0.00,-0.40,-188.89,0.04,-96.85,9.15
521234,Sri Nacha. Cott.,25.50,,10.97,0.00,-5.07,-731.15,14.88,-18.73,-5.51
531158,Catvision Ltd,20.04,72.87,10.93,9.98,0.08,113.33,5.38,12.32,1.10
532131,Triumph Intl.,14.53,2.79,10.90,0.00,0.89,-41.45,0.00,,8.58
544324,Citichem India,16.00,10.88,10.88,0.00,0.32,-71.17,4.68,-91.12,7.18
523712,JMG Corporation,4.69,,10.86,0.00,-0.24,-140.00,0.13,-81.43,-13.43
531680,Mayur Leather,22.46,24.66,10.85,0.00,0.31,3.33,0.00,,7.49
531235,CitiPort Fin.,34.96,32.85,10.84,0.00,0.09,12.50,0.21,10.53,16.41
538707,Rajasthan Cylind,32.15,,10.81,0.00,-0.14,-75.00,0.00,,-9.07
ISHAN,Ishan Internat.,0.50,27.02,10.81,0.00,0.31,263.16,13.50,-68.39,3.43
514400,Garware Synth,18.60,30.00,10.80,0.00,-0.09,-1000.00,2.41,-12.36,14.29
538894,Octal Credit Cap,21.60,,10.80,0.00,-2.16,-91.15,0.04,-50.00,-6.72
524606,Beryl Drugs,21.28,25.69,10.79,0.00,0.56,273.33,5.47,4.79,7.18
520081,Eastcoast Steel,19.85,18.48,10.72,0.00,0.30,150.00,16.81,414.07,3.12
EUROTEXIND,Eurotex Industri,12.20,,10.68,0.00,-0.93,-155.69,0.01,-98.00,0.44
531762,Unjha Formul.,23.81,15.24,10.67,0.00,-0.74,-80.49,3.33,36.48,27.79
507833,Computer Point,3.55,1065.00,10.65,0.00,0.54,550.00,0.00,,0.03
539864,Ghushine Fintrra,21.50,1063.00,10.63,0.00,0.01,,3.05,-6.73,0.36
517397,Pan Electronics,26.49,,10.60,0.00,-0.78,-239.13,0.53,-78.54,-17.10
BLUECHIP,Blue Chip India,1.91,,10.56,0.00,0.09,400.00,0.18,,
530429,Ashish Polyplast,30.96,81.00,10.53,0.00,-0.34,15.00,4.05,10.66,3.53
531441,Lyons Corporate,22.50,35.10,10.53,0.00,0.36,260.00,0.26,18.18,5.85
543460,Quality RO Indu.,41.31,,10.53,0.00,-0.70,-142.94,6.99,-13.70,0.44
538874,Nexus Surgical,19.15,14.16,10.48,0.00,0.24,166.67,2.05,38.51,69.23
531043,Dhanvantri Jeev.,25.48,26.10,10.44,0.00,0.30,900.00,7.24,24.19,3.88
544170,Dolphin Kitchen Utensils,7.87,2.91,10.43,0.00,0.03,-98.52,8.37,-80.23,7.50
SABAR,Sabar Flex India,5.45,40.08,10.42,0.00,0.13,186.67,82.42,-4.67,1.02
532744,GTN Textiles,8.94,,10.41,0.00,-10.21,-1944.44,3.49,,-15.78
534708,Shanti Guru Inds,8.42,0.92,10.37,0.00,11.46,9650.00,0.23,,71.68
537840,Raunaq Intl.,31.02,,10.37,0.00,-1.13,-305.45,8.24,-25.16,0.45
519230,Kisaan Parivar,11.77,12.95,10.36,0.00,-0.18,-133.96,0.50,-69.14,15.10
500202,India Lease Dev.,7.05,518.00,10.36,0.00,0.06,185.71,0.22,46.67,0.20
DIRL,Dhanuka Infra Realty,10.85,9.67,10.35,0.00,0.89,-66.79,2.33,-35.99,8.86
512443,Ganon Products,11.05,19.83,10.31,0.00,0.19,,4.06,,12.33
539506,Adcon Capital,0.52,,10.31,0.00,-2.98,-662.26,2.21,163.10,-3.15
511122,First Custodian,68.69,,10.30,1.46,-0.05,-600.00,0.09,-70.00,-1.63
540269,Super Fine Knit.,8.28,10.06,10.26,0.00,0.56,106.25,12.75,-11.52,3.78
543475,Ekennis Software,73.30,,10.26,0.00,-0.48,27.27,0.70,-36.94,-9.94
500277,Mid India Inds.,6.29,34.17,10.25,0.00,0.35,975.00,6.93,405.84,
VERITAAS,Veritaas Adver.,36.30,5.73,10.25,0.00,1.05,61.54,7.55,-8.48,17.03
507808,United Leasing,34.10,113.67,10.23,0.00,-0.01,94.44,1.37,-40.17,4.18
509760,Modern Shares,34.82,51.05,10.21,0.00,-0.06,-20.00,0.73,-6.41,2.62
521161,Sri Lak.Sar.Arni,30.50,,10.16,0.00,-3.79,13.67,20.76,-20.70,-13.79
544190,3C IT Solutions,16.86,17.50,10.15,0.00,0.43,290.91,37.28,186.33,5.12
512405,I Power Solution,17.17,,10.13,0.00,-0.70,-59.09,0.00,,-20.83
544015,Mish Designs,31.82,,10.13,0.00,-1.21,-292.06,2.32,-80.52,-3.46
524808,Phyto Chem (I),23.47,,10.09,0.00,-0.28,75.86,0.23,-84.25,-1.57
MEP,MEP Infrast.,0.55,,10.09,0.00,-604.90,-767.36,20.49,1.84,-401.21
539492,Garbi Finvest,8.60,,10.09,0.00,-5.01,-534.18,0.66,1420.00,-8.81
534422,Looks Health,9.60,504.00,10.08,0.00,0.01,-94.74,0.12,-69.23,0.20
531406,ANS Industries,10.87,4.41,10.06,0.00,2.69,2790.00,0.00,,-11.43
502281,Triveni Glass,7.97,,10.06,0.00,-0.27,-92.86,0.00,,-20.39
TRANSWIND,Transwind Infra.,13.15,11.70,10.06,0.00,0.29,26.09,10.09,-35.20,7.39
540174,Southern Infocon,20.02,,10.05,0.00,0.06,-33.33,3.00,-40.12,-2.03
530797,Sh. Ganesh Elas.,18.21,,10.02,0.00,0.04,102.19,2.53,75.69,-10.84
513488,Sh. Steel Wire,30.24,,10.01,0.00,0.23,221.05,2.43,122.94,-3.92
538496,Tarini Internat.,7.70,6.07,10.01,0.00,0.66,17.86,1.25,11.61,1.57
530809,BNR Udyog,33.31,,9.99,0.00,-0.49,-32.43,0.09,228.57,-9.58
COMPINFO,Compuage Info.,1.16,,9.95,0.00,-137.42,-1417.55,388.94,-69.83,-2.12
507917,East Buildtech,52.95,,9.94,0.00,0.97,792.86,0.04,0.00,-4.10
531210,Colinz Labs,78.64,19.43,9.91,0.00,0.17,13.33,1.75,20.69,7.20
539117,Sujala Trading &,17.31,,9.90,0.00,0.01,-95.45,0.08,-73.33,-0.10
530421,Kuwer Industries,10.86,4.93,9.86,0.00,1.60,2100.00,29.74,118.68,8.84
539090,Rajputana Invest,32.00,246.50,9.86,0.00,-0.02,-133.33,0.29,-86.51,1.47
531027,Libord Securitie,19.70,,9.85,0.00,-0.32,45.76,0.00,,-1.37
506122,Kairosoft AI,83.04,,9.82,0.00,-0.14,96.31,0.00,,-1.02
540696,KCD Industries,3.88,,9.81,0.00,-0.19,-416.67,0.00,-100.00,0.72
FELDVR,Future Ent. DVR,2.49,,9.80,0.00,6.10,-90.68,2899.46,22.43,
532078,Monind,26.59,,9.79,0.00,1.34,303.03,0.00,,
526500,Sterling Green,22.99,,9.75,0.00,0.09,-88.16,0.01,-99.12,-2.49
544398,Kenrik Indust.,7.80,,9.75,0.00,-0.59,-193.65,58.06,9.67,0.27
532359,Hit Kit Global,1.80,107.78,9.70,0.00,0.05,120.83,0.37,270.00,0.65
509423,Sanathnagar Ent.,30.59,120.50,9.64,0.00,-0.06,-50.00,0.00,,6.33
531017,Arihant's Secur.,19.26,41.87,9.63,0.00,-0.29,78.36,-0.19,80.21,0.83
540134,Ishaan Infrastru,14.81,,9.59,0.00,-0.11,26.67,0.00,,-3.66
507515,C J Gelatine,19.90,45.57,9.57,0.00,0.17,240.00,11.36,-0.18,6.53
540132,Sabrimala Indus.,10.96,28.94,9.55,0.00,-0.06,-166.67,0.00,,6.61
521080,Pasari Spinning,6.91,34.07,9.54,0.00,-0.06,-166.67,0.06,-64.71,16.28
526113,Uniroyal Marine,14.66,35.19,9.50,0.00,0.01,-99.06,14.09,126.53,10.98
544220,Clinitech Lab,41.50,22.55,9.47,0.00,0.12,-29.41,4.39,5.53,7.27
538794,Jet Solar,7.95,236.00,9.44,0.00,0.02,112.50,0.20,253.85,0.25
532397,Konndor Indust.,17.06,,9.41,0.00,-0.01,-108.33,0.00,-100.00,9.37
531909,Croissance Ltd,1.37,187.80,9.39,0.00,0.00,-100.00,0.28,,0.84
512618,RLF,9.39,,9.38,0.00,-0.24,14.29,0.08,-75.76,0.03
531257,Pratiksha Chem.,16.84,1.22,9.38,0.00,7.90,460.73,141.92,12029.91,-791.84
543207,Natural Biocon,3.64,,9.38,0.00,-0.09,81.63,0.88,-34.81,-0.13
544368,Swasth Foodtech,16.00,,9.37,0.00,1.22,106.78,111.01,38.16,0.29
PLADAINFO,Plada Infotech S,10.90,5.40,9.35,0.00,0.79,-22.22,37.93,9.85,12.10
540189,Unipro Technolgy,15.34,,9.33,0.00,-0.12,68.97,0.00,,-27.18
542446,Jonjua Overseas,3.42,1.14,9.33,2.60,5.72,,16.36,,19.64
531486,Filmcity Media,1.88,,9.32,0.00,-0.10,-25.00,0.00,,-9.49
523722,Svam Software,5.50,103.22,9.29,0.00,-0.03,86.36,0.04,,2.55
526959,Woodsvilla,15.31,,9.21,0.00,-0.01,90.00,0.14,27.27,0.21
509073,Hathway Bhawani,11.37,,9.21,0.00,0.12,1300.00,0.58,-4.92,-9.33
524624,Gagan Gases,20.28,65.50,9.17,0.00,0.13,18.18,1.81,72.38,5.57
514240,Kush Industries,6.00,,9.15,0.00,0.03,400.00,0.00,,-2.61
BALCO,Solve Plastic,20.85,20.70,9.11,0.00,0.02,100.70,23.76,11.13,7.89
523242,NB Footwear,6.70,,9.05,0.00,-0.02,71.43,0.00,,
530295,Sh. Rajiv. Oil,22.08,129.14,9.04,0.00,0.01,-85.71,0.00,,1.68
530281,Quantum Digital,29.75,,9.03,0.00,-0.19,-132.76,2.35,,
538770,Crane Infra,12.44,19.59,9.01,0.00,0.12,-47.83,0.35,0.00,2.08
542592,Humming Bird Edu,14.70,16.38,9.01,0.00,-0.12,37.21,2.67,108.59,31.28
513117,Amforge Inds.,6.24,,8.98,0.00,-0.48,-328.57,0.00,,-1.12
511688,Mathew Easow Res,13.50,112.25,8.98,0.00,0.03,50.00,0.57,-5.00,4.24
531878,Anjani Finance,8.84,56.06,8.97,0.00,0.04,-60.00,0.11,120.00,1.45
540914,SRU Steels,1.49,5.10,8.93,0.00,-0.04,92.00,1.18,-87.41,-1.25
531672,Inani Securities,19.55,111.38,8.91,0.00,0.00,-102.86,0.30,-6.25,1.44
539621,BCL Enterprises,0.76,,8.86,0.00,-5.93,-59400.00,0.23,-65.15,-12.00
530177,VK Global,20.89,68.08,8.85,0.00,0.17,185.00,0.46,666.67,3.98
530735,Super Bakers (I),29.12,18.70,8.79,0.00,0.13,-7.14,0.00,,10.65
543516,Dhyaani Trade,5.15,125.29,8.77,0.00,-0.13,7.14,4.80,226.53,0.45
538919,Skyline Ventures,22.00,,8.73,0.00,-0.20,-400.00,0.00,,-7.70
503863,Shree Mfg. Co.,10.50,,8.72,0.00,-0.08,-214.29,0.00,,
INDIFRA,Indifra Ltd,11.95,871.00,8.71,0.00,0.15,157.69,14.81,582.49,0.22
509449,Bhagawati Oxygen,37.62,2.66,8.69,0.00,3.26,2228.57,0.01,0.00,49.03
511664,BGIL Films & Tec,7.66,86.80,8.68,0.00,0.35,191.67,0.73,170.37,1.28
539228,Gala Global,1.59,,8.68,0.00,-0.49,76.33,0.00,-100.00,-3.91
RITEZONE,Rite Zone,20.50,25.50,8.67,0.00,0.16,-42.86,13.79,15.49,4.11
507759,Lime Chemicals,13.30,,8.65,0.00,0.03,-50.00,2.28,39.02,-2.05
526441,Vision Cinemas,1.22,,8.64,0.00,0.02,113.33,0.40,-41.18,-1.80
539206,Genomic Valley,28.25,287.67,8.63,0.00,-0.01,87.50,0.04,-84.62,1.02
PREMIER,Premier,2.84,,8.63,0.00,-1.76,24.46,0.00,,
523351,Standard Shoe,16.63,,8.62,0.00,-0.04,33.33,0.00,,
531846,Trinity League,10.88,,8.61,0.00,0.08,-61.90,0.18,-30.77,-5.78
540681,Chothani Foods,8.30,78.18,8.60,0.00,-0.01,-112.50,4.38,-7.98,2.23
520121,Arcee Industries,16.69,,8.58,0.00,0.00,-100.00,0.00,,-13.18
531585,Devine Impex,9.00,286.00,8.58,0.00,-0.09,,0.75,-19.35,0.29
543171,R O Jewels,1.70,,8.58,0.00,-0.06,-220.00,-0.02,-100.05,0.21
530027,Aadi Industries,8.54,,8.54,0.00,-0.07,-40.00,0.00,,-13.95
539692,Interactive Fin,12.32,2.38,8.54,0.00,1.33,443.59,2.84,234.12,16.35
511507,Ushakiran Fin.,33.60,,8.53,0.00,-0.09,-50.00,0.06,20.00,0.13
539383,Mahaveer Infoway,15.44,20.76,8.51,0.00,-0.13,-230.00,0.00,-100.00,17.43
511187,Millen. Online,1.70,850.00,8.50,0.00,0.04,150.00,0.65,62.50,0.89
539111,Sheshadri Indus.,17.10,1.91,8.48,0.00,0.97,-27.07,7.50,44.79,51.26
538212,Sharp Investment,0.35,49.82,8.47,0.00,0.08,200.00,0.06,,0.04
524590,Hemo Organic,24.42,,8.46,0.00,-0.07,22.22,0.00,,-23.81
542146,Sh. Krish. Infr.,7.67,93.78,8.44,0.00,1.19,11800.00,-0.27,-175.00,0.92
511110,V B Desai Fin.,18.58,9.68,8.42,0.00,0.21,5.00,0.62,-12.68,9.29
531578,KMF Builders,6.90,,8.41,0.00,-0.05,-117.24,0.00,-100.00,-3.47
524604,Adline Chem Lab,14.38,,8.41,0.00,-0.09,-142.86,0.00,,-933.33
533149,Yunik Managing,5.88,,8.40,0.00,-0.06,-700.00,0.00,,-108.70
521137,Eureka Industrie,9.60,42.00,8.40,0.00,-0.49,-202.08,24.30,-37.92,361.90
530151,Vijay Textiles,4.58,,8.38,0.00,-3.83,80.03,1.41,-53.77,-2.20
540955,Tasty Dairy,4.10,,8.38,0.00,-0.11,95.63,0.00,-100.00,-5.36
543209,Billwin Indust.,19.99,17.79,8.36,0.00,0.14,-50.00,4.01,-4.52,5.37
526588,Photoquip India,13.92,,8.35,0.00,-0.92,-1122.22,4.84,5.22,1.57
524458,Indo Euro Indch.,9.20,26.03,8.33,0.00,0.06,175.00,8.12,112.57,3.79
517044,Intl. Data Mgt.,37.61,,8.27,0.00,-0.04,-33.33,0.00,,-280.00
504397,Ganesh Holdings,92.61,31.73,8.25,0.00,0.34,254.55,0.39,1200.00,3.87
539014,Kalpa Commer.,8.02,13.26,8.22,0.00,-0.12,95.08,9.66,243.77,1.38
531338,Milestone Global,16.36,10.95,8.21,0.00,0.31,416.67,3.13,-3.99,9.49
505797,Mipco Seaml Ring,22.80,90.78,8.17,0.00,0.12,500.00,3.17,,37.04
GATECHDVR,GACM Tech-DVR,0.43,0.95,8.16,0.00,1.66,-5.14,6.00,23.97,11.27
544094,Euphoria Infotec,28.00,5.25,8.13,0.00,0.88,7.32,8.91,42.33,12.86
531221,Mayur Floorings,16.00,54.07,8.11,0.00,0.09,1000.00,2.53,75.69,6.58
539408,Kuber Udyog,23.61,13.08,8.11,0.00,0.22,144.44,0.34,36.00,8.77
524642,Sikozy Realtors,1.81,,8.07,0.00,-0.15,-150.00,0.00,,-71.43
514140,Suryavanshi Spg.,16.45,14.94,8.07,0.00,-0.61,-88.33,1.75,157.35,15.73
526751,Gratex Industrie,26.60,73.27,8.06,0.00,0.04,300.00,1.27,81.43,4.47
SABEVENTS,SAB Events,7.67,,8.04,0.00,-0.17,43.33,0.59,3.51,
502271,Raasi Refractor,17.01,66.75,8.01,0.00,-2.08,-193.36,10.54,-12.82,10.53
526143,MPL Plastics,6.39,,7.99,0.00,0.16,223.08,0.00,,-242.86
538081,Haria Apparels,5.21,11.23,7.97,0.00,0.25,-26.47,1.98,,14.67
544231,Broach Lifecare,13.11,88.44,7.96,0.00,-0.23,-355.56,3.39,147.45,2.52
PPSL,Picturepost Stu.,2.70,9.42,7.91,0.00,0.60,-76.83,8.22,-58.08,4.27
SHANTI,Shanti Overseas,7.07,,7.85,0.00,-9.26,-3407.14,6.74,358.50,-14.31
538667,Sirohia & Sons,7.62,260.33,7.81,0.00,-0.13,-285.71,0.00,,0.25
531928,Golden Carpets,12.00,,7.79,0.00,0.01,-66.67,0.15,-34.78,-5.41
539032,Fraser & Company,9.57,,7.77,0.00,-0.27,55.74,0.37,,-10.69
WINNY,Winny Immigratio,35.60,,7.73,0.00,-4.63,-75.38,0.46,-88.27,-98.17
531661,Hittco Tools,11.66,,7.70,0.00,0.12,-75.00,2.47,-5.73,-5.86
531463,Global Infratech,54.25,,7.67,0.00,-0.45,81.71,1.20,-93.67,-3.95
543617,Reetech Intl,17.96,18.51,7.59,0.00,0.69,113.66,0.00,-100.00,4.48
509835,Prem. Synthetic,16.49,,7.57,0.00,-0.49,-77.12,1.78,-40.86,-4.57
537707,Laddu Gopal,0.56,18.88,7.55,0.00,-0.01,-101.89,13.21,,3.31
530057,Vivanza Biosci.,1.88,19.28,7.52,0.00,-0.45,55.00,6.36,1225.00,6.11
530063,Yashraj Contain.,4.40,,7.48,0.00,-0.07,12.50,0.00,,
531304,Nutech Global,23.21,46.50,7.44,0.00,0.01,-90.91,7.02,-7.14,8.36
512604,Haria Exports,6.44,74.40,7.44,0.00,0.00,-100.00,0.00,,0.70
519479,Omega Ag Seeds,9.40,21.23,7.43,0.00,0.32,-44.83,4.06,,92.11
526887,Indo Credit Cap.,10.25,123.50,7.41,0.00,0.09,0.00,0.13,8.33,1.03
532041,Hind.Bio Science,7.20,,7.38,0.00,-0.12,-209.09,0.00,-100.00,-2.43
534639,Vinayak Polycon,23.90,147.20,7.36,0.00,-0.06,-166.67,5.07,-0.98,4.36
524580,Priya,24.40,,7.32,0.00,-0.90,1.10,0.00,,
519285,Tarai Foods,4.12,,7.30,0.00,-0.05,58.33,0.00,,
539449,IGC Industries,2.10,,7.29,0.00,-14.62,,0.00,,-7.90
SRPL,Shree Ram Prote.,0.34,,7.28,0.00,-0.32,33.33,0.00,,-23.95
531779,Padmanabh Alloys,13.39,48.33,7.25,0.00,0.35,52.17,12.28,33.19,4.52
526468,Euro Leder Fash,16.20,362.00,7.24,0.00,-0.12,-170.59,8.00,49.25,7.12
532379,First Fintec,6.94,,7.22,0.00,-0.33,-13.79,0.43,0.00,0.09
530765,Agarwal Fortune,21.00,120.17,7.21,0.00,0.01,-90.00,0.42,-81.97,11.21
531323,Jayatma Industri,11.65,,7.19,0.00,-0.25,82.99,2.94,-76.23,-1.46
530251,Risa Internatio.,0.45,,7.18,0.00,-0.47,94.59,0.00,,-20.81
535657,Objectone Inform,6.80,79.44,7.15,0.00,0.52,116.67,4.34,-13.55,2.99
531432,Systematix Sec.,14.25,,7.13,0.00,0.00,100.00,0.08,14.29,-0.69
542524,Ambassador Intra,33.99,,7.11,0.00,-0.25,,2.10,,4.07
519262,Prima Agro,13.65,,7.08,0.00,-0.22,-117.32,2.79,16.74,0.09
523425,Sunraj Diamond,13.23,,7.05,0.00,-0.02,92.31,0.02,-97.83,-1.02
526859,ISF,0.74,,7.03,0.00,-1.87,-1084.21,0.42,-16.00,-12.93
511738,Mehta Securities,22.75,,7.03,0.00,0.04,-77.78,0.09,,0.15
538464,Thirani Projects,3.48,14.96,7.03,0.00,0.06,-88.24,0.28,16.67,5.92
530207,Brawn Biotech,23.39,7.47,7.02,0.00,0.58,218.37,1.98,-12.39,0.00
530571,Explicit Finance,7.56,,7.01,0.00,-0.15,-400.00,0.67,-71.61,-0.13
511463,Alexander Stamps,7.50,,6.98,0.00,-0.01,75.00,0.06,-50.00,-0.06
544188,Magenta Life,10.15,58.08,6.97,0.00,0.13,160.00,8.99,107.14,3.60
530565,Popees Cares,11.47,,6.96,0.00,-0.05,16.67,0.00,,
524628,Parker Agrochem,14.54,8.08,6.95,0.00,0.33,120.00,1.36,-88.03,23.07
543545,Veerkrupa Jewel,0.53,40.88,6.95,0.00,0.14,-22.22,34.86,66.08,0.55
531456,Minaxi Textiles,1.40,3.87,6.92,0.00,0.37,-47.89,6.21,0.32,21.59
535205,Mystic Electron.,3.50,24.71,6.92,0.00,0.31,-63.95,0.00,,0.87
511441,Guj. Credit Corp,23.05,86.50,6.92,0.00,0.50,308.33,0.00,,0.07
530271,Rich Universe,9.50,8.72,6.89,0.00,0.15,350.00,0.21,,5.59
539119,Jain Marmo Inds,22.00,229.67,6.89,0.00,0.01,109.09,0.47,67.86,2.95
541299,Dr Lalchand. Lab,7.97,114.67,6.88,0.00,-0.13,-148.15,2.13,-8.58,0.79
PADMALAYAT,Padmalaya Tele.,4.03,,6.85,0.00,-0.28,-154.55,0.00,,-3.36
535514,Prime Capital Ma,6.85,,6.85,0.00,-1.51,-392.00,29.83,355.42,-4.73
531352,Peeti Securities,18.25,85.50,6.84,0.00,0.09,175.00,7.04,-1.26,0.95
535910,Money Masters,0.68,18.97,6.83,0.00,0.13,-38.10,0.42,-26.32,1.64
539662,BFL Asset Finves,6.67,,6.81,0.00,-8.36,-185.32,-0.13,-103.07,-22.79
530173,Oscar Global,20.58,,6.79,0.00,-0.04,42.86,0.00,,-3.76
519353,Bansisons Tea,10.70,,6.77,0.00,-5.34,-10580.00,0.10,,-162.24
540267,Flora Corporatio,7.72,21.74,6.74,0.00,4.20,-61.75,26.15,-47.30,6.22
519214,Williamson Fin.,8.02,,6.70,0.00,0.35,106.90,0.00,,-5.80
539596,Delta Industrial,12.43,,6.70,0.00,-0.07,-16.67,0.00,,-0.42
507609,Olympic Oil Ind.,23.45,,6.68,0.00,-0.06,14.29,0.00,,-0.26
505502,PS IT Infra,1.24,,6.67,0.00,-0.25,-208.70,9.40,,-3.68
526115,Manor Estates,8.00,,6.59,0.00,-0.17,5.56,0.00,,
538897,SHRI NIWAS L& F.,12.12,0.01,6.59,0.00,9.86,100.85,0.49,188.24,195.35
543289,Kuberan Global,31.27,,6.59,0.00,-0.19,17.39,0.00,-100.00,-19.76
504378,Nyssa Corp.,2.19,,6.57,0.00,-12.82,-326.74,0.00,100.00,-45.80
512415,Mercury Trade Li,4.83,657.00,6.57,0.00,5.32,1464.10,96.64,12.59,0.58
501311,Jayabharat Cred.,13.10,,6.55,0.00,-0.28,17.65,0.00,,
536965,B P Capital,10.90,,6.55,0.00,-0.05,-25.00,0.00,,-3.07
531944,Lexoraa Ind,16.65,327.00,6.54,0.00,0.15,600.00,10.27,302.75,
531671,Karnawati Innovation,1.21,1.74,6.54,0.00,1.85,18600.00,71.47,,20.72
538319,GCM Capital,3.86,26.16,6.54,0.00,-0.31,100.81,1.10,-19.12,0.92
519367,Transglobe Foods,451.25,,6.54,0.00,0.12,-7.69,0.18,0.00,5.88
519014,Prashant India,15.35,,6.51,0.00,-0.92,-3033.33,0.05,-37.50,-30.15
537709,Shree Hanuman Sg,3.52,,6.51,0.00,-0.20,23.08,0.00,,-0.43
530771,KLG Capital,20.26,,6.48,0.00,-0.04,42.86,0.00,-100.00,-458.53
544056,Sahara Maritime,21.00,8.27,6.45,0.00,0.84,47.37,11.14,-36.16,8.46
531989,Deccan Polypacks,30.40,,6.43,0.00,-0.06,79.31,0.00,,-400.00
531913,Castora Agri Commodities,13.03,,6.41,0.00,0.10,350.00,0.11,-84.72,0.67
539406,Swagtam Trading,53.25,57.64,6.34,0.00,0.05,162.50,1.32,20.00,2.14
531460,Cont. Controls,10.30,16.66,6.33,0.00,0.52,5100.00,0.55,,-5.76
532113,Brijlaxmi Leas.,9.79,9.59,6.33,0.00,0.03,-99.15,0.86,-82.05,6.42
516062,Natl. Plywood,2.57,,6.33,0.00,-0.55,-184.62,2.11,-79.37,
514460,Oswal Yarns,15.75,,6.32,0.00,-0.04,20.00,0.24,-59.32,-3.42
526187,Ashram Online,5.26,,6.31,0.00,-0.01,-200.00,0.14,27.27,0.84
526439,Ambitious Plasto,10.80,41.80,6.27,0.00,0.02,-33.33,4.30,-20.52,67.92
530187,Atharv Enter,3.69,33.00,6.27,0.00,0.05,0.00,0.11,-57.69,1.40
511660,Premium Capital,9.55,313.00,6.26,0.00,-0.09,84.75,0.79,-76.42,33.77
531083,Nihar Info Glob.,5.99,9.03,6.23,0.00,0.03,100.88,3.73,-10.55,10.05
541890,Space Incubatric,0.18,,6.23,0.00,-9.70,-19500.00,10.63,,0.35
543541,Sailani Tours N,13.25,24.92,6.23,0.00,0.10,0.00,11.81,11.52,5.25
511451,Dharani Finance,12.36,11.22,6.17,0.00,0.13,-31.58,0.33,-13.16,8.21
530985,JPT Securities,20.45,,6.15,0.00,-0.09,59.09,0.00,-100.00,-976.81
509038,Voltaire Leasing,14.91,614.00,6.14,0.00,-0.09,78.57,0.19,11.76,0.06
531991,Amraworld Agrico,0.51,,6.14,0.00,-0.01,97.37,0.00,,-9.96
532825,Jagjanani Text.,3.90,,6.08,0.00,-0.04,-33.33,0.00,,
513721,MFS Intercorp,13.99,,6.04,0.00,0.19,2000.00,0.26,271.43,-0.64
531272,Nikki Glob.Fin.,17.57,12.27,6.01,0.00,0.22,540.00,0.26,,13.05
531314,Integra Capital,12.77,13.98,6.01,0.00,-0.29,-16.00,-0.34,-47.83,9.36
524752,Decipher Labs,5.95,,6.01,0.00,-0.36,91.24,3.60,2.86,-16.67
539593,Shivansh Finserv,9.61,13.95,6.00,0.00,-0.04,-100.00,0.04,,7.00
535204,Mukta Agricultur,2.76,22.15,5.98,0.00,0.29,141.67,0.00,,1.21
531155,Epsom Properties,8.00,,5.96,0.00,-0.18,-12.50,0.00,,-340.00
516020,Agio Paper,3.68,,5.94,0.00,-0.40,-2.56,0.00,,-201.55
GRADIENTE,Gradiente Info.,2.64,1.39,5.94,0.00,1.33,13200.00,17.29,2116.67,1.30
ORTEL,Ortel Commu.,1.80,,5.94,0.00,-9.31,-278.46,10.47,-42.41,-13.42
542765,Transpact Enter.,153.60,66.00,5.94,0.00,0.04,-20.00,0.09,12.50,14.04
531051,Vintage Secur.,16.15,49.33,5.92,0.00,0.16,100.00,0.00,,0.95
543804,Amanaya Ventures,15.80,28.14,5.91,0.00,0.04,100.00,70.03,248.75,5.54
526494,Promact Plastics,9.05,,5.89,0.00,-0.25,-256.25,0.00,-100.00,-207.14
512344,Aravali Sec,3.88,,5.88,0.00,-0.04,55.56,0.00,,4.49
526525,Worldwide Alumi.,17.81,45.00,5.85,0.00,0.04,233.33,18.38,-37.38,2.89
538569,Triveni Enterpri,1.02,41.71,5.84,0.00,0.05,155.56,0.00,-100.00,1.77
539982,Advance Syntex,5.25,,5.83,0.00,-0.01,0.00,0.00,,-5.26
526574,Enterprise Intl.,19.50,,5.82,0.00,0.04,200.00,0.00,-100.00,-0.15
531334,Vikalp Securitie,19.02,,5.80,0.00,-0.03,95.24,0.00,,-4.72
543436,Wherrelz IT,148.75,26.36,5.80,0.00,-0.01,99.89,6.86,192.08,0.52
532745,Inditrade Cap.,2.48,,5.79,0.00,-96.08,-3238.02,-10.25,-124.96,-31.28
531681,Amerise BioScie,0.87,287.50,5.75,0.00,0.06,-45.45,0.08,-57.89,0.37
531288,Lead Financial S,17.32,57.20,5.72,0.00,-0.03,-400.00,0.10,-37.50,3.10
534659,Jointeca Educati,5.70,,5.71,0.00,-0.70,-2.94,0.06,-50.00,-26.83
526813,Raghunath Intl.,11.39,5.43,5.70,0.00,0.11,-50.00,0.00,,7.84
531794,Seshachal Tech.,81.82,284.00,5.68,0.00,-0.09,0.00,5.55,302.17,1.58
526133,Supertex Inds.,5.00,35.44,5.67,0.00,0.03,104.00,8.32,-22.39,5.53
531387,Hasti Finance,5.22,,5.66,0.00,-1.73,78.62,0.03,-72.73,-52.05
503675,Wagend Infra,1.20,188.67,5.66,0.00,0.02,118.18,0.78,,0.50
542923,Tranway21 Tech.,5.34,62.89,5.66,0.00,-0.66,-214.29,2.15,-16.99,1.41
530931,Stanpacks(India),9.25,,5.64,0.00,-0.13,-160.00,7.88,3.55,4.48
521054,Kakatiya Textile,9.60,,5.58,0.00,-2.09,-689.66,8.19,2.25,19.03
SETUINFRA,Setubandhan Inf.,0.44,,5.53,0.00,-0.47,-161.04,0.00,-100.00,-1.28
LAKPRE,Lak. Prec. Screw,5.05,,5.52,0.00,-12.66,30.21,51.35,-16.37,0.28
533110,Shree Precoated,13.32,,5.51,0.00,-0.14,6.67,0.00,,
542176,Aryan Share,18.36,3.03,5.51,0.00,-0.48,-242.86,-0.08,-33.33,10.36
530443,Kiran Syntex,12.95,,5.50,0.00,-0.08,-700.00,5.88,591.76,0.00
519191,Retro Green,1.44,39.07,5.47,0.00,-0.02,88.89,0.07,-90.00,0.36
512097,Saianand Commer.,0.24,25.95,5.45,0.00,-0.93,-69.09,-0.71,-261.36,0.80
538351,A F Enterprises,1.62,,5.42,0.00,-0.14,6.67,5.64,370.00,-2.24
511734,Pasupati Fincap,11.52,,5.41,0.00,-0.07,-75.00,0.00,,
506543,M P Agro Inds.,9.30,77.14,5.40,0.00,0.04,300.00,0.00,,1.34
512481,Polytex India,4.00,,5.40,0.00,-0.03,-50.00,0.00,,-5.26
526877,Siddhes. Garment,16.30,270.00,5.40,0.00,0.03,50.00,0.00,,0.09
539835,Superior Finleas,1.80,108.00,5.40,0.00,0.02,125.00,0.11,10.00,0.12
526883,Shikhar Cons.,11.87,,5.39,0.00,-0.02,-100.00,0.00,,-4.01
514378,Yarn Syndicate,14.27,,5.35,0.00,0.90,221.43,2.73,-91.64,3.77
503772,Modella Woollens,58.43,,5.32,0.00,-0.04,20.00,0.00,,
538952,Abhinav Leasing,1.05,7.95,5.25,0.00,-0.32,-28.00,2.00,-23.37,9.76
530663,Goyal Associates,0.99,,5.24,0.00,-0.39,-400.00,0.38,-22.45,-4.36
531515,Mahan Industries,11.63,104.60,5.23,0.00,0.21,290.91,2.36,637.50,1.26
531370,Sparc Electrex,5.13,,5.22,0.00,-2.77,-68.90,0.00,-100.00,-28.46
526905,Padmanabh Inds.,8.55,19.26,5.20,0.00,0.01,150.00,1.10,816.67,17.39
531465,Nouveau Global,0.28,,5.19,0.00,-0.12,-9.09,0.00,,-2.28
540159,Purple Agrotech Industries,6.00,32.44,5.19,0.00,-0.01,-200.00,20.00,,3.36
526839,Shelter Infra,14.51,,5.18,0.00,-0.04,-200.00,0.55,-8.33,-0.07
532340,Omni Ax's,3.01,,5.18,0.00,-0.06,-200.00,0.00,,-0.52
538993,Purohit Const.,11.76,,5.18,0.00,-0.10,-600.00,0.00,-100.00,-20.48
530581,Ekam Leasing,8.58,,5.15,0.00,-3.49,-453.97,0.00,-100.00,-52.83
517399,VXL Instruments,3.85,,5.13,0.00,-0.16,-112.50,0.00,,
513460,Mahalaxmi Seam.,9.67,,5.11,0.00,-0.33,-571.43,0.51,13.33,15.07
BGLOBAL,Bharatiya Glob.,3.21,1.79,5.09,0.00,2.47,165.48,0.33,32.00,-1.03
530921,Integ. Thermopl.,8.08,1.02,5.08,0.00,8.81,3046.43,0.46,-68.92,
532378,Universal Arts,5.10,50.80,5.08,0.00,-0.08,-60.00,0.00,,2.21
539800,CHD Chemicals,5.02,,5.07,0.00,-0.02,-128.57,1.53,6.25,-0.36
519174,Ashiana Agro Ind,11.00,101.20,5.06,0.00,0.02,0.00,0.22,15.79,2.69
500426,UTL Industries,1.52,83.50,5.01,0.00,-0.03,25.00,0.03,50.00,1.44
530755,Coral Newsprints,9.91,,5.01,0.00,0.17,168.00,0.13,,
526983,Ashoka Refinerie,14.74,,5.01,0.00,-0.04,20.00,0.01,,-6.00
539278,Symbiox Investme,1.60,33.40,5.01,0.00,0.01,103.33,0.83,-33.60,0.66
504356,Multipurpose Trd,9.97,,4.94,0.00,0.04,-20.00,0.08,-11.11,4.00
543579,Naturo Indiabull,2.61,,4.92,0.00,-0.20,-140.82,0.00,-100.00,
513513,Aditya Ispat,9.15,,4.90,0.00,-5.11,-796.49,9.37,14.69,-36.24
531496,Omkar Overseas,9.70,,4.85,0.00,-0.05,-150.00,0.00,,-3000.00
542206,Nivaka Fashions,0.47,,4.83,0.00,-3.61,-1604.17,0.04,-97.01,-59.20
534190,Olympic Cards,2.95,,4.81,0.00,-1.55,-66.67,1.86,-35.19,-4.16
PERFECT,Perfect Infraeng,2.75,5.87,4.81,0.00,0.71,-49.29,2.66,-41.41,0.92
526225,Bloom Dekor,7.01,,4.80,0.00,-0.23,36.11,1.38,35.29,-19.65
539544,Abhishek Infra.,9.49,,4.79,0.00,-0.05,16.67,0.00,,-4.83
CMICABLES,CMI,2.98,,4.78,0.00,-2.85,65.79,13.46,-53.71,-4.24
531283,Cindrella Fin.,11.50,59.75,4.78,0.00,-0.06,-700.00,0.02,-33.33,0.46
543798,Patron Exim,2.06,,4.78,0.00,-1.10,-443.75,0.49,-97.99,-2.71
523113,Futuristic Sec.,24.45,,4.77,0.00,-0.02,-100.00,0.02,0.00,0.00
542918,Gian Lifecare,4.60,,4.76,0.00,0.10,-71.43,1.12,-29.56,2.40
531433,Sungold Capital,2.58,237.50,4.75,0.00,0.01,-75.00,0.39,-9.30,0.35
530917,R R Securities,15.75,,4.75,0.00,-0.15,-1600.00,0.00,,-1.23
511728,K Z Leasing,15.50,,4.71,0.00,0.60,9.09,0.09,-47.06,4.87
543500,Evoq Remedies,1.89,,4.71,0.00,-0.29,-116.96,0.00,-100.00,-0.56
531300,Amit Internation,2.45,,4.64,0.00,-0.21,-450.00,0.00,,-0.76
521188,United Textiles,15.43,,4.63,0.00,-1.76,-17500.00,-0.01,-100.58,-12.69
538542,Goldcoin Health,30.33,,4.55,0.00,-0.09,-325.00,0.02,0.00,-2.23
539096,Aananda Lakshmi,13.00,2.76,4.55,0.00,0.29,-83.39,0.64,-56.46,
539200,Noble Polymers,6.97,,4.52,0.00,-1.69,-525.93,0.00,,-26.44
542025,Sun Retail,0.29,,4.50,0.00,-0.12,40.00,8.62,51.76,-0.77
539495,Rajkot Inv.Trust,44.81,34.46,4.48,0.00,-0.13,-285.71,0.11,-31.25,0.55
532354,Virgo Global,4.26,,4.47,0.00,0.82,32.26,0.92,,-33.09
526795,Mahasagar Travel,5.60,19.13,4.40,0.00,0.11,-83.82,9.37,-5.26,15.82
511401,Munoth Commun.,4.54,,4.38,0.00,-0.24,58.62,0.00,,-2.31
530889,AUDROC,6.74,24.33,4.38,0.00,0.82,315.79,2.50,,0.53
540515,Kanungo Financi.,9.40,6.92,4.36,0.00,0.39,457.14,0.00,,8.44
539405,Decorous Investm,12.49,107.75,4.31,0.00,-0.02,-150.00,0.00,-100.00,3.87
513579,Foundry Fuel,5.36,,4.30,0.00,-0.12,0.00,0.00,,
538731,Hanman Fit,4.09,,4.29,0.00,-0.09,70.00,0.11,266.67,-6.79
542377,Aar Shyam (I),14.24,,4.27,0.00,-0.07,89.71,0.02,-50.00,-23.85
531444,Vardhman Concr.,5.91,,4.23,0.00,-0.02,-102.67,0.00,,-2.33
513397,Vallabh Steels,8.51,,4.21,0.00,-0.29,21.62,0.00,,-4.94
538674,City Online Ser.,8.16,,4.21,0.00,-0.15,-66.67,1.89,21.94,-92.31
501144,Peoples Invest,208.05,,4.16,0.00,-0.01,50.00,0.00,,0.00
538465,Amarnath Sec.,13.79,,4.14,0.00,-5.33,-8983.33,0.00,-100.00,-202.34
500248,Krishna Fil. Ind,5.29,103.00,4.12,0.00,0.10,600.00,0.00,,0.00
531812,SGN Telecoms,0.51,,4.12,0.00,-0.04,-300.00,0.00,,-115.00
531668,Vision Corpn.,2.06,,4.11,0.00,-0.06,-101.47,0.00,-100.00,-7.01
531420,BMB Music,6.75,25.56,4.09,0.00,-0.16,-114.81,0.90,50.00,6.41
530611,Sturdy Industrie,0.27,,4.08,0.00,-0.24,83.56,0.00,-100.00,-10.90
514414,Oxford Industrie,6.86,7.83,4.07,0.00,-0.09,0.00,0.00,-100.00,
544173,Finelistings Tec,11.18,,4.07,0.00,-1.46,42.29,1.47,-79.97,-23.15
505032,Auto.Prod.India,6.48,,4.03,0.00,-0.24,64.71,0.04,0.00,-23.53
530093,ACE EduTremd Ltd,4.39,,4.02,0.00,-0.03,0.00,0.00,,-1.25
530439,Siddha Ventures,4.00,,4.00,0.00,1.08,129.79,0.00,,-0.34
522171,TMT (I),8.05,,3.99,0.00,0.07,129.17,0.05,,-22.22
539402,Naksh Precious,3.79,,3.99,0.00,-0.59,-1280.00,0.34,-33.33,-8.51
513452,Elango Industrie,10.30,,3.93,0.00,-0.05,16.67,0.00,-100.00,-3.51
531568,Tridev Infra.,6.00,,3.92,0.00,-0.02,-300.00,0.03,-25.00,0.00
504369,Grandma Trading,0.30,,3.92,0.00,0.07,187.50,0.38,660.00,-29.79
531396,Pagaria Energy,9.00,,3.91,0.00,-0.37,-840.00,0.00,,-3.08
532645,Beeyu Overseas,2.76,,3.90,0.00,-0.01,-200.00,0.00,,-66.67
526865,Jainco Projects,3.90,390.00,3.90,0.00,0.00,-100.00,0.30,-44.44,2.49
530547,KEN Fin.Serv.,12.66,8.84,3.80,0.00,0.22,2100.00,0.15,-11.76,6.36
531039,Swadha Nature,9.21,,3.77,0.00,-0.06,-20.00,0.00,,-17.61
530795,Suncity Synth.,7.60,,3.76,0.00,-0.06,-700.00,0.32,3100.00,
533019,Simplex Papers,1250.00,,3.75,0.00,-0.02,50.00,0.00,,-31.88
QUINTEGRA,Quintegra Soln.,1.39,,3.73,0.00,-0.01,,0.00,,-34.04
539673,Radhagobind Comm,2.57,,3.70,0.00,-0.12,-33.33,0.00,,
526967,Heera Ispat,6.25,,3.68,0.00,-0.02,95.35,0.00,,-39.02
531458,Boston Commerce,5.24,,3.67,0.00,-0.65,-32.65,0.00,-100.00,0.11
531925,52 Weeks Enter.,1.05,33.27,3.66,0.00,0.22,833.33,0.00,,0.61
543536,Silver Pearl,4.64,30.33,3.64,0.00,0.04,128.57,0.03,-87.50,1.26
531686,MPS Pharmaa,1.90,,3.63,0.00,-0.36,-28.57,0.00,,-13.14
530733,Encode Packaging,11.41,,3.60,0.00,0.00,100.00,0.00,,0.00
531692,Khyati Multimed.,3.31,18.79,3.57,0.00,0.30,114.29,0.51,,15.23
544156,Gconnect Logitec,9.50,16.05,3.53,0.00,0.06,-45.45,1.53,-28.50,3.48
532444,T. Spiritual,1.76,,3.52,0.00,-0.04,0.00,0.00,,-13.65
543366,SBL Infratech,43.44,22.00,3.52,0.00,0.10,-37.50,30.73,95.61,4.18
531716,Tricom Fruit,1.84,,3.51,0.00,-0.07,,0.00,,
524504,Revati Media,11.62,,3.49,0.00,-0.11,-57.14,0.00,,-10.63
539486,Geetanjali Cred.,7.73,20.12,3.42,0.00,0.15,1600.00,0.20,,0.63
541627,Gujarat Winding,7.00,,3.40,0.00,-0.49,-1533.33,0.02,,-21.78
532303,Integ. Hitech,3.36,,3.36,0.00,-0.06,97.89,0.00,,
537582,Unishire Urban,1.38,,3.36,0.00,-0.30,-50.00,15.38,-30.28,-1.32
531929,Innocorp,4.22,,3.35,0.00,-0.02,91.30,0.00,,0.00
531867,Unitech Internat,3.30,,3.33,0.00,-0.34,94.04,0.00,100.00,-536.59
533268,Sea TV Network,2.75,6.37,3.31,0.00,0.14,-54.84,2.79,-20.29,
537573,Polymac Thermof.,6.84,327.00,3.27,0.00,-0.33,67.00,8.70,85.11,1.89
513687,Spectra Industri,4.55,,3.22,0.00,-1.23,16.89,0.00,,-40.85
531769,PFL Infotech,4.30,,3.22,0.00,-0.02,90.91,0.00,,
539434,Brilliant Port.,10.26,4.97,3.18,0.00,0.27,50.00,1.05,17.98,8.36
524031,Patidar Buildcon,5.55,,3.05,0.00,-0.14,17.65,0.09,-70.97,-1.19
511585,Befound Movement,3.04,304.00,3.04,0.00,-0.24,-147.06,1.10,-12.00,3.00
539026,SSPN FINANCE,7.81,296.00,2.96,0.00,0.01,,0.15,-6.25,1.71
526941,Vaishno Cement,3.26,,2.92,0.00,-0.03,-127.27,0.00,,-104.17
532139,G-Tech Info.,8.25,289.00,2.89,0.00,0.03,400.00,0.00,,8.00
535917,GCM Commodity,3.80,,2.82,0.00,-1.22,74.15,0.04,,-69.37
531219,Shyama Computro.,2.75,25.18,2.77,0.00,0.02,-77.78,0.06,-14.29,1.47
539911,Svarnim Trade Ud,11.00,,2.67,0.00,-0.01,88.89,0.00,,
506945,Indo Gulf Inds.,2.71,,2.59,0.00,1.09,673.68,54.02,-24.31,2.92
508860,Diamant Infra.,0.73,,2.57,0.00,-0.10,-600.00,0.00,,0.15
526823,Rajeswari Infra.,4.64,,2.57,0.00,-0.04,,0.00,,
501630,Anand Proj.,26.98,,2.51,0.00,-3.06,-206.00,0.30,0.00,
RAJVIR,Rajvir Inds.,6.23,,2.49,0.00,-8.52,2.29,6.45,-15.91,
539099,Athena Construc.,3.32,,2.49,0.00,-0.31,22.50,0.00,,-3.90
532403,Fourth Gen.,6.86,,2.44,0.00,-0.18,-125.00,0.00,-100.00,-10.98
JALAN,Jalan Transol.,1.65,48.00,2.40,0.00,-0.03,100.34,1.35,419.23,
539819,Mudra Fin Ser,4.73,14.81,2.37,0.00,0.08,157.14,0.19,-5.00,0.75
543613,Mafia Trends,5.29,5.00,2.35,0.00,0.03,-90.62,5.08,-4.87,7.62
519279,Madhur Inds,5.72,,2.34,0.00,-0.02,92.59,0.00,,-4.51
531207,Cresanto Global,4.88,,2.08,0.00,-0.24,-442.86,0.00,,
512197,Silveroak Comm,7.02,,1.93,0.00,-0.14,84.62,0.00,-100.00,-77.32
532336,Baron Infotech,1.81,,1.85,0.00,-0.09,83.02,0.00,-100.00,-7.55
507663,Signature Green,4.99,9.00,1.80,0.00,-0.16,-260.00,0.03,,2.03
538765,JLA Infraville,2.59,,1.68,0.00,-0.11,-164.71,0.00,,-1.41
543400,Omnipotent,2.45,,1.48,0.00,-0.33,91.34,0.00,-100.00,-2.11
505100,India Radiators,15.87,,1.43,0.00,-0.24,33.33,0.02,0.00,
531499,Sybly Industries,1.52,,1.39,0.00,-0.02,-100.58,0.00,,-1.54
517230,Aurique,9.12,1.95,1.19,0.31,0.06,127.27,1.05,,
542155,Diksha Greens,1.08,,1.07,0.00,-1.48,-0.68,0.00,,